lead_key,lead_number,converted_flag,lead_score,lead_score_decile
173,642798,1,82.15,2
174,642724,0,32.86,5
175,641584,0,3.73,9
176,641523,0,5.09,9
177,633882,1,24.49,6
178,628607,0,32.86,5
179,625892,1,87.95,2
180,625767,0,3.06,9
181,624700,1,22.01,6
182,622204,1,76.24,3
183,621044,0,5.67,8
184,619035,1,19.89,6
185,614906,1,97.47,1
186,612780,1,46.03,4
187,611906,0,1.99,10
188,611640,1,98.72,1
189,605056,0,8.45,8
190,601880,1,95.44,1
191,601514,1,89.96,2
192,596002,1,76.47,3
193,595243,1,70.58,3
194,595178,1,97.69,1
195,593374,1,87.58,2
196,593121,1,47.92,4
197,588327,0,4.81,9
198,587481,0,1.99,10
199,586799,1,77.75,3
200,585775,0,50.05,4
201,583509,0,5.67,8
202,582406,0,6.5,8
203,580165,0,39.17,5
204,660203,0,3.73,9
205,656176,1,91.13,2
206,649293,1,54.21,4
207,647985,0,2.68,10
208,647667,0,3.36,9
209,644076,1,63.02,4
210,643938,1,96.85,1
211,640799,1,87.49,2
212,639020,1,82.37,2
213,636899,1,79.3,2
214,636722,1,82.94,2
215,633778,1,17.72,6
216,630952,0,40.55,5
217,629976,0,1.83,10
218,629932,0,31.29,5
219,629751,1,15.89,6
220,626860,1,78.96,3
221,620157,1,95.44,1
222,619558,0,44.7,4
223,617811,1,94.98,1
224,613553,0,28.23,5
225,609170,0,1.99,10
226,609051,1,20.06,6
227,606513,0,15.67,6
228,606155,0,25.97,5
229,606102,0,2.39,10
230,604900,0,79.11,2
231,603154,0,16.82,6
232,603114,0,9.84,7
233,601226,1,36.3,5
234,600414,0,81.77,2
235,600337,0,6.37,8
236,598481,0,59.96,4
237,597723,1,98.07,1
238,597284,1,16.02,6
239,597276,0,1.99,10
240,595632,1,76.46,3
241,593309,1,72.55,3
242,592745,0,21.28,6
243,592087,1,97.2,1
244,591572,1,30.8,5
245,589807,1,80.95,2
246,589038,0,1.83,10
247,586870,1,90.15,2
248,586593,1,5.67,8
249,584579,0,8.19,8
250,583940,1,91.01,2
251,583446,0,29.38,5
252,582097,0,87.56,2
253,581723,0,19.65,6
254,581416,1,32.86,5
255,658029,0,12.82,7
256,655375,1,36.27,5
257,654218,0,16.23,6
258,654115,1,10.62,7
259,652178,1,77.03,3
260,644023,0,1.83,10
261,643173,0,2.27,10
262,641668,0,19.35,6
263,641213,0,12.83,7
264,639224,0,13.14,7
265,636884,1,86.81,2
266,636435,0,3.51,9
267,635587,1,71.66,3
268,634237,1,94.32,1
269,629355,1,95.83,1
270,627234,1,79.56,2
271,625541,0,3.73,9
272,624925,0,5.61,9
273,622698,0,27.67,5
274,622097,1,70.58,3
275,620900,0,8.37,8
276,619183,0,22.94,6
277,617934,1,36.11,5
278,614066,0,50.48,4
279,610131,1,70.58,3
280,609620,1,76.46,3
281,606475,0,1.93,10
282,603589,0,4.52,9
1,655403,0,2.57,10
2,654491,0,5.67,8
3,654471,1,86.58,2
4,654179,0,5.79,8
5,653987,0,4.08,9
6,651869,0,17.65,6
7,649851,0,24.31,6
8,649135,0,15.89,6
9,647981,0,43.06,4
10,645128,1,51.42,4
11,643208,0,1.99,10
12,636666,0,11.07,7
13,635018,1,96.16,1
14,633842,1,86.81,2
15,631390,1,30.8,5
16,631121,0,23.44,6
17,630824,0,4.58,9
18,628661,0,1.99,10
19,628411,0,2.97,9
20,628320,1,88.61,2
21,627490,0,12.04,7
22,624715,1,67.9,3
23,620376,1,74.64,3
24,619268,0,1.98,10
25,617854,1,48.77,4
26,616885,0,1.99,10
27,615769,1,94.85,1
28,612233,0,48.6,4
29,611999,0,82.06,2
30,611935,0,9.39,7
31,611380,1,70.58,3
32,609169,0,2.54,10
33,608758,0,47.58,4
34,604317,0,1.64,10
35,604007,1,95.47,1
36,602044,0,21.36,6
37,600817,0,39.09,5
38,600599,0,13.83,7
39,597346,0,79.41,2
40,597205,0,3.09,9
41,593570,0,12.24,7
42,592415,1,71.97,3
43,591531,0,1.99,10
44,590421,0,68.02,3
45,589731,0,4.27,9
46,589558,1,93.88,1
47,587887,1,93.17,1
48,585740,0,2.86,9
49,584591,0,5.83,8
50,582875,0,71.66,3
51,580232,1,71.14,3
52,657951,0,54.95,4
53,656072,0,7.74,8
54,650591,0,2.4,10
55,647990,1,65.38,4
56,639333,1,96.42,1
57,638481,0,7.11,8
58,633375,0,3.34,9
59,632303,1,97.32,1
60,628832,0,1.83,10
61,628577,0,2.14,10
62,622036,0,17.15,6
63,620632,0,1.53,10
64,615753,0,35.47,5
65,613858,1,71.14,3
66,613545,1,82.96,2
67,609576,1,86.86,2
68,609387,0,15.51,6
69,604992,1,68.4,3
70,604229,1,90.27,2
71,599467,1,52.94,4
72,597579,1,79.5,2
73,597323,1,85.99,2
74,596440,0,17.51,6
75,595973,0,5.69,8
76,595777,1,16.2,6
77,592929,0,4.74,9
78,587905,1,92.07,1
79,586883,0,8.12,8
80,586359,0,3.45,9
81,586071,0,10.21,7
82,585381,0,69.46,3
83,584415,0,1.99,10
84,583130,0,13.36,7
85,581136,1,93.83,1
86,658264,1,87.9,2
87,656682,0,7.82,8
88,654246,1,73.88,3
89,653761,1,87.72,2
90,642544,0,1.99,10
91,642182,0,7.82,8
92,638374,1,9.94,7
93,637062,0,1.66,10
94,635337,0,4.49,9
95,633166,1,70.58,3
96,633014,0,2.66,10
97,629853,0,1.99,10
98,629449,1,52.62,4
99,620463,0,20.9,6
100,615065,0,5.67,8
101,614077,1,97.7,1
102,610684,0,7.89,8
103,608369,0,8.22,8
104,608212,1,41.52,4
105,605788,0,3.07,9
106,605175,0,8.19,8
107,601458,0,32.86,5
108,600690,0,25.07,5
109,600596,0,1.99,10
110,596808,0,13.96,6
111,596564,0,29.45,5
112,593857,0,6.19,8
113,592773,1,62.39,4
114,589305,1,96.9,1
115,584730,1,65.47,4
116,582589,0,15.32,6
117,660478,0,7.2,8
118,656880,1,96.48,1
119,645431,0,2.95,9
120,641633,0,16.63,6
121,640972,1,70.58,3
122,636806,1,83.95,2
123,630775,1,85.83,2
124,625835,0,7.59,8
125,623507,0,58.47,4
126,621269,1,81.99,2
127,619271,0,11.17,7
128,615326,0,2.87,9
129,607939,0,3.05,9
130,607690,1,87.06,2
131,605394,1,20.13,6
132,604730,1,79.08,2
133,599539,1,32.86,5
134,598828,0,22.91,6
135,598302,1,76.12,3
136,594108,1,86.63,2
137,594031,1,97.8,1
138,590099,0,5.94,8
139,585344,0,7.32,8
140,580444,0,28.84,5
141,579869,0,77.88,3
142,660030,0,7.12,8
143,655154,0,32.86,5
144,654099,1,1.99,10
145,653985,0,12.24,7
146,653893,0,10.95,7
147,642403,1,63.8,4
148,642205,1,97.47,1
149,641424,0,13.82,7
150,637079,0,6.53,8
151,631984,0,15.08,6
152,628062,0,1.99,10
153,621856,1,98.06,1
154,620170,0,6.16,8
155,619421,0,9.77,7
156,618414,1,12.25,7
157,615582,1,21.32,6
158,608529,0,5.39,9
159,601975,0,1.99,10
160,600740,0,3.99,9
161,599423,1,95.44,1
162,593392,0,53.53,4
163,592740,0,32.86,5
164,590900,1,86.97,2
165,586524,1,32.86,5
166,586357,0,14.37,6
167,583520,0,32.86,5
168,583025,1,70.58,3
169,659676,0,9.54,7
170,653452,0,71.66,3
171,651363,0,17.6,6
172,651037,0,1.03,10
283,603582,0,14.05,6
284,592406,0,10.56,7
285,592004,0,37.49,5
286,591315,0,12.58,7
287,590775,0,10.31,7
288,587777,0,83.8,2
289,584774,1,96.53,1
290,582750,0,1.14,10
291,582683,1,41.63,4
292,582600,0,22.73,6
293,582566,0,11.76,7
294,582133,1,70.58,3
295,581211,1,86.78,2
296,580911,1,3.78,9
297,657968,1,22.67,6
298,657225,1,21.39,6
299,655520,1,94.19,1
300,654809,0,4.3,9
301,649773,1,83.27,2
302,647256,0,8.91,7
303,646662,1,92.0,1
304,644691,0,14.06,6
305,640909,0,13.83,7
306,640576,1,31.01,5
307,639460,0,35.98,5
308,637315,0,36.99,5
309,634868,0,40.34,5
310,633910,1,98.1,1
311,633399,0,4.65,9
312,630168,0,58.38,4
313,629644,0,5.54,9
314,629483,0,96.09,1
315,628658,1,76.4,3
316,624266,0,5.67,8
317,622143,0,1.99,10
318,621209,1,73.34,3
319,617731,0,8.74,8
320,616598,1,72.33,3
321,615988,0,5.67,8
322,607239,0,12.28,7
323,604688,0,2.17,10
324,603800,0,6.1,8
325,603338,0,8.93,7
326,603107,1,42.66,4
327,601098,0,5.67,8
328,600073,0,3.97,9
329,599583,0,9.63,7
330,598876,0,11.41,7
331,594733,0,32.86,5
332,594521,1,97.04,1
333,594128,0,32.86,5
334,592802,0,11.61,7
335,590847,0,17.12,6
336,588546,0,11.46,7
337,587699,0,5.99,8
620,638014,1,61.62,4
621,637954,1,95.44,1
622,632833,0,5.67,8
623,629297,1,46.03,4
624,623975,0,10.34,7
625,621183,0,73.23,3
626,620553,0,2.5,10
627,620189,1,95.44,1
628,619902,1,92.45,1
629,615885,0,34.41,5
630,608330,1,89.77,2
631,608239,1,70.58,3
632,607467,0,7.82,8
633,607274,1,97.26,1
634,604698,1,47.1,4
635,604585,0,73.12,3
636,604469,1,88.9,2
637,604244,0,3.63,9
638,598010,1,86.71,2
639,595906,0,5.67,8
640,595720,0,65.0,4
641,592597,1,40.57,5
642,589150,0,5.61,9
643,584990,0,8.12,8
644,583564,1,86.81,2
645,582991,1,86.81,2
646,582313,1,79.07,2
647,581040,0,3.43,9
648,656948,1,73.02,3
649,652828,0,3.0,9
650,650408,0,1.99,10
651,645699,0,29.76,5
652,643814,0,16.09,6
653,643281,1,85.66,2
654,642590,0,3.09,9
655,641908,0,14.62,6
656,639109,0,13.52,7
657,639099,1,95.53,1
658,638412,0,88.83,2
659,635849,1,86.03,2
660,634763,0,55.41,4
661,631352,0,4.39,9
662,630423,0,2.14,10
663,629918,0,3.45,9
664,624182,1,13.83,7
665,623627,0,6.02,8
666,621998,0,11.35,7
667,621555,1,95.1,1
668,621284,0,32.86,5
669,620905,0,9.6,7
670,620177,0,70.58,3
671,617860,0,5.68,8
672,616127,0,70.85,3
673,615997,0,73.59,3
674,614042,1,97.7,1
675,611592,0,28.9,5
676,610375,0,92.01,1
677,608150,0,1.73,10
678,607689,0,61.1,4
679,600372,0,13.17,7
680,594848,0,3.49,9
681,591065,0,19.74,6
682,590389,0,9.64,7
683,585475,0,1.99,10
684,580090,1,68.57,3
685,643807,0,35.44,5
686,643343,0,25.44,5
687,642089,0,32.86,5
688,634529,0,11.25,7
689,629342,0,30.8,5
690,627656,1,96.75,1
691,622584,0,5.29,9
692,620550,0,3.11,9
693,617618,0,4.74,9
694,615740,1,91.22,2
695,615069,1,87.58,2
696,611589,1,93.76,1
697,606803,0,65.92,4
698,605423,0,56.31,4
699,603386,0,1.99,10
700,603162,0,7.82,8
701,597338,1,74.52,3
702,592781,0,8.3,8
703,590676,0,4.02,9
704,588605,0,76.8,3
705,588073,0,8.04,8
706,656563,1,97.59,1
707,654116,1,61.31,4
708,647352,0,14.0,6
709,646701,0,1.99,10
710,645441,1,32.86,5
711,643545,0,9.21,7
712,642145,1,88.83,2
713,639296,1,72.26,3
714,639211,1,92.38,1
715,636679,1,78.58,3
716,634847,1,90.99,2
717,632641,0,15.05,6
718,631267,1,84.46,2
719,631018,0,71.64,3
720,630428,1,81.04,2
721,628902,0,4.13,9
722,626060,0,58.97,4
723,623768,0,70.4,3
724,623549,0,3.74,9
725,621535,0,12.0,7
726,617630,0,13.96,6
727,616581,0,13.83,7
728,610208,0,8.53,8
729,608088,0,12.9,7
730,607154,1,98.04,1
731,601883,0,5.67,8
338,584727,1,87.05,2
339,584613,0,15.42,6
340,583427,0,5.61,9
341,582225,0,1.96,10
342,581388,0,6.18,8
343,579538,1,30.97,5
344,657803,0,2.52,10
345,651661,1,90.27,2
346,647982,0,7.93,8
347,647584,1,74.91,3
348,647177,0,3.43,9
349,645099,1,95.69,1
350,641106,1,70.58,3
351,640957,1,58.25,4
352,639895,0,62.48,4
353,639358,0,22.61,6
354,634244,1,95.55,1
355,631155,0,32.37,5
356,630515,0,30.82,5
357,629616,0,2.97,9
358,628756,0,5.67,8
359,626908,0,3.77,9
360,625286,0,4.15,9
361,624623,1,38.94,5
362,618766,0,2.95,9
363,616848,0,32.86,5
364,612509,0,2.23,10
365,611519,0,38.02,5
366,610590,0,5.61,9
367,607069,0,29.18,5
368,605583,0,12.24,7
369,604887,1,97.47,1
370,603156,1,76.93,3
371,595759,0,32.86,5
372,593651,0,59.44,4
373,590922,0,5.67,8
374,586148,1,83.53,2
375,584622,0,26.12,5
376,584568,0,17.46,6
377,659545,0,7.82,8
378,657611,1,85.76,2
379,655682,0,7.89,8
380,654712,0,3.83,9
381,642278,0,30.83,5
382,641468,1,93.23,1
383,640498,0,34.09,5
384,639342,1,86.81,2
385,636831,0,7.82,8
386,631467,1,60.03,4
387,630437,1,70.58,3
388,623381,0,3.05,9
389,620667,0,1.3,10
390,619118,0,14.76,6
391,613711,0,33.66,5
392,612618,1,84.17,2
393,610523,0,7.05,8
394,610391,1,54.95,4
395,609819,0,26.18,5
396,606508,1,99.1,1
397,606276,0,1.99,10
398,605273,1,97.63,1
399,604017,0,11.67,7
400,601382,0,9.99,7
401,599331,0,26.74,5
402,598556,0,83.56,2
403,592340,1,97.51,1
404,590845,1,75.9,3
405,590119,0,1.27,10
406,585703,1,79.41,2
407,659469,0,16.44,6
408,656504,0,29.53,5
409,655497,0,18.21,6
410,655423,1,91.89,1
411,654316,0,11.25,7
412,654278,0,7.45,8
413,653044,0,6.15,8
414,648540,1,8.22,8
415,647125,0,1.99,10
416,646552,0,56.73,4
417,642435,0,5.99,8
418,641734,0,45.96,4
419,638468,0,6.98,8
420,638430,0,2.1,10
421,637839,0,1.99,10
422,634690,1,82.94,2
423,634271,1,70.58,3
424,634047,1,96.26,1
425,631712,1,88.62,2
426,629942,0,1.99,10
427,628064,0,19.15,6
428,627539,1,85.23,2
429,626872,1,70.58,3
430,618952,1,28.09,5
431,617944,0,5.67,8
432,616567,1,67.46,3
433,615481,1,46.03,4
434,613542,1,80.14,2
435,612022,1,16.2,6
436,612006,1,91.86,1
437,608277,0,2.33,10
438,608125,1,94.68,1
439,605698,1,61.29,4
440,605458,0,7.82,8
441,605326,0,7.82,8
442,603672,1,97.47,1
443,601602,0,4.74,9
444,601379,0,7.19,8
445,601249,0,2.9,9
446,596523,0,8.17,8
447,595387,0,5.67,8
448,594743,1,43.86,4
449,593816,0,10.47,7
450,593056,0,11.52,7
451,592438,1,81.78,2
452,591818,0,22.97,6
453,589123,1,80.1,2
454,588843,0,1.47,10
455,585401,0,7.82,8
456,583437,0,6.75,8
457,582344,0,32.86,5
458,581079,0,2.83,9
459,580687,0,21.56,6
460,580662,1,85.11,2
461,580313,0,7.82,8
462,659630,0,42.37,4
463,659411,0,3.18,9
464,657941,1,8.15,8
465,654576,1,72.29,3
466,653924,1,23.27,6
467,652014,1,54.07,4
468,650147,0,9.36,7
469,649862,1,96.31,1
470,649262,1,87.85,2
471,647976,0,2.97,9
472,646231,0,12.04,7
473,644599,0,3.79,9
474,644000,1,92.24,1
475,641375,0,2.82,9
476,638862,0,9.99,7
477,637585,0,9.09,7
478,637388,0,3.18,9
479,637257,0,4.83,9
480,634153,1,36.92,5
481,627210,1,79.31,2
482,626971,1,77.81,3
483,619894,1,77.81,3
484,619310,0,1.99,10
485,616955,0,12.93,7
486,616037,0,71.88,3
487,614205,1,62.25,4
488,612971,1,85.76,2
489,612679,1,98.35,1
490,611599,0,1.47,10
491,611103,0,70.58,3
492,607611,1,68.34,3
493,607159,1,98.04,1
494,604739,0,8.19,8
495,602352,0,32.86,5
496,601171,0,14.54,6
497,597366,1,83.98,2
498,595269,1,18.13,6
499,591509,0,5.16,9
500,590545,0,48.94,4
501,588069,0,18.11,6
502,587477,0,10.01,7
503,585585,0,60.33,4
504,582955,1,72.72,3
505,581641,0,46.03,4
506,580323,1,63.89,4
507,580250,0,2.82,9
508,659644,0,4.13,9
509,657887,0,34.55,5
510,657643,0,1.99,10
511,656939,0,3.47,9
512,656400,0,13.59,7
513,649039,1,97.47,1
514,648834,1,70.58,3
515,645292,1,97.07,1
516,644042,1,97.86,1
517,642764,1,79.41,2
518,640205,1,89.64,2
519,639583,1,83.92,2
520,639019,0,25.98,5
521,633527,0,9.54,7
522,631445,0,3.72,9
523,631346,1,4.76,9
524,631027,1,66.4,4
525,629222,1,70.58,3
526,629073,0,11.85,7
527,627108,0,4.18,9
528,626221,0,1.83,10
529,623733,0,14.76,6
530,620273,1,25.44,5
531,620226,0,7.59,8
532,613275,0,6.82,8
533,612511,0,11.2,7
534,611920,0,15.33,6
535,609268,0,44.05,4
536,608305,1,90.76,2
537,608175,0,2.13,10
538,607531,1,96.87,1
539,605566,0,7.82,8
540,605156,1,94.69,1
541,604307,1,97.6,1
542,603182,0,3.14,9
543,603052,1,72.97,3
544,599958,0,20.84,6
545,598792,1,79.41,2
546,597599,0,2.56,10
547,597575,0,29.46,5
548,595230,1,95.97,1
549,594569,0,5.67,8
550,593203,1,36.52,5
551,593119,1,7.82,8
552,592959,1,71.14,3
553,592449,0,46.56,4
554,591786,1,39.18,5
555,590247,0,2.77,10
556,589885,0,58.03,4
557,588097,0,46.83,4
558,585336,0,14.32,6
559,584573,1,3.66,9
560,582756,1,95.99,1
561,580325,0,31.33,5
562,579545,0,16.02,6
563,654567,1,96.72,1
564,651857,0,1.99,10
565,647082,0,16.9,6
566,646930,0,14.1,6
567,646545,0,5.67,8
568,646189,1,83.09,2
569,639772,0,5.04,9
570,634368,0,4.87,9
571,634018,1,94.85,1
572,633358,0,1.99,10
573,632819,1,13.18,7
574,632358,0,8.18,8
575,631408,1,86.81,2
576,630816,1,70.62,3
577,629940,1,94.56,1
578,629884,1,92.48,1
579,627284,1,70.58,3
580,626800,1,97.3,1
581,625678,0,32.86,5
582,621368,0,7.82,8
583,612248,1,93.16,1
584,611207,1,78.18,3
585,609334,1,90.73,2
586,609203,0,45.47,4
587,608663,0,18.24,6
588,607568,1,46.03,4
589,607470,0,15.09,6
590,606823,0,21.91,6
591,606135,0,5.67,8
592,605218,0,3.17,9
593,600547,0,10.48,7
594,599482,1,79.49,2
595,599127,0,10.39,7
596,598455,1,59.83,4
597,598319,1,81.22,2
598,596798,0,2.08,10
599,596536,0,38.47,5
600,594179,0,6.19,8
601,592372,0,1.99,10
602,590742,0,48.06,4
603,588197,1,27.38,5
604,587671,0,9.03,7
605,587243,1,90.51,2
606,586443,1,87.68,2
607,583741,0,54.95,4
608,580713,1,87.0,2
609,659779,1,60.44,4
610,655159,0,70.24,3
611,654659,0,9.06,7
612,649867,0,21.73,6
613,649138,0,9.54,7
614,646266,0,32.86,5
615,642781,0,11.17,7
616,640177,1,95.55,1
617,639937,0,5.26,9
618,639215,1,56.04,4
619,639055,1,74.03,3
1012,592940,0,5.67,8
1013,591960,1,77.51,3
1014,588111,1,97.7,1
1015,587534,0,2.45,10
1016,587303,0,86.81,2
1017,586771,1,97.74,1
1018,586109,0,5.67,8
1019,586106,0,43.21,4
1020,582338,0,10.6,7
1021,581157,1,40.1,5
1022,659685,0,10.38,7
1023,658627,1,97.28,1
1024,656962,0,6.9,8
1025,655886,0,23.92,6
1026,650507,1,70.63,3
1027,648641,0,3.49,9
1028,647084,0,15.78,6
1029,644343,0,12.86,7
1030,641827,0,37.0,5
1031,640235,0,34.23,5
1032,640032,0,71.28,3
1033,634636,0,5.67,8
1034,631837,0,5.16,9
1035,630623,0,1.99,10
1036,629641,1,97.16,1
1037,627900,1,28.91,5
1038,621477,1,97.47,1
1039,621327,1,87.85,2
1040,618288,1,54.95,4
1041,614845,1,24.65,6
1042,612699,0,24.55,6
1043,609021,1,58.1,4
1044,608143,1,94.85,1
1045,606927,0,23.12,6
1046,606151,0,8.01,8
1047,605086,0,34.83,5
1048,604582,0,7.82,8
1049,604224,0,1.27,10
1050,603465,0,1.29,10
1051,601868,1,89.94,2
1052,601617,0,12.85,7
1053,600736,1,17.33,6
1054,596694,1,39.86,5
1055,595972,0,10.38,7
1056,594984,0,20.37,6
1057,593680,0,3.42,9
1058,592418,0,1.99,10
1059,591756,0,25.83,5
1060,588449,0,70.23,3
1061,587414,0,86.81,2
1062,587366,0,5.67,8
1063,585457,0,20.94,6
1064,584681,1,62.53,4
1065,582994,0,8.74,8
1066,582107,1,75.17,3
1067,581625,1,81.49,2
1068,580992,0,71.02,3
1069,580763,0,1.93,10
1070,660616,0,4.2,9
1071,660447,1,62.12,4
1072,658634,1,97.29,1
1073,658309,1,96.67,1
1074,658281,0,5.24,9
1075,657356,0,3.24,9
1076,656789,0,5.38,9
1077,652646,0,67.78,3
1078,652174,1,91.83,1
1079,649467,0,8.45,8
1080,648638,1,57.71,4
1081,647709,1,32.86,5
1082,643819,1,31.01,5
1083,640133,0,6.53,8
1084,637206,0,67.27,3
1085,636736,0,69.78,3
1086,634343,1,40.55,5
1087,633876,0,65.71,4
1088,624728,0,7.12,8
1089,622822,1,90.61,2
1090,619766,0,67.47,3
1091,619646,0,33.84,5
1092,618310,1,94.47,1
1093,615064,1,18.5,6
1094,614554,1,30.84,5
1095,614529,0,1.94,10
1096,613339,0,32.86,5
1097,611844,1,69.01,3
1098,611478,1,84.81,2
1099,606381,0,17.03,6
1100,605228,1,96.89,1
1101,605159,0,5.67,8
1102,601151,0,9.81,7
1103,600979,1,83.44,2
1104,600441,1,28.4,5
1105,599931,0,33.1,5
1106,599792,0,1.45,10
1107,597919,0,5.69,8
1108,594161,0,52.46,4
1109,592835,0,8.12,8
1110,591596,0,2.95,9
1111,587827,0,5.73,8
1112,587384,0,86.81,2
1113,585266,0,14.58,6
1114,583400,0,1.99,10
1115,582579,1,67.13,4
1116,660333,1,23.04,6
1117,657754,0,3.78,9
1118,655685,0,14.51,6
1119,654022,0,2.62,10
1120,653943,1,85.76,2
1121,652317,1,77.58,3
732,601052,1,70.58,3
733,598756,0,80.72,2
734,594933,0,9.93,7
735,594329,1,96.02,1
736,589238,1,70.58,3
737,589114,0,20.4,6
738,587564,0,2.67,10
739,586705,0,7.23,8
740,585648,1,81.44,2
741,585052,0,4.67,9
742,584248,0,1.6,10
743,582751,0,17.59,6
744,582396,0,33.57,5
745,580558,0,73.46,3
746,658976,0,3.28,9
747,656469,1,27.12,5
748,655569,0,3.85,9
749,655281,0,5.67,8
750,649451,1,84.21,2
751,636191,0,28.11,5
752,633175,0,3.34,9
753,632692,0,14.51,6
754,631708,1,94.9,1
755,629872,0,2.67,10
756,627121,0,4.1,9
757,626318,0,10.59,7
758,626013,0,1.99,10
759,624947,0,2.89,9
760,620563,0,20.31,6
761,618210,1,76.29,3
762,616685,1,85.76,2
763,615722,0,8.7,8
764,609920,0,32.87,5
765,607221,1,98.46,1
766,606187,1,93.47,1
767,604622,0,7.82,8
768,604391,0,2.77,10
769,601209,0,16.63,6
770,599386,0,11.84,7
771,598607,0,6.8,8
772,597120,1,3.25,9
773,595075,1,95.36,1
774,590830,1,95.98,1
775,589528,0,2.19,10
776,588024,1,97.47,1
777,583723,0,1.99,10
778,580536,0,46.03,4
779,579978,1,28.99,5
780,658623,1,96.79,1
781,658063,0,10.24,7
782,646710,0,2.96,9
783,646449,0,14.88,6
784,645051,0,4.67,9
785,643826,0,4.89,9
786,643320,0,12.21,7
787,641925,0,14.78,6
788,641324,1,65.74,4
789,640806,0,3.01,9
790,640035,1,18.49,6
791,639022,0,1.85,10
792,637675,0,44.55,4
793,636524,0,20.26,6
794,633680,1,15.35,6
795,630088,0,1.3,10
796,628958,0,12.91,7
797,627546,0,26.34,5
798,626353,0,7.82,8
799,626252,0,12.04,7
800,623832,0,14.25,6
801,623713,0,13.68,7
802,623349,1,3.14,9
803,617991,1,8.48,8
804,616325,1,80.46,2
805,614924,1,90.87,2
806,612288,1,80.38,2
807,610562,1,95.87,1
808,607050,0,5.85,8
809,603003,0,5.67,8
810,602772,0,11.56,7
811,593850,1,86.81,2
812,593058,0,70.58,3
813,591485,0,36.14,5
814,591116,0,4.35,9
815,590134,1,17.6,6
816,587079,0,23.73,6
817,583730,0,3.32,9
818,583546,0,2.38,10
819,582296,1,94.8,1
820,660681,1,50.96,4
821,659013,0,8.38,8
822,658773,0,38.12,5
823,657572,1,18.7,6
824,653696,1,56.35,4
825,651431,0,27.14,5
826,650234,1,96.53,1
827,649597,0,16.63,6
828,648125,0,9.69,7
829,646858,0,3.16,9
830,644173,0,67.23,3
831,643215,1,60.14,4
832,640614,0,3.31,9
833,640584,0,3.21,9
834,639868,1,84.67,2
835,639564,1,70.58,3
836,639414,0,14.04,6
837,634960,0,56.91,4
838,633825,0,9.12,7
839,632449,0,11.03,7
840,630888,0,8.4,8
841,630139,0,1.73,10
842,626942,0,6.98,8
843,626897,0,34.1,5
844,624187,0,31.6,5
845,624096,0,69.13,3
846,610766,1,32.86,5
847,609486,1,24.43,6
848,603322,1,32.86,5
849,600755,0,70.58,3
850,599463,0,5.61,9
851,596254,0,7.82,8
852,594393,1,72.1,3
853,593990,1,79.06,3
854,591682,0,30.57,5
855,591492,1,20.96,6
856,589932,0,21.87,6
857,588753,1,86.63,2
858,587043,0,9.78,7
859,586757,1,88.33,2
860,582094,1,98.52,1
861,581753,0,0.86,10
862,580465,1,70.58,3
863,659395,1,77.77,3
864,653502,0,3.79,9
865,653109,0,12.12,7
866,652801,1,98.54,1
867,652616,0,1.4,10
868,649919,1,6.88,8
869,648993,1,67.43,3
870,648681,1,63.03,4
871,647448,0,2.45,10
872,644885,1,93.82,1
873,641546,0,14.16,6
874,640525,1,92.57,1
875,637978,0,25.57,5
876,637203,0,1.99,10
877,636823,1,94.07,1
878,634779,0,13.95,7
879,632984,0,2.27,10
880,632839,1,79.14,2
881,632733,0,14.1,6
882,632196,1,79.6,2
883,631473,0,8.0,8
884,631277,0,1.98,10
885,630804,0,47.68,4
886,630701,0,13.12,7
887,629243,0,15.57,6
888,623498,0,1.99,10
889,622575,1,23.09,6
890,622472,1,32.86,5
891,611447,0,15.81,6
892,609211,1,85.92,2
893,607575,0,4.65,9
894,607481,0,87.95,2
895,607476,1,70.58,3
896,606642,0,11.43,7
897,606530,0,5.24,9
898,604939,0,1.99,10
899,604620,0,26.57,5
900,604140,0,1.99,10
901,604038,0,14.1,6
902,600379,0,57.95,4
903,599548,0,2.66,10
904,599459,0,23.14,6
905,597849,0,31.88,5
906,597250,0,7.24,8
907,593953,1,75.9,3
908,581372,0,31.29,5
909,580381,0,46.03,4
910,659438,0,2.63,10
911,654886,0,48.0,4
912,654724,0,2.01,10
913,653527,0,3.85,9
914,648319,0,1.99,10
915,647861,1,92.35,1
916,642333,1,32.86,5
917,640073,1,83.87,2
918,637736,1,7.82,8
919,634632,1,87.53,2
920,633926,1,98.1,1
921,630485,1,87.22,2
922,629876,0,1.99,10
923,629671,0,21.8,6
924,621566,1,65.9,4
925,621452,1,83.84,2
926,620216,1,21.67,6
927,613861,0,14.1,6
928,611458,1,59.08,4
929,611444,0,21.32,6
930,611217,0,5.99,8
931,608963,0,58.7,4
932,608573,1,40.97,5
933,607491,0,50.51,4
934,605902,0,5.67,8
935,597170,0,15.51,6
936,590700,0,16.04,6
937,590195,0,4.74,9
938,589162,0,13.18,7
939,584298,1,75.79,3
940,584241,1,79.41,2
941,580581,0,29.4,5
942,580502,0,22.85,6
943,660174,0,13.37,7
944,659782,0,2.79,10
945,658089,1,69.34,3
946,656271,0,5.67,8
947,648670,1,81.2,2
948,646334,1,64.11,4
949,638028,0,63.26,4
950,637445,0,73.76,3
951,635910,1,96.88,1
952,630193,0,5.67,8
953,627305,1,97.8,1
954,623943,0,7.82,8
955,621410,0,1.94,10
956,618449,0,50.37,4
957,617259,0,70.58,3
958,616725,0,4.04,9
959,611302,0,10.92,7
960,609296,0,1.23,10
961,607643,0,62.94,4
962,600705,1,97.47,1
963,598930,0,8.48,8
964,595645,0,77.77,3
965,593946,0,67.75,3
966,592500,0,9.7,7
967,591050,0,1.99,10
968,587953,1,97.7,1
969,586245,0,1.99,10
970,585373,1,69.14,3
971,581538,0,36.55,5
972,659998,1,38.85,5
973,658193,1,96.48,1
974,655496,1,82.0,2
975,654574,0,41.29,5
976,654482,0,17.98,6
977,654173,1,65.28,4
978,652958,0,9.9,7
979,650328,1,42.42,4
980,645818,0,3.16,9
981,645381,0,24.55,6
982,641637,0,16.28,6
983,640952,0,5.82,8
984,637411,1,57.88,4
985,633775,1,80.32,2
986,632660,0,1.81,10
987,630808,0,12.74,7
988,630712,0,39.49,5
989,629334,0,1.9,10
990,628121,1,97.47,1
991,628087,1,32.86,5
992,624732,0,15.9,6
993,619064,0,5.67,8
994,618523,0,5.67,8
995,617063,0,14.31,6
996,616591,0,70.58,3
997,615952,0,18.93,6
998,614694,1,29.06,5
999,610904,0,5.67,8
1000,609314,0,7.82,8
1001,608916,0,20.4,6
1002,605262,1,97.7,1
1003,603229,1,32.86,5
1004,602680,0,1.99,10
1005,601846,0,40.78,5
1006,600691,0,2.48,10
1007,600661,1,27.29,5
1008,598617,1,69.15,3
1009,598458,0,8.46,8
1010,593352,0,69.11,3
1011,593063,1,80.38,2
1122,651441,0,3.73,9
1123,648360,0,1.99,10
1124,646838,0,4.78,9
1125,645713,0,1.99,10
1126,644500,1,96.0,1
1127,642841,0,3.05,9
1128,641093,1,37.88,5
1129,639541,0,19.96,6
1130,638316,0,44.07,4
1131,637995,0,10.11,7
1132,636564,0,90.11,2
1133,633921,0,24.02,6
1134,633770,0,12.31,7
1135,632896,1,95.04,1
1136,631362,0,1.99,10
1137,625970,0,3.3,9
1138,623167,1,93.71,1
1139,621650,1,14.86,6
1140,620456,0,5.91,8
1141,620137,1,92.8,1
1142,620115,1,13.83,7
1143,616749,0,27.38,5
1144,616744,0,5.67,8
1145,614930,0,74.42,3
1146,612148,1,88.08,2
1147,612062,0,38.93,5
1148,609191,1,94.07,1
1149,608483,0,1.23,10
1150,607626,0,28.61,5
1151,606404,1,61.09,4
1152,605065,0,3.07,9
1153,602214,1,83.82,2
1154,600646,0,70.58,3
1155,598892,0,2.59,10
1156,598309,1,82.19,2
1157,597573,1,36.3,5
1158,597182,0,43.75,4
1159,596866,0,5.67,8
1160,594833,1,69.08,3
1161,590921,0,3.45,9
1162,590805,1,70.58,3
1163,589355,1,82.54,2
1164,589351,1,86.81,2
1165,589227,0,10.46,7
1166,588993,1,71.9,3
1167,584908,0,53.08,4
1168,584802,0,16.56,6
1169,584496,0,26.87,5
1170,583969,0,20.12,6
1171,582144,0,7.82,8
1172,581459,1,46.03,4
1173,579753,0,14.78,6
1174,660461,0,56.35,4
1175,660339,0,2.96,9
1176,659036,1,73.91,3
1177,653231,0,7.69,8
1178,652345,0,8.17,8
1179,651807,1,95.11,1
1180,651281,1,79.32,2
1181,645887,1,59.69,4
1182,645545,0,15.47,6
1183,643801,1,86.81,2
1184,641383,0,54.43,4
1185,641082,0,15.46,6
1186,638526,1,73.96,3
1187,631489,1,70.58,3
1188,630689,1,32.86,5
1189,628392,0,4.09,9
1190,627523,0,9.75,7
1191,627047,1,70.26,3
1192,624500,1,73.16,3
1193,623915,1,76.17,3
1194,620627,0,1.53,10
1195,618394,0,5.67,8
1196,616586,1,40.43,5
1197,616035,1,77.25,3
1198,609462,0,32.86,5
1199,607965,0,16.28,6
1200,607916,1,63.6,4
1201,606951,0,10.19,7
1202,605966,0,5.67,8
1203,605107,1,97.8,1
1204,604406,0,56.32,4
1205,604323,0,26.27,5
1206,602867,0,12.44,7
1207,602403,1,81.77,2
1208,602143,0,14.33,6
1209,599600,0,81.8,2
1210,596348,0,12.36,7
1211,595825,1,81.28,2
1212,595060,1,80.34,2
1213,594617,0,6.68,8
1214,594523,1,91.89,1
1215,594137,1,65.62,4
1216,593019,0,44.03,4
1217,591313,1,78.12,3
1218,584632,0,62.3,4
1219,584603,0,19.08,6
1220,582002,1,5.67,8
1221,659293,0,10.26,7
1222,658917,0,64.86,4
1223,657327,0,1.99,10
1224,655227,0,2.8,10
1225,655162,0,3.23,9
1226,654275,1,61.12,4
1227,652824,1,13.82,7
1228,651270,0,1.28,10
1229,650514,0,13.08,7
1230,650398,0,82.06,2
1231,649409,1,69.28,3
1232,648956,1,70.58,3
1233,644723,1,97.34,1
1513,586377,0,8.5,8
1514,586351,0,5.67,8
1515,586254,1,70.58,3
1516,585501,0,1.92,10
1517,584152,0,1.99,10
1518,582938,0,40.45,5
1519,581457,1,8.63,8
1520,581415,0,60.33,4
1521,581253,1,72.1,3
1522,581126,0,10.45,7
1523,580531,0,28.23,5
1524,659704,1,77.73,3
1525,656665,0,1.93,10
1526,656660,0,2.8,10
1527,654095,0,8.68,8
1528,652782,0,21.89,6
1529,652250,1,95.29,1
1530,650609,0,9.88,7
1531,649733,0,3.38,9
1532,648109,0,3.53,9
1533,647630,0,1.99,10
1534,643158,0,5.1,9
1535,637172,1,81.48,2
1536,636647,0,12.58,7
1537,635613,1,65.02,4
1538,635315,1,19.24,6
1539,634298,1,70.58,3
1540,630695,1,78.79,3
1541,629468,1,81.66,2
1542,628048,1,79.41,2
1543,626471,0,6.6,8
1544,626270,1,41.99,4
1545,619626,0,1.86,10
1546,619321,0,58.95,4
1547,618845,0,32.14,5
1548,616261,1,80.79,2
1549,613732,0,70.8,3
1550,612748,1,74.18,3
1551,609706,0,6.7,8
1552,607765,0,8.4,8
1553,606337,0,70.58,3
1554,603330,0,4.02,9
1555,599724,1,75.42,3
1556,598950,1,77.34,3
1557,597178,1,82.48,2
1558,596104,0,7.82,8
1559,593095,1,97.8,1
1560,590337,0,9.52,7
1561,588076,0,93.17,1
1562,587950,0,16.63,6
1563,587507,0,3.45,9
1564,584683,1,77.64,3
1565,584310,1,38.34,5
1566,582845,0,16.12,6
1567,658756,0,3.89,9
1568,648481,0,39.87,5
1234,643386,1,78.6,3
1235,639858,0,24.3,6
1236,639147,1,11.08,7
1237,635028,0,17.18,6
1238,634641,0,3.87,9
1239,630740,0,58.79,4
1240,629511,1,86.81,2
1241,629364,1,79.95,2
1242,629232,0,61.84,4
1243,625683,0,49.29,4
1244,624314,0,26.44,5
1245,623101,0,1.99,10
1246,621560,1,97.8,1
1247,619196,1,84.95,2
1248,617172,0,20.54,6
1249,616347,0,31.29,5
1250,615643,0,13.93,7
1251,614996,1,86.39,2
1252,614974,1,22.54,6
1253,611386,1,88.72,2
1254,611283,1,61.12,4
1255,606086,1,79.95,2
1256,604886,0,7.82,8
1257,604796,0,1.2,10
1258,603687,1,76.37,3
1259,603189,0,5.67,8
1260,602203,0,1.99,10
1261,601856,0,18.11,6
1262,600204,0,8.13,8
1263,600088,0,32.86,5
1264,596303,1,94.92,1
1265,595681,1,81.33,2
1266,593860,1,91.39,2
1267,592497,0,32.86,5
1268,589866,0,10.17,7
1269,588158,0,94.4,1
1270,588064,1,86.64,2
1271,586199,0,5.67,8
1272,584840,0,13.68,7
1273,584327,1,48.51,4
1274,584008,0,23.52,6
1275,583687,0,17.45,6
1276,583616,0,10.94,7
1277,583002,1,86.94,2
1278,582334,0,6.03,8
1279,581159,1,1.99,10
1280,580353,0,9.93,7
1281,660153,0,1.99,10
1282,659238,0,5.38,9
1283,656580,0,3.85,9
1284,647517,1,7.7,8
1285,645226,0,11.19,7
1286,643884,1,93.47,1
1287,641781,0,4.84,9
1288,641715,1,69.21,3
1289,640308,0,5.61,9
1290,635406,0,3.72,9
1291,632381,0,11.6,7
1292,630367,1,81.28,2
1293,627706,1,68.08,3
1294,623730,0,3.79,9
1295,617962,0,5.67,8
1296,616592,0,6.73,8
1297,610199,1,58.89,4
1298,609244,1,75.93,3
1299,604456,1,32.86,5
1300,598691,0,16.89,6
1301,596845,0,83.09,2
1302,594456,1,86.81,2
1303,592316,0,6.93,8
1304,590588,0,1.99,10
1305,590176,0,7.82,8
1306,587484,1,48.87,4
1307,585722,1,97.47,1
1308,583055,1,95.11,1
1309,582665,0,3.84,9
1310,660479,0,9.49,7
1311,659722,1,96.79,1
1312,659708,0,8.68,8
1313,658017,0,13.26,7
1314,657452,0,1.99,10
1315,654018,1,86.41,2
1316,649941,1,69.73,3
1317,649712,0,9.33,7
1318,641455,0,11.34,7
1319,637539,0,20.95,6
1320,637187,1,83.58,2
1321,636432,0,65.0,4
1322,633759,0,1.83,10
1323,631313,1,97.47,1
1324,631013,1,76.91,3
1325,630783,1,86.81,2
1326,627486,0,1.99,10
1327,624568,0,2.33,10
1328,624488,0,48.4,4
1329,623794,1,93.82,1
1330,623781,0,36.57,5
1331,619676,1,39.34,5
1332,613193,1,69.72,3
1333,610511,1,86.63,2
1334,610510,1,16.92,6
1335,610141,0,19.79,6
1336,609752,1,46.03,4
1337,609137,1,78.91,3
1338,608902,0,39.54,5
1339,607198,0,8.4,8
1340,603490,1,84.87,2
1341,601034,0,1.99,10
1342,594942,0,9.06,7
1343,594334,0,12.38,7
1344,592704,0,70.58,3
1345,592244,0,3.45,9
1346,591148,1,63.91,4
1347,585892,1,94.59,1
1348,581667,0,21.8,6
1349,581283,0,19.81,6
1350,658470,0,1.99,10
1351,657386,0,1.99,10
1352,656526,0,1.99,10
1353,654283,0,37.85,5
1354,653652,0,3.6,9
1355,645735,1,63.9,4
1356,642510,1,22.93,6
1357,641934,0,4.02,9
1358,638889,0,63.57,4
1359,638616,0,15.28,6
1360,638488,1,66.75,4
1361,637156,1,95.56,1
1362,633595,1,37.1,5
1363,633475,0,3.05,9
1364,633104,1,76.09,3
1365,620989,1,96.87,1
1366,619291,1,87.59,2
1367,618977,0,11.01,7
1368,618850,0,9.57,7
1369,616152,0,2.58,10
1370,614729,0,7.71,8
1371,613459,1,74.61,3
1372,613027,0,63.54,4
1373,609598,0,2.11,10
1374,608597,1,67.86,3
1375,608537,0,81.26,2
1376,605592,0,5.67,8
1377,603653,0,16.33,6
1378,603607,1,88.52,2
1379,602565,0,6.95,8
1380,601365,0,50.87,4
1381,601344,0,7.82,8
1382,596507,0,12.04,7
1383,590690,0,70.58,3
1384,590108,0,2.55,10
1385,584697,0,12.44,7
1386,583681,0,8.49,8
1387,583622,0,10.05,7
1388,580734,0,3.87,9
1389,660570,1,53.31,4
1390,659696,1,61.32,4
1391,657697,0,2.99,9
1392,656833,0,28.91,5
1393,655025,1,5.67,8
1394,652050,1,2.58,10
1395,651803,0,7.82,8
1396,650484,0,6.83,8
1397,649892,0,21.52,6
1398,647077,0,5.99,8
1399,646546,1,32.86,5
1400,645810,1,64.67,4
1401,643623,0,63.32,4
1402,643169,0,13.75,7
1403,642640,1,72.54,3
1404,642098,1,96.88,1
1405,641763,0,12.58,7
1406,640387,1,14.75,6
1407,640081,1,87.58,2
1408,635754,0,3.68,9
1409,633443,0,6.22,8
1410,633112,0,1.99,10
1411,633027,1,63.17,4
1412,632143,0,8.37,8
1413,630875,1,82.88,2
1414,628982,1,75.31,3
1415,628080,0,2.01,10
1416,628020,1,97.47,1
1417,626799,1,84.38,2
1418,625888,0,27.24,5
1419,623420,1,16.15,6
1420,622653,1,23.71,6
1421,622295,1,89.91,2
1422,621262,0,3.25,9
1423,620624,0,9.54,7
1424,619524,1,17.6,6
1425,619446,0,26.96,5
1426,616720,0,7.2,8
1427,615063,0,15.17,6
1428,614226,0,31.21,5
1429,611142,0,19.22,6
1430,609464,0,32.11,5
1431,608541,0,1.99,10
1432,607345,1,62.39,4
1433,606340,0,9.79,7
1434,605375,0,8.48,8
1435,605219,1,32.86,5
1436,605146,0,16.53,6
1437,605090,0,18.71,6
1438,604851,0,10.47,7
1439,604145,0,7.81,8
1440,603543,0,5.67,8
1441,602753,1,95.44,1
1442,602740,0,1.99,10
1443,602101,0,3.84,9
1444,601790,0,16.63,6
1445,599687,0,3.0,9
1446,598314,1,92.48,1
1447,596283,0,2.98,9
1448,593818,0,13.83,7
1449,591722,1,77.28,3
1450,589356,0,18.44,6
1451,588075,1,95.69,1
1452,588003,1,97.34,1
1453,586726,0,6.19,8
1454,585757,0,84.81,2
1455,585497,0,12.26,7
1456,583438,0,14.21,6
1457,581862,1,58.19,4
1458,658481,0,3.39,9
1459,654183,0,21.24,6
1460,653222,0,1.66,10
1461,652766,0,32.76,5
1462,652486,0,18.58,6
1463,647971,1,33.61,5
1464,646652,0,60.96,4
1465,644680,0,6.19,8
1466,641025,1,86.41,2
1467,637856,0,68.66,3
1468,634700,0,4.5,9
1469,633828,0,3.27,9
1470,633372,0,1.99,10
1471,632815,0,2.11,10
1472,631591,1,97.6,1
1473,631544,0,3.24,9
1474,629679,0,7.82,8
1475,627384,0,8.76,8
1476,627119,1,96.37,1
1477,625756,0,1.99,10
1478,623822,0,4.21,9
1479,623408,0,95.44,1
1480,622838,0,3.01,9
1481,617750,0,9.06,7
1482,617701,1,46.03,4
1483,616614,1,75.13,3
1484,614458,1,75.5,3
1485,614091,1,98.1,1
1486,614090,0,96.48,1
1487,613964,0,1.99,10
1488,613383,1,45.95,4
1489,613195,1,94.93,1
1490,610456,0,23.17,6
1491,606677,0,5.67,8
1492,606265,0,11.4,7
1493,605303,1,97.34,1
1494,602788,1,23.42,6
1495,602090,0,21.36,6
1496,601957,0,19.23,6
1497,601478,1,48.6,4
1498,601041,0,57.65,4
1499,600727,0,32.86,5
1500,599700,1,97.61,1
1501,599009,1,58.56,4
1502,598793,0,51.3,4
1503,595881,1,97.6,1
1504,595073,1,72.33,3
1505,594506,0,79.49,2
1506,593876,1,28.88,5
1507,593376,0,18.61,6
1508,592728,0,11.49,7
1509,591933,1,70.58,3
1510,590156,0,4.02,9
1511,588143,1,86.55,2
1512,587409,0,7.33,8
1848,639195,0,12.01,7
1849,637986,1,14.06,6
1850,636334,0,5.67,8
1851,636112,0,10.96,7
1852,627475,1,97.8,1
1853,626333,0,79.99,2
1854,623770,1,36.53,5
1855,620260,1,70.58,3
1856,619506,0,1.83,10
1857,616901,0,77.49,3
1858,615950,0,7.82,8
1859,614964,1,32.86,5
1860,613660,1,87.58,2
1861,613525,1,28.9,5
1862,611223,0,5.67,8
1863,610920,0,5.67,8
1864,609801,0,62.43,4
1865,608851,0,1.99,10
1866,607487,0,45.07,4
1867,606592,1,97.93,1
1868,604431,0,32.86,5
1869,603772,0,32.97,5
1870,602204,0,8.66,8
1871,600577,0,15.97,6
1872,597708,1,3.78,9
1873,597142,0,87.66,2
1874,596017,1,80.29,2
1875,595701,0,47.75,4
1876,595604,0,32.86,5
1877,595464,1,40.45,5
1878,593945,1,69.7,3
1879,591465,0,5.67,8
1880,591462,1,40.1,5
1881,590945,0,4.88,9
1882,589061,0,54.95,4
1883,588048,1,93.47,1
1884,587458,0,8.54,8
1885,586709,1,73.29,3
1886,586145,0,24.74,6
1887,581925,1,46.03,4
1888,580221,1,80.16,2
1889,659057,0,14.06,6
1890,655156,0,3.66,9
1891,653473,1,93.09,1
1892,653072,0,3.8,9
1893,651246,1,83.67,2
1894,648707,0,3.24,9
1895,646645,0,8.45,8
1896,646501,0,57.95,4
1897,642986,0,16.91,6
1898,642495,0,2.78,10
1899,640771,0,10.25,7
1900,639415,1,77.77,3
1901,637854,1,82.28,2
1902,633646,1,82.13,2
1903,631782,0,5.35,9
1904,629398,0,2.45,10
1905,627139,0,6.35,8
1906,624747,1,47.46,4
1907,623749,0,2.29,10
1908,621451,1,48.21,4
1909,621353,1,40.1,5
1910,617482,0,10.79,7
1911,613679,0,4.01,9
1912,610339,0,1.99,10
1913,609470,0,3.66,9
1914,608003,0,3.09,9
1915,606750,0,46.03,4
1916,603283,0,7.06,8
1917,602809,1,15.51,6
1918,602380,1,50.79,4
1919,602308,0,4.96,9
1920,601933,0,3.77,9
1921,598748,1,92.43,1
1922,590001,0,7.82,8
1923,588636,0,2.8,10
1924,588369,0,24.83,6
1925,587753,0,4.68,9
1926,587356,1,71.28,3
1927,656681,0,20.1,6
1928,654525,1,56.94,4
1929,652657,1,18.93,6
1930,652194,0,55.13,4
1931,649474,0,1.99,10
1932,648992,1,47.09,4
1933,645089,1,76.13,3
1934,639201,0,8.07,8
1935,636127,0,1.26,10
1936,634882,0,9.04,7
1937,634027,1,97.7,1
1938,633307,1,80.85,2
1939,628421,0,32.86,5
1940,625824,0,2.85,9
1941,624326,0,32.86,5
1942,621978,1,86.17,2
1943,616018,0,10.98,7
1944,615488,0,65.98,4
1945,614007,1,85.19,2
1946,609195,1,71.53,3
1947,602075,0,8.66,8
1948,601982,0,8.66,8
1949,600400,0,11.74,7
1950,596654,1,40.1,5
1951,593968,0,5.73,8
1952,591160,0,45.8,4
1953,589466,0,12.87,7
1954,588778,0,20.95,6
1955,588131,1,97.34,1
1956,586401,0,11.15,7
1957,585230,0,52.74,4
1958,583582,0,29.52,5
1959,582101,0,27.43,5
1569,646355,1,68.7,3
1570,645305,1,93.18,1
1571,643832,1,97.34,1
1572,643637,1,81.68,2
1573,640278,1,82.54,2
1574,639104,1,83.04,2
1575,635449,1,91.38,2
1576,633140,1,85.19,2
1577,631699,0,67.1,4
1578,626961,1,97.8,1
1579,619603,0,6.5,8
1580,613814,0,33.84,5
1581,613210,1,79.56,2
1582,611662,1,98.61,1
1583,611651,1,79.41,2
1584,609041,0,2.37,10
1585,609002,0,2.81,10
1586,605755,1,74.18,3
1587,601156,0,57.02,4
1588,598098,0,44.85,4
1589,596809,0,65.99,4
1590,594387,0,32.86,5
1591,590388,1,95.65,1
1592,589512,1,98.34,1
1593,587155,1,86.6,2
1594,584395,0,3.19,9
1595,581455,1,68.37,3
1596,659631,1,92.34,1
1597,657586,1,97.29,1
1598,656900,0,7.82,8
1599,653998,0,11.71,7
1600,649091,0,50.5,4
1601,639249,1,70.58,3
1602,636978,1,54.07,4
1603,631420,0,48.99,4
1604,631047,0,42.2,4
1605,628153,0,1.61,10
1606,623383,0,2.4,10
1607,621178,0,22.31,6
1608,612984,0,53.6,4
1609,612731,1,84.48,2
1610,612020,0,81.45,2
1611,611715,0,27.24,5
1612,609372,1,44.15,4
1613,607721,1,50.38,4
1614,606685,0,5.67,8
1615,605077,0,3.08,9
1616,602244,1,34.65,5
1617,597829,1,96.8,1
1618,595756,0,26.38,5
1619,594769,1,81.88,2
1620,593069,1,86.64,2
1621,592207,0,6.75,8
1622,589194,0,1.36,10
1623,587404,1,81.21,2
1624,587286,0,54.95,4
1625,586835,0,1.83,10
1626,586521,0,8.32,8
1627,583698,0,5.67,8
1628,583491,0,1.83,10
1629,580403,0,9.75,7
1630,579918,1,85.95,2
1631,660562,1,69.34,3
1632,656231,0,54.07,4
1633,653650,1,90.02,2
1634,652583,0,59.96,4
1635,651696,0,43.13,4
1636,650316,0,13.67,7
1637,649442,1,78.92,3
1638,649430,0,29.75,5
1639,648983,1,79.32,2
1640,645763,1,6.73,8
1641,645636,1,80.46,2
1642,645265,0,11.17,7
1643,642791,0,2.78,10
1644,642543,1,47.51,4
1645,642228,0,63.71,4
1646,642049,0,71.91,3
1647,640995,0,3.73,9
1648,634917,1,93.18,1
1649,627212,0,34.66,5
1650,625785,0,1.99,10
1651,624135,1,97.7,1
1652,622701,0,7.82,8
1653,622576,0,1.99,10
1654,621464,0,12.85,7
1655,621241,1,92.92,1
1656,619246,1,90.92,2
1657,618866,1,96.1,1
1658,616923,0,72.97,3
1659,615216,1,76.47,3
1660,614568,1,72.23,3
1661,612572,1,87.53,2
1662,610985,0,1.99,10
1663,609354,0,1.99,10
1664,608909,0,5.61,9
1665,608636,0,16.02,6
1666,608571,0,4.12,9
1667,608163,1,84.34,2
1668,606327,0,7.82,8
1669,603352,0,18.54,6
1670,601352,1,27.77,5
1671,600843,0,1.73,10
1672,597861,1,96.08,1
1673,593559,0,20.72,6
1674,593523,0,40.1,5
1675,591406,0,5.67,8
1676,589049,0,6.47,8
1677,585427,1,73.76,3
1678,584198,1,97.47,1
1679,583981,1,68.07,3
1680,583745,1,42.04,4
1681,583688,0,6.15,8
1682,583357,1,7.51,8
1683,580595,1,97.85,1
1684,579925,0,7.18,8
1685,659523,1,92.33,1
1686,657510,0,3.24,9
1687,656516,1,91.17,2
1688,654908,0,7.92,8
1689,653068,1,76.12,3
1690,646412,1,50.45,4
1691,644871,0,6.08,8
1692,643227,0,2.45,10
1693,641170,1,69.44,3
1694,640115,1,87.58,2
1695,639288,1,88.73,2
1696,634982,0,46.03,4
1697,634306,0,13.28,7
1698,632926,1,97.23,1
1699,632278,0,6.94,8
1700,632017,1,70.58,3
1701,631392,0,1.99,10
1702,627769,0,7.8,8
1703,626943,0,28.9,5
1704,624169,1,74.15,3
1705,623484,1,70.58,3
1706,623427,1,86.81,2
1707,622727,0,5.67,8
1708,621318,1,74.3,3
1709,621270,1,32.86,5
1710,619919,0,78.43,3
1711,619486,1,93.08,1
1712,617401,0,1.99,10
1713,615534,1,96.48,1
1714,611308,0,1.99,10
1715,610671,0,3.7,9
1716,608077,0,75.88,3
1717,607273,0,44.99,4
1718,604722,0,21.9,6
1719,604174,0,23.3,6
1720,603610,1,67.36,3
1721,602677,0,32.86,5
1722,596628,0,8.45,8
1723,594400,0,54.72,4
1724,591894,1,32.86,5
1725,591132,0,29.21,5
1726,590882,0,3.45,9
1727,590460,0,1.99,10
1728,586075,0,4.23,9
1729,584932,0,87.58,2
1730,583608,0,2.9,9
1731,582673,0,3.45,9
1732,656184,1,88.23,2
1733,655287,0,4.68,9
1734,654224,0,6.6,8
1735,652084,0,2.67,10
1736,647912,0,5.67,8
1737,647504,0,24.17,6
1738,646876,0,1.99,10
1739,646335,0,72.97,3
1740,645009,1,91.47,2
1741,644225,0,5.23,9
1742,642834,1,55.08,4
1743,641228,1,32.86,5
1744,640002,0,2.68,10
1745,639435,1,32.86,5
1746,638321,1,57.71,4
1747,634878,1,79.37,2
1748,631642,1,86.34,2
1749,631513,0,5.67,8
1750,631360,0,1.83,10
1751,631268,1,98.27,1
1752,630390,1,77.76,3
1753,630135,0,8.77,7
1754,628768,0,3.45,9
1755,627307,1,55.96,4
1756,626382,0,5.67,8
1757,624147,1,72.77,3
1758,622545,0,20.22,6
1759,621381,1,36.93,5
1760,620979,1,74.7,3
1761,619210,0,61.74,4
1762,618358,0,65.5,4
1763,617669,0,21.56,6
1764,615524,1,98.32,1
1765,614213,0,2.88,9
1766,613917,1,86.63,2
1767,613506,0,17.14,6
1768,609999,0,15.98,6
1769,609912,0,13.61,7
1770,609659,0,5.67,8
1771,604182,0,32.63,5
1772,604152,0,2.97,9
1773,599046,0,1.99,10
1774,598894,0,22.53,6
1775,594967,0,7.82,8
1776,593909,0,2.27,10
1777,593297,0,3.45,9
1778,593093,0,1.99,10
1779,590608,1,68.65,3
1780,587128,0,3.45,9
1781,585174,1,57.21,4
1782,583340,0,8.01,8
1783,657686,1,97.8,1
1784,650488,0,14.16,6
1785,649355,0,5.46,9
1786,649018,0,66.26,4
1787,648322,0,71.6,3
1788,646544,1,97.47,1
1789,645294,1,80.32,2
1790,645271,0,46.99,4
1791,644990,0,9.05,7
1792,640890,0,13.96,6
1793,637526,0,5.72,8
1794,636677,1,80.72,2
1795,631670,1,91.44,2
1796,631507,0,36.96,5
1797,630962,0,22.31,6
1798,630728,1,90.43,2
1799,624495,1,98.01,1
1800,623297,1,32.34,5
1801,621026,1,94.06,1
1802,619569,1,90.33,2
1803,617008,1,86.73,2
1804,616185,1,72.98,3
1805,612000,1,70.58,3
1806,611379,0,54.78,4
1807,611150,1,70.58,3
1808,609349,1,64.61,4
1809,608908,1,74.29,3
1810,608540,0,27.38,5
1811,607688,0,17.95,6
1812,606393,1,89.67,2
1813,604690,0,2.28,10
1814,603680,1,60.55,4
1815,603515,0,1.88,10
1816,602029,0,14.34,6
1817,600140,0,7.82,8
1818,598914,1,74.2,3
1819,596113,0,5.85,8
1820,595703,1,97.35,1
1821,595620,1,97.47,1
1822,591793,1,85.2,2
1823,591366,0,1.99,10
1824,590469,1,23.52,6
1825,589672,1,56.89,4
1826,588908,0,12.69,7
1827,588008,0,4.42,9
1828,587577,0,47.59,4
1829,585406,0,1.99,10
1830,584574,0,8.66,8
1831,584301,1,90.54,2
1832,582195,0,5.72,8
1833,660547,1,63.29,4
1834,660410,1,20.1,6
1835,657995,0,14.79,6
1836,657777,0,27.69,5
1837,653637,0,32.86,5
1838,653259,0,15.25,6
1839,651339,0,7.34,8
1840,645883,0,5.67,8
1841,645806,0,11.51,7
1842,644880,1,1.99,10
1843,643901,1,97.7,1
1844,642217,0,7.19,8
1845,641196,1,1.99,10
1846,639709,0,1.83,10
1847,639387,1,96.49,1
1960,580799,0,82.4,2
1961,653615,1,9.48,7
1962,651926,1,94.48,1
1963,649130,0,8.84,7
1964,649028,0,10.77,7
1965,648999,1,62.18,4
1966,648066,0,17.0,6
1967,647539,0,5.61,9
1968,645914,0,58.82,4
1969,645131,1,80.67,2
1970,644658,0,16.63,6
1971,643831,0,9.86,7
1972,642012,0,1.99,10
1973,641113,0,1.99,10
1974,637360,1,93.43,1
1975,637178,1,32.86,5
1976,632763,1,14.42,6
1977,627147,0,3.79,9
1978,627107,1,86.81,2
1979,627062,0,5.67,8
1980,626407,0,19.39,6
1981,624114,1,74.73,3
1982,620677,1,51.74,4
1983,617432,1,75.9,3
1984,617119,0,3.32,9
1985,616777,0,40.1,5
1986,615809,1,60.18,4
1987,612603,1,85.25,2
1988,609185,1,93.29,1
1989,607907,0,6.55,8
1990,603083,0,23.02,6
1991,601976,0,32.86,5
1992,601302,0,63.68,4
1993,598619,0,72.84,3
1994,598316,1,22.38,6
1995,597187,0,1.99,10
1996,595702,1,36.28,5
1997,594655,0,10.56,7
1998,594003,0,7.82,8
1999,593560,0,32.86,5
2000,592337,1,32.86,5
2001,591022,0,7.82,8
2002,590359,1,95.48,1
2003,590347,0,2.89,9
2004,589266,1,37.08,5
2005,588705,0,1.99,10
2006,588391,0,27.14,5
2007,587640,0,14.52,6
2008,587559,0,15.97,6
2009,584655,0,6.02,8
2010,583960,1,93.94,1
2011,583580,1,88.62,2
2012,579833,1,57.98,4
2013,657261,1,26.2,5
2014,654136,1,98.67,1
2015,650646,1,15.27,6
2016,649488,1,51.41,4
2017,649341,0,42.39,4
2018,646577,0,24.94,5
2019,644069,0,7.3,8
2020,643974,0,3.21,9
2021,643517,1,78.28,3
2022,643219,1,77.08,3
2023,642046,0,50.94,4
2024,639458,1,88.58,2
2025,634618,1,23.81,6
2026,634094,1,71.33,3
2027,633871,1,81.29,2
2028,632132,1,30.49,5
2029,627505,1,70.58,3
2030,627250,0,4.5,9
2031,624983,0,10.41,7
2032,624347,1,45.79,4
2033,623622,1,33.67,5
2034,622543,1,69.72,3
2035,621254,0,3.9,9
2036,620607,0,10.92,7
2037,617272,1,84.51,2
2038,616910,0,39.92,5
2039,614607,0,10.11,7
2040,614535,0,63.39,4
2041,614324,1,77.88,3
2042,613769,0,53.47,4
2043,612548,1,83.61,2
2044,612252,0,34.49,5
2045,610077,1,81.53,2
2046,610041,1,94.85,1
2047,606548,0,85.46,2
2048,605015,0,7.82,8
2049,603501,0,22.3,6
2050,601247,0,1.99,10
2051,598615,0,1.99,10
2052,596750,0,74.35,3
2053,594106,0,5.67,8
2054,590729,0,8.14,8
2055,587876,0,28.98,5
2056,583169,1,13.37,7
2057,583030,0,9.37,7
2058,582159,0,14.21,6
2059,579928,1,15.17,6
2060,657186,0,12.08,7
2061,646448,0,6.98,8
2062,645378,0,11.26,7
2063,644706,1,77.56,3
2064,643304,0,27.38,5
2065,643058,0,21.81,6
2066,642439,0,22.94,6
2067,642256,0,3.72,9
2068,637662,1,95.84,1
2069,637184,1,80.81,2
2070,635908,0,5.67,8
2348,643053,1,79.94,2
2349,639977,1,97.7,1
2350,639722,1,76.82,3
2351,638668,0,1.95,10
2352,635710,1,32.86,5
2353,632342,0,2.36,10
2354,631621,0,3.31,9
2355,629251,0,25.21,5
2356,626452,0,2.87,9
2357,624575,0,8.68,8
2358,623366,0,26.07,5
2359,622101,0,1.99,10
2360,617895,0,13.12,7
2361,617842,1,96.21,1
2362,614238,1,61.09,4
2363,610661,0,22.11,6
2364,609072,1,15.02,6
2365,609043,0,10.4,7
2366,606510,0,19.9,6
2367,606481,0,29.29,5
2368,601524,0,5.67,8
2369,600798,0,21.56,6
2370,600191,0,24.41,6
2371,597233,1,31.29,5
2372,594041,0,16.2,6
2373,592374,0,23.57,6
2374,591536,1,95.38,1
2375,591263,0,59.38,4
2376,591197,0,45.37,4
2377,590304,0,2.33,10
2378,588564,0,10.48,7
2379,584110,0,22.31,6
2380,583585,0,2.13,10
2381,580908,0,15.28,6
2382,580407,0,9.97,7
2383,653048,1,93.17,1
2384,650656,1,7.57,8
2385,649555,0,3.5,9
2386,649244,1,54.76,4
2387,648037,0,1.99,10
2388,643986,1,96.21,1
2389,641955,1,92.07,1
2390,641291,0,3.13,9
2391,640398,0,10.57,7
2392,640348,1,97.8,1
2393,640149,1,60.17,4
2394,638325,0,26.96,5
2395,634642,0,13.58,7
2396,632943,0,5.67,8
2397,631704,0,2.9,9
2398,631079,0,3.2,9
2399,629964,1,79.0,3
2400,627665,0,15.01,6
2401,624830,0,13.53,7
2402,623088,0,3.62,9
2403,621219,0,3.45,9
2404,620391,0,1.99,10
2071,635375,0,3.37,9
2072,634857,0,16.46,6
2073,634083,0,7.82,8
2074,633795,0,13.83,7
2075,633149,0,1.99,10
2076,631854,1,79.0,3
2077,629768,1,93.37,1
2078,627970,1,65.23,4
2079,627472,1,73.9,3
2080,625995,0,16.42,6
2081,625906,1,12.88,7
2082,623332,1,97.47,1
2083,619538,0,3.04,9
2084,616009,0,12.08,7
2085,614791,1,97.47,1
2086,614655,1,98.49,1
2087,613966,0,5.3,9
2088,613818,1,97.47,1
2089,613352,1,72.08,3
2090,613042,1,94.11,1
2091,609702,1,22.17,6
2092,607089,1,64.72,4
2093,606309,1,97.49,1
2094,605318,1,97.34,1
2095,604905,0,10.21,7
2096,604821,0,12.54,7
2097,603400,0,8.1,8
2098,603139,1,83.11,2
2099,601799,0,8.63,8
2100,601707,1,90.43,2
2101,600699,0,3.73,9
2102,600013,1,91.58,1
2103,598753,1,97.6,1
2104,598485,0,26.17,5
2105,596905,0,6.47,8
2106,595607,1,79.88,2
2107,594120,0,29.72,5
2108,593831,0,32.86,5
2109,592888,0,22.64,6
2110,592345,0,74.99,3
2111,591979,0,16.02,6
2112,591439,0,5.1,9
2113,591340,0,5.67,8
2114,588664,0,4.92,9
2115,585535,1,84.88,2
2116,584481,1,86.63,2
2117,581992,0,8.23,8
2118,581991,1,46.03,4
2119,660471,1,49.17,4
2120,654326,1,59.42,4
2121,653879,1,23.04,6
2122,646363,0,28.44,5
2123,646241,1,40.46,5
2124,644624,0,26.08,5
2125,643945,1,97.35,1
2126,643101,1,83.09,2
2127,642806,0,1.99,10
2128,636261,1,94.06,1
2129,635453,1,94.61,1
2130,632341,0,11.41,7
2131,630403,0,12.04,7
2132,629118,1,70.35,3
2133,628025,1,70.63,3
2134,619234,1,68.25,3
2135,614140,0,7.82,8
2136,614107,1,98.1,1
2137,613398,1,67.33,3
2138,612484,1,98.92,1
2139,608255,1,46.03,4
2140,608096,1,36.3,5
2141,602685,0,79.4,2
2142,601000,0,46.03,4
2143,597189,0,7.82,8
2144,597116,1,71.12,3
2145,596714,0,7.82,8
2146,596450,0,10.39,7
2147,593090,1,13.72,7
2148,590357,0,12.59,7
2149,589314,0,46.77,4
2150,588132,1,96.26,1
2151,586563,1,57.05,4
2152,586124,0,1.99,10
2153,584094,0,63.84,4
2154,581650,1,92.45,1
2155,581529,0,33.26,5
2156,580419,0,23.62,6
2157,659937,0,50.25,4
2158,659820,0,12.04,7
2159,659507,1,72.61,3
2160,659203,1,6.93,8
2161,656493,0,4.22,9
2162,655406,1,97.47,1
2163,655352,1,91.41,2
2164,655091,0,1.83,10
2165,646558,1,29.78,5
2166,645523,1,52.86,4
2167,645200,1,23.33,6
2168,643292,1,79.77,2
2169,639014,0,44.84,4
2170,638503,1,76.12,3
2171,638023,0,63.77,4
2172,637463,0,32.86,5
2173,637189,0,6.79,8
2174,636420,1,72.01,3
2175,634019,0,6.19,8
2176,632435,1,19.38,6
2177,625063,1,76.39,3
2178,623651,1,41.53,4
2179,620110,0,32.86,5
2180,619195,1,75.17,3
2181,619142,0,26.08,5
2182,618835,0,8.95,7
2183,618080,0,14.75,6
2184,617515,1,86.81,2
2185,616058,1,57.05,4
2186,615320,1,56.96,4
2187,614103,1,97.7,1
2188,614080,1,98.22,1
2189,613684,1,83.93,2
2190,611369,0,5.67,8
2191,609098,0,9.51,7
2192,599857,0,23.52,6
2193,598657,0,7.49,8
2194,596565,0,16.04,6
2195,596296,0,6.55,8
2196,591826,0,11.07,7
2197,589850,0,3.36,9
2198,589395,0,56.7,4
2199,588677,1,82.06,2
2200,588203,0,17.63,6
2201,586930,0,3.66,9
2202,584182,0,53.35,4
2203,583243,0,11.07,7
2204,660624,0,2.55,10
2205,658023,0,32.37,5
2206,657902,0,73.09,3
2207,655061,1,75.56,3
2208,654175,0,5.02,9
2209,650684,1,53.64,4
2210,645657,1,71.33,3
2211,645610,0,4.38,9
2212,644295,1,83.09,2
2213,641959,1,72.07,3
2214,641091,1,8.45,8
2215,640928,0,61.83,4
2216,636192,1,72.97,3
2217,635724,0,18.14,6
2218,632831,0,3.72,9
2219,627081,0,2.0,10
2220,623537,1,17.17,6
2221,623455,1,58.25,4
2222,623084,0,12.56,7
2223,618705,0,9.6,7
2224,618575,0,32.34,5
2225,614828,0,14.06,6
2226,614132,1,23.02,6
2227,613483,1,46.03,4
2228,610777,0,27.24,5
2229,609962,0,46.03,4
2230,607172,0,93.8,1
2231,605649,0,65.79,4
2232,605343,0,3.16,9
2233,604612,0,9.54,7
2234,601070,1,48.85,4
2235,598068,0,21.56,6
2236,595176,0,32.92,5
2237,593789,1,73.91,3
2238,591703,0,7.82,8
2239,591418,1,86.81,2
2240,590944,1,96.37,1
2241,589730,1,64.75,4
2242,588696,0,15.61,6
2243,586326,0,1.99,10
2244,584324,0,66.18,4
2245,583381,0,19.03,6
2246,583285,1,52.7,4
2247,581637,1,11.02,7
2248,580849,1,11.65,7
2249,579870,1,83.78,2
2250,656463,0,2.67,10
2251,654393,0,9.28,7
2252,653120,1,59.98,4
2253,652500,0,2.7,10
2254,650877,0,4.39,9
2255,634320,1,95.87,1
2256,633440,0,1.99,10
2257,633173,0,16.63,6
2258,632714,1,56.97,4
2259,632055,0,14.07,6
2260,629746,1,92.68,1
2261,626815,0,76.23,3
2262,619819,0,13.18,7
2263,617782,1,94.85,1
2264,616493,1,82.37,2
2265,614804,1,79.65,2
2266,614097,1,32.86,5
2267,614082,1,70.58,3
2268,611560,0,49.32,4
2269,607101,1,22.13,6
2270,606988,0,1.35,10
2271,604230,0,7.13,8
2272,600761,0,23.92,6
2273,600639,1,81.21,2
2274,599351,1,25.38,5
2275,597306,0,11.41,7
2276,591390,0,2.8,10
2277,589639,0,47.21,4
2278,589299,0,11.43,7
2279,585868,0,11.39,7
2280,583405,0,3.02,9
2281,582870,0,7.82,8
2282,580449,0,47.61,4
2283,659819,0,15.95,6
2284,659492,0,26.44,5
2285,654703,0,11.25,7
2286,652567,0,5.67,8
2287,652506,1,72.1,3
2288,651289,0,10.39,7
2289,644905,0,72.1,3
2290,644257,1,79.44,2
2291,643946,1,82.37,2
2292,643602,0,2.18,10
2293,642295,0,3.26,9
2294,641626,1,64.27,4
2295,638197,0,13.59,7
2296,637014,1,31.29,5
2297,635889,1,74.18,3
2298,635434,0,4.14,9
2299,635407,0,42.24,4
2300,634029,1,73.88,3
2301,633878,0,15.02,6
2302,633013,0,32.86,5
2303,632210,1,34.47,5
2304,628908,0,5.67,8
2305,627485,1,86.18,2
2306,627173,1,86.81,2
2307,626514,0,1.47,10
2308,626337,1,60.19,4
2309,626237,0,2.69,10
2310,622084,0,1.92,10
2311,621870,0,1.94,10
2312,618235,0,43.04,4
2313,616232,1,69.6,3
2314,613423,1,19.9,6
2315,610458,0,3.36,9
2316,608896,0,12.92,7
2317,608557,1,24.78,6
2318,606672,1,94.75,1
2319,605681,0,23.92,6
2320,605655,0,10.38,7
2321,604199,1,67.56,3
2322,603552,0,25.49,5
2323,603216,0,11.37,7
2324,602658,0,1.29,10
2325,601653,0,6.03,8
2326,601573,0,32.86,5
2327,601116,0,66.66,4
2328,597759,0,76.38,3
2329,591978,0,2.95,9
2330,588037,1,96.47,1
2331,587918,1,97.7,1
2332,585859,0,1.83,10
2333,585283,0,67.45,3
2334,584805,0,5.24,9
2335,582607,1,24.98,5
2336,581267,1,41.58,4
2337,581167,0,22.54,6
2338,579712,1,85.5,2
2339,658793,1,73.98,3
2340,654186,0,6.26,8
2341,653858,0,2.72,10
2342,652948,1,69.44,3
2343,652768,0,3.45,9
2344,652193,0,35.25,5
2345,651143,0,6.29,8
2346,645155,0,5.7,8
2347,644724,1,66.91,4
2682,634175,0,11.44,7
2683,630972,1,82.28,2
2684,630663,0,1.39,10
2685,629418,0,1.99,10
2686,628570,0,3.24,9
2687,627526,1,42.75,4
2688,620635,0,1.41,10
2689,618507,1,29.78,5
2690,617188,1,88.82,2
2691,616531,0,46.03,4
2692,616002,0,86.81,2
2693,614570,0,8.12,8
2694,614282,0,20.96,6
2695,612745,1,28.07,5
2696,608677,1,95.02,1
2697,608266,0,48.06,4
2698,608009,0,9.57,7
2699,606383,1,86.63,2
2700,605335,1,97.34,1
2701,605027,1,32.93,5
2702,604797,0,1.99,10
2703,604214,1,67.59,3
2704,601745,0,70.58,3
2705,598940,0,1.35,10
2706,597904,1,84.81,2
2707,594589,0,32.86,5
2708,591620,1,74.9,3
2709,591029,1,19.15,6
2710,590295,0,12.41,7
2711,586308,1,71.43,3
2712,585343,0,2.41,10
2713,582360,0,7.3,8
2714,656492,1,98.54,1
2715,653910,1,95.22,1
2716,652937,0,25.65,5
2717,645802,0,48.19,4
2718,643496,1,81.26,2
2719,643467,1,96.44,1
2720,639385,0,7.82,8
2721,636950,0,25.75,5
2722,636059,1,97.47,1
2723,632611,1,27.38,5
2724,629908,0,3.49,9
2725,629720,0,50.87,4
2726,627808,0,52.69,4
2727,627560,1,97.47,1
2728,625316,1,78.36,3
2729,622875,0,8.48,8
2730,622505,1,80.22,2
2731,621739,0,67.14,4
2732,614840,1,23.09,6
2733,613659,1,90.73,2
2734,613099,0,15.73,6
2735,612899,0,16.41,6
2736,612791,0,24.42,6
2737,611498,1,31.21,5
2738,611277,1,76.27,3
2739,610672,0,30.77,5
2740,608721,1,70.37,3
2741,608409,0,27.21,5
2742,607630,0,3.44,9
2743,605983,0,64.22,4
2744,605805,0,24.82,6
2745,603592,0,13.83,7
2746,602304,0,3.61,9
2747,596953,0,81.17,2
2748,596419,0,15.22,6
2749,595520,0,10.44,7
2750,593407,0,29.69,5
2751,592851,0,9.22,7
2752,592525,1,85.9,2
2753,591443,0,1.99,10
2754,587083,0,21.72,6
2755,582936,0,70.58,3
2756,581301,1,76.86,3
2757,581257,1,97.67,1
2758,660267,1,87.51,2
2759,659146,1,64.48,4
2760,658234,0,2.7,10
2761,655338,0,2.31,10
2762,655241,0,12.4,7
2763,655065,0,6.22,8
2764,652707,1,10.21,7
2765,645308,1,38.76,5
2766,642455,0,3.0,9
2767,639774,0,3.66,9
2768,639359,0,6.44,8
2769,638180,1,55.37,4
2770,636562,1,90.93,2
2771,635017,0,3.79,9
2772,630627,1,82.83,2
2773,629217,0,1.84,10
2774,627153,0,1.99,10
2775,627004,0,5.82,8
2776,626880,0,44.5,4
2777,624090,0,3.37,9
2778,619137,0,3.93,9
2779,618270,0,11.06,7
2780,618253,1,18.44,6
2781,616332,0,8.19,8
2782,615125,1,47.29,4
2783,612578,1,98.53,1
2784,610382,0,5.0,9
2785,608791,1,83.33,2
2786,607383,0,3.74,9
2787,606760,1,97.63,1
2788,606658,0,2.93,9
2789,602307,1,84.14,2
2790,601746,0,7.77,8
2791,594369,1,97.31,1
2405,619285,0,22.1,6
2406,616085,0,18.87,6
2407,611720,0,8.78,7
2408,611201,0,18.93,6
2409,610092,0,10.58,7
2410,607885,0,5.33,9
2411,601102,1,63.03,4
2412,600829,0,70.23,3
2413,600686,0,32.86,5
2414,598810,1,84.59,2
2415,597563,0,5.67,8
2416,596541,1,22.31,6
2417,595949,1,70.58,3
2418,592734,0,13.59,7
2419,590200,1,74.77,3
2420,590171,0,6.62,8
2421,589033,0,32.67,5
2422,589001,0,30.82,5
2423,588857,0,15.24,6
2424,588820,0,7.82,8
2425,588783,1,97.92,1
2426,588317,0,13.89,7
2427,586104,0,29.38,5
2428,585772,1,62.52,4
2429,584779,0,87.31,2
2430,581789,1,68.1,3
2431,581287,0,12.04,7
2432,660673,1,66.92,4
2433,654415,0,13.68,7
2434,652610,0,2.18,10
2435,648798,0,12.15,7
2436,645243,1,86.81,2
2437,645173,1,96.93,1
2438,643628,0,14.12,6
2439,643051,1,79.14,2
2440,641149,0,3.35,9
2441,640961,1,46.03,4
2442,640469,1,92.87,1
2443,640256,1,24.48,6
2444,639704,0,13.6,7
2445,639205,0,4.19,9
2446,638770,0,2.4,10
2447,636898,1,24.32,6
2448,628769,0,3.62,9
2449,626291,0,7.47,8
2450,624208,0,13.81,7
2451,623398,1,65.61,4
2452,623078,0,8.36,8
2453,621078,1,97.06,1
2454,617003,1,66.43,4
2455,611257,1,70.58,3
2456,610776,0,5.14,9
2457,608132,1,96.51,1
2458,606271,0,1.99,10
2459,605857,0,2.09,10
2460,605580,0,3.73,9
2461,604385,0,2.34,10
2462,604204,0,20.75,6
2463,603728,0,19.15,6
2464,601495,0,9.71,7
2465,600505,1,73.94,3
2466,598347,0,9.24,7
2467,598094,1,95.7,1
2468,596580,1,33.99,5
2469,595902,1,70.58,3
2470,594531,1,58.27,4
2471,594111,0,5.67,8
2472,593398,0,30.0,5
2473,592165,1,84.59,2
2474,591098,1,98.04,1
2475,590954,0,1.99,10
2476,590832,1,16.39,6
2477,589663,0,20.26,6
2478,589146,1,94.09,1
2479,586158,0,26.05,5
2480,585505,0,5.67,8
2481,585361,0,7.82,8
2482,583176,1,64.72,4
2483,582309,0,41.97,4
2484,580026,0,70.58,3
2485,659241,0,1.61,10
2486,658546,1,75.38,3
2487,657676,0,9.16,7
2488,650362,1,75.75,3
2489,649203,0,10.42,7
2490,647996,0,36.78,5
2491,645335,0,32.93,5
2492,644758,1,97.09,1
2493,642933,1,96.8,1
2494,641349,1,69.31,3
2495,640446,1,77.77,3
2496,636348,0,9.21,7
2497,634994,0,11.74,7
2498,634053,1,70.63,3
2499,632380,0,16.89,6
2500,632105,0,3.04,9
2501,631864,1,41.52,4
2502,631565,1,78.87,3
2503,630550,1,97.34,1
2504,629371,0,10.44,7
2505,625499,1,66.61,4
2506,622372,1,86.81,2
2507,618437,0,10.74,7
2508,616965,1,8.99,7
2509,616143,1,70.58,3
2510,614865,1,9.37,7
2511,614625,0,5.67,8
2512,609697,0,5.67,8
2513,609429,0,12.23,7
2514,606573,1,97.75,1
2515,605654,1,5.67,8
2516,604935,0,10.63,7
2517,603015,0,6.9,8
2518,601670,1,82.95,2
2519,600758,0,34.65,5
2520,600735,1,40.37,5
2521,600627,0,7.82,8
2522,599422,0,10.43,7
2523,598004,0,7.82,8
2524,596635,0,5.67,8
2525,596530,1,79.17,2
2526,595853,1,65.72,4
2527,594961,1,87.44,2
2528,593016,1,93.18,1
2529,591747,0,7.82,8
2530,591605,0,8.29,8
2531,591380,0,5.67,8
2532,591071,1,85.39,2
2533,588159,0,1.99,10
2534,587996,0,12.4,7
2535,584323,0,7.05,8
2536,584292,0,12.27,7
2537,582084,0,11.66,7
2538,655323,0,10.83,7
2539,653929,0,1.83,10
2540,651277,0,14.82,6
2541,645825,1,95.44,1
2542,645725,0,1.99,10
2543,645563,0,1.99,10
2544,644750,1,94.62,1
2545,642784,1,89.84,2
2546,640921,0,5.13,9
2547,640506,1,32.86,5
2548,637705,0,2.95,9
2549,633863,0,5.67,8
2550,631563,1,71.53,3
2551,630760,0,29.63,5
2552,630158,0,10.34,7
2553,629765,0,1.99,10
2554,625850,1,44.56,4
2555,623879,0,8.7,8
2556,622641,0,32.86,5
2557,619413,0,32.86,5
2558,617905,0,23.6,6
2559,617761,1,71.3,3
2560,617000,0,27.38,5
2561,616844,0,78.56,3
2562,616621,0,30.47,5
2563,615839,0,5.67,8
2564,615719,0,76.24,3
2565,615563,0,32.86,5
2566,615278,0,32.86,5
2567,615031,0,24.0,6
2568,614441,1,16.15,6
2569,613326,1,9.56,7
2570,607362,0,7.82,8
2571,605884,0,16.11,6
2572,602438,1,97.71,1
2573,602217,0,10.06,7
2574,601728,0,6.61,8
2575,601193,1,52.56,4
2576,600612,1,97.17,1
2577,599578,1,93.22,1
2578,597640,1,44.26,4
2579,596805,0,97.69,1
2580,595710,1,40.1,5
2581,593446,0,5.41,9
2582,591823,0,5.67,8
2583,590780,1,76.75,3
2584,585140,0,14.55,6
2585,584456,1,62.1,4
2586,657318,0,2.58,10
2587,656049,0,6.54,8
2588,653082,1,70.46,3
2589,645184,0,27.54,5
2590,641673,0,9.65,7
2591,641258,0,7.54,8
2592,640896,0,13.37,7
2593,637265,0,9.84,7
2594,632851,1,70.58,3
2595,632524,0,4.21,9
2596,628273,1,76.1,3
2597,627364,0,3.3,9
2598,627236,0,3.83,9
2599,626976,1,53.23,4
2600,626281,0,3.44,9
2601,625601,0,12.66,7
2602,625012,0,20.58,6
2603,621492,0,9.37,7
2604,620832,0,47.31,4
2605,618782,1,72.49,3
2606,614902,1,94.9,1
2607,613129,1,64.09,4
2608,612298,0,24.75,6
2609,610408,0,2.9,9
2610,602826,1,73.77,3
2611,601072,0,1.99,10
2612,599943,0,19.38,6
2613,594789,1,97.89,1
2614,594679,0,32.86,5
2615,594447,1,77.62,3
2616,591037,0,2.78,10
2617,589816,0,32.86,5
2618,587889,0,46.66,4
2619,586343,1,91.78,1
2620,585120,0,21.04,6
2621,584668,0,1.99,10
2622,580086,0,9.9,7
2623,658142,1,75.35,3
2624,656938,0,5.63,9
2625,655021,0,3.18,9
2626,651865,1,53.48,4
2627,651262,0,10.61,7
2628,644143,0,7.92,8
2629,634222,0,3.56,9
2630,633132,0,1.99,10
2631,632936,1,73.89,3
2632,630773,0,68.7,3
2633,625253,0,3.94,9
2634,625058,0,4.18,9
2635,622773,0,1.99,10
2636,621941,1,11.9,7
2637,620794,0,24.99,5
2638,619649,1,97.68,1
2639,618565,0,10.56,7
2640,617867,0,3.19,9
2641,616597,0,1.99,10
2642,614635,1,97.91,1
2643,610663,0,76.4,3
2644,608869,0,3.64,9
2645,606314,0,5.67,8
2646,604069,0,1.99,10
2647,602520,0,7.89,8
2648,602317,0,4.74,9
2649,598150,0,2.23,10
2650,593929,1,86.81,2
2651,591535,0,2.26,10
2652,588832,0,7.82,8
2653,588806,1,92.61,1
2654,587040,1,65.26,4
2655,586577,0,6.19,8
2656,586544,1,66.82,4
2657,583972,0,13.29,7
2658,583069,1,76.89,3
2659,582690,0,46.03,4
2660,581763,0,7.82,8
2661,580373,1,47.74,4
2662,660222,0,9.83,7
2663,659700,0,1.99,10
2664,659074,0,8.02,8
2665,655736,0,3.71,9
2666,655111,1,97.8,1
2667,650678,0,1.99,10
2668,649338,1,82.75,2
2669,647691,0,2.5,10
2670,646873,0,15.22,6
2671,644861,0,1.99,10
2672,644380,1,86.19,2
2673,643054,0,11.69,7
2674,641891,1,32.07,5
2675,641725,0,21.53,6
2676,641495,1,65.33,4
2677,639253,1,96.48,1
2678,639079,1,1.83,10
2679,636905,0,26.28,5
2680,636201,0,18.87,6
2681,635736,0,38.89,5
2792,592892,0,12.26,7
2793,592869,0,10.81,7
2794,592812,0,17.63,6
2795,592664,0,14.96,6
2796,590733,0,20.18,6
2797,590414,0,5.63,9
2798,589006,1,97.32,1
2799,588291,1,68.45,3
2800,585872,1,74.85,3
2801,585581,1,59.76,4
2802,582755,1,9.67,7
2803,582544,0,10.75,7
2804,580929,0,12.74,7
2805,658220,0,7.91,8
2806,657426,0,25.79,5
2807,657316,0,3.05,9
2808,654519,1,17.79,6
2809,652822,0,14.77,6
2810,651599,0,3.77,9
2811,647689,1,53.04,4
2812,647132,0,1.99,10
2813,645530,1,35.87,5
2814,644576,0,4.32,9
2815,644122,0,11.11,7
2816,642967,0,9.85,7
2817,641227,0,11.21,7
2818,638674,0,38.6,5
2819,631627,0,1.99,10
2820,631429,0,3.21,9
2821,628524,0,5.67,8
2822,627999,0,9.3,7
2823,627715,0,3.89,9
2824,627702,0,22.29,6
2825,624359,0,3.23,9
2826,622488,0,1.81,10
2827,619527,0,5.67,8
2828,619260,0,2.69,10
2829,619119,1,80.72,2
2830,617711,1,95.44,1
2831,617235,1,97.93,1
2832,616607,1,83.73,2
2833,614998,1,97.62,1
2834,613947,1,60.52,4
2835,613194,1,97.8,1
2836,612657,0,10.91,7
2837,612162,0,52.38,4
2838,611262,0,5.09,9
2839,610957,0,1.99,10
2840,610872,0,2.13,10
2841,609067,1,68.95,3
2842,608852,1,31.71,5
2843,608619,1,81.1,2
2844,608169,0,1.12,10
2845,605786,0,1.99,10
2846,601282,0,69.7,3
2847,601227,1,27.46,5
2848,596748,0,1.99,10
2849,596395,1,80.54,2
2850,595608,0,61.06,4
2851,592978,0,16.06,6
2852,590668,1,82.11,2
2853,590360,1,34.55,5
2854,589413,0,3.96,9
2855,587703,0,58.92,4
2856,585870,0,15.23,6
2857,585399,1,66.82,4
2858,583508,0,32.92,5
2859,583373,1,69.28,3
2860,582472,0,5.67,8
2861,581456,1,86.9,2
2862,580966,0,1.73,10
2863,660540,0,1.99,10
2864,659710,1,88.81,2
2865,656729,0,3.64,9
2866,656096,0,9.37,7
2867,646915,0,3.07,9
2868,645714,1,32.86,5
2869,643524,0,44.37,4
2870,642061,0,3.8,9
2871,640630,1,90.84,2
2872,639373,1,95.32,1
2873,632786,1,73.94,3
2874,631333,1,92.59,1
2875,630462,1,97.51,1
2876,629871,0,31.61,5
2877,628517,1,98.97,1
2878,627146,1,24.62,6
2879,626334,0,72.1,3
2880,624527,0,3.45,9
2881,622631,1,54.38,4
2882,619182,0,3.66,9
2883,616772,0,7.82,8
2884,615707,1,14.9,6
2885,613965,1,84.5,2
2886,609838,1,48.97,4
2887,608231,0,9.05,7
2888,606311,1,97.34,1
2889,605656,0,30.51,5
2890,605416,0,4.61,9
2891,605363,0,7.82,8
2892,603461,0,1.99,10
2893,600323,1,90.6,2
2894,599679,1,97.19,1
2895,598074,0,4.74,9
2896,596338,0,12.34,7
2897,594771,0,12.03,7
2898,588179,0,8.65,8
2899,587760,1,32.52,5
2900,586827,0,16.05,6
2901,582315,0,32.86,5
2902,580252,0,14.34,6
3180,596550,0,2.42,10
3181,596508,0,15.1,6
3182,596198,0,72.24,3
3183,594547,0,8.66,8
3184,591323,0,8.48,8
3185,591106,1,98.39,1
3186,589874,1,40.91,5
3187,589157,1,64.81,4
3188,588802,1,55.23,4
3189,586022,0,65.0,4
3190,655133,1,66.44,4
3191,651993,1,70.58,3
3192,651702,1,91.61,1
3193,651477,1,7.34,8
3194,648136,0,17.1,6
3195,647449,1,75.52,3
3196,645324,1,30.8,5
3197,641566,0,3.73,9
3198,641108,0,7.82,8
3199,639624,0,11.25,7
3200,636208,1,72.34,3
3201,630603,1,48.13,4
3202,629031,0,3.45,9
3203,627844,0,12.04,7
3204,626996,0,12.02,7
3205,626297,0,1.99,10
3206,624860,0,2.93,9
3207,624343,1,75.75,3
3208,624199,0,1.75,10
3209,623851,1,70.58,3
3210,620439,0,2.34,10
3211,616359,0,5.61,9
3212,616183,0,76.89,3
3213,616059,1,59.06,4
3214,613087,0,2.89,9
3215,612869,1,97.26,1
3216,611746,0,2.27,10
3217,610615,1,69.0,3
3218,610473,1,76.23,3
3219,608834,0,8.48,8
3220,605310,1,98.1,1
3221,603938,1,70.58,3
3222,601242,1,81.96,2
3223,599932,1,78.11,3
3224,595797,1,82.13,2
3225,588691,0,3.83,9
3226,587886,0,38.67,5
3227,587010,0,21.77,6
3228,585403,1,87.02,2
3229,585243,0,15.6,6
3230,584650,0,3.42,9
3231,583301,0,13.46,7
3232,583118,0,32.86,5
3233,581606,0,61.85,4
2903,580126,1,54.95,4
2904,658527,0,1.99,10
2905,657010,0,5.67,8
2906,656896,0,3.06,9
2907,654579,0,3.34,9
2908,649181,0,15.81,6
2909,645596,1,97.8,1
2910,645350,1,92.1,1
2911,640714,1,81.97,2
2912,640024,0,13.38,7
2913,632382,1,98.16,1
2914,629531,0,14.88,6
2915,625793,1,70.58,3
2916,623925,1,79.84,2
2917,623294,1,89.32,2
2918,623158,0,8.12,8
2919,619857,1,74.84,3
2920,619098,1,55.62,4
2921,610145,1,77.45,3
2922,609128,0,81.2,2
2923,601816,0,6.01,8
2924,594568,0,7.81,8
2925,593786,1,82.61,2
2926,587293,0,49.27,4
2927,586069,0,3.29,9
2928,583831,0,46.03,4
2929,581969,0,1.99,10
2930,581686,0,2.54,10
2931,580642,0,2.8,10
2932,660737,0,16.02,6
2933,659582,0,39.46,5
2934,657226,0,1.99,10
2935,657138,0,3.51,9
2936,654170,1,86.49,2
2937,654123,0,5.57,9
2938,654040,0,11.57,7
2939,653413,0,12.73,7
2940,651764,1,76.46,3
2941,651094,0,49.36,4
2942,650170,0,65.15,4
2943,648886,0,1.99,10
2944,648139,1,86.81,2
2945,646398,0,5.61,9
2946,642914,0,46.03,4
2947,642796,0,12.96,7
2948,639852,0,8.13,8
2949,636960,0,27.38,5
2950,634776,1,93.16,1
2951,633983,0,82.28,2
2952,633928,0,72.61,3
2953,632940,1,93.05,1
2954,631812,0,2.54,10
2955,629969,0,59.69,4
2956,629582,1,81.53,2
2957,627373,1,73.35,3
2958,627135,1,82.37,2
2959,622363,1,39.49,5
2960,619550,1,95.31,1
2961,618049,0,59.44,4
2962,616068,1,41.58,4
2963,615658,1,7.82,8
2964,615556,0,16.02,6
2965,614070,1,98.1,1
2966,614038,1,69.02,3
2967,613440,0,32.86,5
2968,612458,0,46.46,4
2969,604240,1,97.05,1
2970,602170,0,8.22,8
2971,600114,0,13.28,7
2972,599320,1,21.98,6
2973,598251,0,10.51,7
2974,597625,0,68.88,3
2975,596416,0,69.02,3
2976,595623,0,10.88,7
2977,595223,0,12.32,7
2978,594063,1,85.03,2
2979,592510,0,1.99,10
2980,592358,0,11.29,7
2981,591970,0,1.35,10
2982,591233,0,6.55,8
2983,591199,0,5.74,8
2984,589573,0,51.27,4
2985,587781,0,70.58,3
2986,585325,1,47.05,4
2987,583368,0,22.16,6
2988,582814,0,5.67,8
2989,655079,0,3.62,9
2990,655036,0,1.99,10
2991,654395,1,39.51,5
2992,652153,0,18.54,6
2993,651349,0,2.8,10
2994,650918,1,76.85,3
2995,650012,1,72.1,3
2996,648526,1,95.01,1
2997,648331,1,61.21,4
2998,643151,1,97.47,1
2999,641410,0,36.57,5
3000,640112,0,16.92,6
3001,639311,1,86.81,2
3002,638686,1,34.37,5
3003,637907,0,9.62,7
3004,633177,0,8.29,8
3005,633122,1,97.34,1
3006,632439,1,82.88,2
3007,630654,1,87.85,2
3008,630200,1,97.62,1
3009,628845,0,7.33,8
3010,627692,0,11.07,7
3011,626987,0,7.82,8
3012,626257,1,62.52,4
3013,625894,1,73.77,3
3014,624838,0,1.23,10
3015,623548,1,76.18,3
3016,622534,1,78.01,3
3017,622410,0,38.11,5
3018,618915,0,5.67,8
3019,618341,0,5.38,9
3020,617313,1,86.31,2
3021,617213,0,8.12,8
3022,616985,0,11.16,7
3023,614506,1,11.29,7
3024,613574,1,97.5,1
3025,612231,1,86.35,2
3026,609832,0,9.47,7
3027,609095,0,20.05,6
3028,608929,1,75.3,3
3029,608488,1,75.67,3
3030,608439,0,1.99,10
3031,607411,0,15.53,6
3032,604092,1,90.28,2
3033,601403,0,13.27,7
3034,599075,1,94.47,1
3035,598596,0,20.96,6
3036,598323,1,62.39,4
3037,596989,0,48.6,4
3038,595952,1,82.77,2
3039,595888,0,13.5,7
3040,594744,1,92.11,1
3041,594038,1,96.27,1
3042,592867,0,34.86,5
3043,592591,0,1.99,10
3044,592399,0,8.48,8
3045,591076,0,25.71,5
3046,588834,0,3.45,9
3047,587979,1,80.91,2
3048,586820,0,9.76,7
3049,585303,1,97.26,1
3050,585274,0,5.67,8
3051,584750,0,2.01,10
3052,582156,1,95.72,1
3053,581515,1,97.3,1
3054,659170,0,45.01,4
3055,659132,0,3.19,9
3056,654319,0,1.31,10
3057,648219,0,12.56,7
3058,647992,1,89.19,2
3059,643838,1,95.65,1
3060,643583,1,72.8,3
3061,642846,0,3.34,9
3062,640809,0,7.82,8
3063,640421,0,7.3,8
3064,638158,0,8.31,8
3065,634314,1,70.37,3
3066,633810,0,1.99,10
3067,631649,1,83.37,2
3068,631540,1,97.18,1
3069,631529,0,26.35,5
3070,631355,0,29.85,5
3071,630765,0,28.15,5
3072,629610,1,70.58,3
3073,629524,1,97.06,1
3074,628877,0,12.23,7
3075,628689,1,97.22,1
3076,627952,0,22.9,6
3077,627553,0,7.82,8
3078,627462,1,94.55,1
3079,626794,0,15.13,6
3080,625453,0,7.84,8
3081,617400,1,70.24,3
3082,617028,1,90.02,2
3083,615106,1,34.94,5
3084,612424,0,35.28,5
3085,612050,0,83.74,2
3086,611101,0,3.3,9
3087,610865,0,3.45,9
3088,610568,0,6.22,8
3089,609677,1,63.7,4
3090,606418,0,7.82,8
3091,604843,0,8.75,8
3092,604202,0,10.74,7
3093,602420,0,4.31,9
3094,600219,1,84.45,2
3095,599501,1,84.97,2
3096,598621,0,11.72,7
3097,598463,0,56.86,4
3098,596625,1,77.3,3
3099,593325,0,13.53,7
3100,590757,1,90.26,2
3101,589699,0,97.44,1
3102,588165,1,32.86,5
3103,584063,0,8.58,8
3104,584055,0,13.61,7
3105,582921,0,28.07,5
3106,581123,0,11.34,7
3107,658597,0,65.19,4
3108,656911,1,72.83,3
3109,654453,1,38.55,5
3110,650892,1,24.15,6
3111,650579,1,97.47,1
3112,644117,0,1.92,10
3113,642855,0,14.04,6
3114,641875,0,55.82,4
3115,641447,1,55.4,4
3116,636659,1,86.63,2
3117,634997,0,9.66,7
3118,633046,0,10.1,7
3119,628707,0,75.25,3
3120,626197,0,15.58,6
3121,621264,0,5.67,8
3122,618983,1,50.78,4
3123,616116,0,12.11,7
3124,613938,1,85.19,2
3125,610717,1,80.38,2
3126,608612,0,12.04,7
3127,606653,1,73.11,3
3128,606574,0,5.67,8
3129,605283,1,97.47,1
3130,602947,0,3.74,9
3131,602566,1,96.93,1
3132,598675,1,72.33,3
3133,598109,1,79.02,3
3134,597258,1,72.1,3
3135,596572,0,1.83,10
3136,593051,0,74.36,3
3137,591705,0,70.58,3
3138,588963,0,37.84,5
3139,588264,1,80.32,2
3140,587376,0,7.87,8
3141,587045,1,5.38,9
3142,584441,0,8.48,8
3143,582389,0,7.82,8
3144,582130,0,1.99,10
3145,581115,1,40.1,5
3146,580396,1,7.82,8
3147,579920,0,10.28,7
3148,656382,0,24.52,6
3149,656331,1,71.97,3
3150,656213,1,63.42,4
3151,655277,0,3.68,9
3152,653163,0,12.88,7
3153,652525,0,21.93,6
3154,652023,0,14.03,6
3155,641909,1,75.08,3
3156,641037,1,83.8,2
3157,640818,0,51.3,4
3158,639874,0,16.02,6
3159,639434,0,47.37,4
3160,637638,1,87.04,2
3161,637438,0,1.99,10
3162,637023,0,86.63,2
3163,635762,0,2.01,10
3164,631890,0,73.16,3
3165,630405,0,2.88,9
3166,629691,0,2.41,10
3167,623494,0,7.28,8
3168,620996,0,10.39,7
3169,616944,1,62.78,4
3170,616642,0,11.2,7
3171,614705,1,98.5,1
3172,614343,1,75.27,3
3173,610398,0,8.68,8
3174,604266,0,1.31,10
3175,603989,1,65.36,4
3176,601915,0,7.82,8
3177,600395,1,74.03,3
3178,598933,1,88.52,2
3179,598759,1,73.55,3
3513,601434,1,81.14,2
3514,600261,1,76.72,3
3515,599610,1,97.47,1
3516,599079,0,70.22,3
3517,598991,1,96.72,1
3518,596789,0,10.39,7
3519,595799,0,5.67,8
3520,595602,1,81.97,2
3521,594222,0,8.05,8
3522,592711,0,21.56,6
3523,592015,0,22.26,6
3524,591526,0,6.93,8
3525,591435,0,18.71,6
3526,591382,0,5.33,9
3527,588932,1,32.86,5
3528,588514,0,22.75,6
3529,585301,0,8.12,8
3530,584471,0,13.48,7
3531,582868,1,21.56,6
3532,580888,1,54.98,4
3533,580303,1,8.76,8
3534,658432,1,98.17,1
3535,648419,0,65.87,4
3536,644130,1,80.72,2
3537,637420,0,33.84,5
3538,635686,1,32.78,5
3539,633998,0,3.68,9
3540,633608,0,10.19,7
3541,632269,1,21.91,6
3542,628113,0,14.69,6
3543,627043,0,5.44,9
3544,626914,0,1.99,10
3545,622142,0,5.67,8
3546,619054,1,87.09,2
3547,611052,0,31.01,5
3548,607318,0,7.43,8
3549,607234,0,28.02,5
3550,604390,0,7.82,8
3551,603559,0,8.22,8
3552,601039,1,73.05,3
3553,599140,0,12.85,7
3554,597968,0,8.63,8
3555,597298,1,70.58,3
3556,597017,1,85.39,2
3557,596860,1,23.86,6
3558,596461,1,98.75,1
3559,593071,0,2.25,10
3560,592991,0,13.13,7
3561,590689,0,11.71,7
3562,588662,1,56.7,4
3563,583083,1,80.88,2
3564,581905,0,6.22,8
3565,581161,1,5.67,8
3566,659248,0,2.47,10
3567,656698,0,7.82,8
3568,654572,0,7.06,8
3569,649212,1,83.63,2
3570,646738,0,1.99,10
3571,640866,0,36.57,5
3572,639710,1,82.06,2
3573,639293,0,2.53,10
3574,635552,1,91.73,1
3575,634560,0,33.27,5
3576,627687,0,11.23,7
3577,624386,0,62.37,4
3578,622305,0,81.57,2
3579,621168,0,1.4,10
3580,614745,0,3.24,9
3581,614511,0,12.25,7
3582,611944,0,1.99,10
3583,609879,0,64.76,4
3584,609761,1,78.12,3
3585,609589,0,14.05,6
3586,608440,0,5.05,9
3587,605328,1,97.34,1
3588,604344,1,94.68,1
3589,600415,0,25.46,5
3590,599192,0,22.46,6
3591,599137,0,60.33,4
3592,594796,1,89.34,2
3593,594482,1,74.26,3
3594,593498,1,20.97,6
3595,592370,0,46.03,4
3596,589611,0,39.49,5
3597,587284,0,56.87,4
3598,583802,0,1.78,10
3599,583576,0,7.31,8
3600,582678,0,14.86,6
3601,581971,0,7.58,8
3602,656571,0,24.99,5
3603,655191,0,16.63,6
3604,651799,1,97.39,1
3605,650506,0,14.42,6
3606,649401,1,16.89,6
3607,648231,1,79.03,3
3608,648081,1,64.41,4
3609,647978,0,8.11,8
3610,646726,1,21.69,6
3611,645612,0,7.99,8
3612,641251,0,1.99,10
3613,641212,1,86.81,2
3614,640459,1,80.68,2
3615,639636,0,90.26,2
3616,632433,1,94.13,1
3617,631706,1,95.87,1
3618,630918,1,86.45,2
3619,629645,1,89.78,2
3620,628347,1,77.99,3
3621,627585,1,82.54,2
3622,627178,0,2.38,10
3623,625651,0,28.74,5
3234,580841,1,73.8,3
3235,580425,0,10.88,7
3236,579728,1,78.33,3
3237,655694,0,27.1,5
3238,655349,1,96.86,1
3239,654101,0,4.02,9
3240,646451,0,9.07,7
3241,646014,0,9.06,7
3242,644036,0,10.12,7
3243,643891,1,70.58,3
3244,643701,1,96.29,1
3245,641140,0,11.07,7
3246,629561,0,1.99,10
3247,626940,0,32.86,5
3248,625939,0,2.24,10
3249,616534,0,1.99,10
3250,616247,0,15.5,6
3251,610651,0,18.62,6
3252,608809,0,28.25,5
3253,605481,0,9.15,7
3254,604604,0,26.49,5
3255,602757,1,97.6,1
3256,602411,1,91.1,2
3257,601564,0,21.56,6
3258,600768,1,80.1,2
3259,599268,0,12.04,7
3260,598165,1,88.5,2
3261,594698,0,67.4,3
3262,591570,0,1.99,10
3263,588006,1,85.48,2
3264,587928,0,80.06,2
3265,584936,0,2.64,10
3266,582170,1,85.19,2
3267,581802,0,7.82,8
3268,580143,1,77.04,3
3269,650102,1,23.83,6
3270,644186,0,3.29,9
3271,642430,0,3.15,9
3272,641144,0,8.97,7
3273,640385,1,95.9,1
3274,640021,0,5.77,8
3275,639282,1,86.81,2
3276,636410,0,69.05,3
3277,635328,0,3.38,9
3278,634669,1,86.81,2
3279,634627,1,93.79,1
3280,634466,1,83.91,2
3281,631364,0,11.17,7
3282,630803,0,4.16,9
3283,630777,1,86.81,2
3284,630661,1,80.45,2
3285,630079,0,13.54,7
3286,629734,0,57.85,4
3287,627186,1,86.81,2
3288,623197,0,1.6,10
3289,620629,0,1.48,10
3290,620468,0,13.83,7
3291,617909,0,5.86,8
3292,613850,1,32.86,5
3293,613797,1,55.06,4
3294,613019,0,14.32,6
3295,609708,1,74.18,3
3296,609592,1,16.0,6
3297,609419,0,1.99,10
3298,609166,0,18.6,6
3299,608638,0,2.26,10
3300,607115,1,25.9,5
3301,606748,0,1.99,10
3302,603390,1,91.32,2
3303,600994,0,74.18,3
3304,599990,1,61.18,4
3305,599156,0,51.37,4
3306,598580,0,3.83,9
3307,598501,0,8.63,8
3308,594241,0,9.15,7
3309,593504,1,68.07,3
3310,593112,0,7.14,8
3311,591549,1,70.58,3
3312,591354,0,1.99,10
3313,587496,0,34.99,5
3314,584607,0,9.58,7
3315,583080,1,32.86,5
3316,581589,0,2.09,10
3317,581214,1,29.31,5
3318,657077,0,6.58,8
3319,654191,0,21.24,6
3320,648872,0,29.31,5
3321,648813,1,86.81,2
3322,648293,0,9.16,7
3323,646729,0,5.67,8
3324,645760,1,32.86,5
3325,645640,1,79.06,3
3326,642443,0,30.49,5
3327,641129,1,70.58,3
3328,638377,0,48.37,4
3329,634911,0,3.86,9
3330,629602,1,94.76,1
3331,627035,0,56.87,4
3332,623467,0,15.58,6
3333,621344,1,95.01,1
3334,619490,1,16.32,6
3335,618435,1,40.1,5
3336,614096,1,98.1,1
3337,613148,0,20.88,6
3338,610453,0,2.51,10
3339,609537,0,15.2,6
3340,608022,1,97.91,1
3341,607814,1,40.9,5
3342,607133,0,8.19,8
3343,604700,0,5.67,8
3344,604073,1,84.59,2
3345,603831,1,95.87,1
3346,603270,1,86.77,2
3347,602392,1,89.97,2
3348,598285,0,5.23,9
3349,597873,0,24.22,6
3350,597769,0,28.87,5
3351,595983,0,32.86,5
3352,595913,0,1.99,10
3353,595209,0,7.82,8
3354,594647,0,0.99,10
3355,594221,0,20.64,6
3356,593834,0,27.43,5
3357,592777,0,5.67,8
3358,590739,0,32.86,5
3359,590656,1,32.86,5
3360,590222,1,10.45,7
3361,589732,0,18.06,6
3362,588886,0,4.9,9
3363,586629,1,80.13,2
3364,585749,0,55.75,4
3365,585724,1,51.25,4
3366,584691,1,18.74,6
3367,584504,0,2.34,10
3368,582348,1,33.96,5
3369,582193,0,16.63,6
3370,582124,0,7.82,8
3371,580955,0,2.86,9
3372,579717,1,82.69,2
3373,659182,0,6.4,8
3374,658531,1,21.35,6
3375,656778,0,2.76,10
3376,656399,1,16.6,6
3377,655160,0,2.89,9
3378,651577,0,6.19,8
3379,638761,0,14.51,6
3380,638626,1,8.14,8
3381,633316,0,20.4,6
3382,631122,1,96.05,1
3383,629735,1,97.8,1
3384,628754,0,1.99,10
3385,627389,0,1.99,10
3386,625011,0,4.1,9
3387,623064,0,1.99,10
3388,617958,0,1.99,10
3389,617698,0,2.88,9
3390,615932,1,86.81,2
3391,614744,0,38.67,5
3392,614222,1,72.3,3
3393,612862,0,5.67,8
3394,612074,1,84.59,2
3395,610249,1,89.85,2
3396,609161,0,94.14,1
3397,609006,1,46.03,4
3398,608581,0,10.08,7
3399,606679,1,97.47,1
3400,605275,1,97.7,1
3401,604305,1,32.86,5
3402,599497,1,71.33,3
3403,597890,0,21.99,6
3404,595576,1,94.83,1
3405,593122,0,23.33,6
3406,592736,1,87.05,2
3407,590595,0,6.9,8
3408,590326,0,6.19,8
3409,589584,1,87.0,2
3410,588093,1,97.7,1
3411,588025,1,97.7,1
3412,586237,1,33.48,5
3413,584482,0,7.64,8
3414,582654,0,73.77,3
3415,582333,1,67.54,3
3416,581888,1,98.51,1
3417,580870,1,69.09,3
3418,659191,1,88.09,2
3419,656852,0,7.82,8
3420,655510,0,6.85,8
3421,652701,0,27.07,5
3422,649493,1,96.53,1
3423,647994,0,7.33,8
3424,647759,1,60.77,4
3425,645967,0,3.19,9
3426,645524,1,32.86,5
3427,645024,0,17.18,6
3428,642052,0,11.83,7
3429,639824,1,99.17,1
3430,639754,0,70.17,3
3431,639121,1,89.41,2
3432,637589,0,8.29,8
3433,637163,1,94.48,1
3434,634051,1,97.34,1
3435,624762,1,70.58,3
3436,623647,1,14.51,6
3437,622642,0,5.67,8
3438,619314,1,70.96,3
3439,619170,1,94.98,1
3440,614071,0,11.43,7
3441,611118,0,3.45,9
3442,608760,0,5.67,8
3443,607745,0,8.66,8
3444,607737,0,11.29,7
3445,605499,0,8.64,8
3446,605074,0,18.74,6
3447,604404,0,7.19,8
3448,603824,0,11.41,7
3449,600123,0,27.93,5
3450,598730,0,13.82,7
3451,598209,0,32.86,5
3452,596901,0,5.67,8
3453,594964,0,9.03,7
3454,593801,0,1.99,10
3455,592690,0,5.67,8
3456,592407,1,10.6,7
3457,592219,0,20.4,6
3458,592012,1,61.28,4
3459,591848,1,91.61,1
3460,588279,0,15.51,6
3461,588102,1,97.7,1
3462,587995,1,93.17,1
3463,587802,0,34.51,5
3464,587395,0,86.81,2
3465,585830,0,57.95,4
3466,583234,0,9.48,7
3467,582896,0,1.15,10
3468,582846,0,51.19,4
3469,581627,0,3.87,9
3470,580453,0,17.99,6
3471,660719,0,6.44,8
3472,659875,1,9.15,7
3473,659463,1,49.22,4
3474,659158,1,95.14,1
3475,658353,0,5.26,9
3476,653581,1,13.82,7
3477,653444,0,33.97,5
3478,653246,0,15.5,6
3479,648130,0,52.0,4
3480,647894,0,16.63,6
3481,647600,1,8.68,8
3482,646432,0,5.88,8
3483,645148,0,13.43,7
3484,641984,0,5.67,8
3485,641652,1,41.46,4
3486,641603,0,1.34,10
3487,640869,0,21.61,6
3488,639603,1,95.44,1
3489,639151,0,5.67,8
3490,637521,0,3.62,9
3491,637070,1,97.47,1
3492,636991,0,5.25,9
3493,633999,0,7.48,8
3494,633550,0,2.98,9
3495,632365,0,9.92,7
3496,632032,0,25.39,5
3497,631431,1,77.03,3
3498,624439,1,90.67,2
3499,623134,1,5.67,8
3500,619366,1,81.17,2
3501,619225,1,95.14,1
3502,616349,1,70.58,3
3503,611523,0,44.17,4
3504,610944,0,1.99,10
3505,608106,1,79.07,2
3506,606589,1,72.33,3
3507,605271,1,97.34,1
3508,605250,1,96.48,1
3509,604494,0,8.19,8
3510,603289,1,90.06,2
3511,602684,1,80.91,2
3512,602590,1,83.7,2
3624,625008,1,62.55,4
3625,623161,1,74.65,3
3626,622726,0,2.67,10
3627,622158,1,54.15,4
3628,614463,1,76.94,3
3629,608116,0,5.67,8
3630,604969,1,80.59,2
3631,604965,0,13.53,7
3632,603900,0,21.13,6
3633,603010,0,10.91,7
3634,601835,1,97.47,1
3635,599588,0,26.74,5
3636,599270,1,94.4,1
3637,597470,0,20.77,6
3638,595147,0,65.6,4
3639,594718,0,16.63,6
3640,594641,0,3.45,9
3641,594072,0,10.97,7
3642,593057,0,66.3,4
3643,591760,0,5.14,9
3644,589447,0,19.74,6
3645,588689,1,97.47,1
3646,588631,0,7.82,8
3647,588567,1,73.21,3
3648,588070,1,96.45,1
3649,587880,1,97.74,1
3650,586634,0,7.82,8
3651,585357,0,12.23,7
3652,584303,0,2.19,10
3653,583728,0,1.99,10
3654,583627,0,17.76,6
3655,582777,0,79.55,2
3656,582504,0,63.25,4
3657,582299,0,7.82,8
3658,581045,1,75.91,3
3659,580776,1,68.28,3
3660,580530,0,1.46,10
3661,660312,0,60.29,4
3662,659600,0,3.37,9
3663,656265,1,59.67,4
3664,655334,0,1.99,10
3665,654499,0,3.24,9
3666,653836,0,57.97,4
3667,653687,1,81.07,2
3668,653415,1,95.56,1
3669,653232,0,9.13,7
3670,649586,0,12.81,7
3671,649417,1,32.86,5
3672,648386,1,78.61,3
3673,646958,0,70.58,3
3674,645035,0,38.32,5
3675,644282,1,60.24,4
3676,644013,1,70.23,3
3677,641619,0,6.37,8
3678,636840,0,14.1,6
3679,635947,1,99.0,1
3680,635898,1,16.92,6
3681,635896,1,70.49,3
3682,635810,1,97.1,1
3683,635575,1,79.73,2
3684,635026,0,36.73,5
3685,624363,1,93.47,1
3686,623936,0,33.96,5
3687,622859,1,72.26,3
3688,621899,0,12.26,7
3689,620285,0,2.98,9
3690,618387,0,4.74,9
3691,617392,0,24.62,6
3692,615795,0,5.67,8
3693,615009,0,5.67,8
3694,614668,0,37.75,5
3695,613438,1,97.37,1
3696,610601,0,18.12,6
3697,606893,0,43.86,4
3698,605638,0,59.98,4
3699,603594,0,12.29,7
3700,601866,0,4.74,9
3701,600743,0,7.3,8
3702,599615,0,31.29,5
3703,599181,1,29.08,5
3704,598425,1,97.14,1
3705,597853,0,10.07,7
3706,594803,1,71.4,3
3707,591694,1,96.8,1
3708,590521,1,84.59,2
3709,590061,0,4.74,9
3710,588939,0,11.21,7
3711,588271,1,79.41,2
3712,588065,1,40.94,5
3713,587968,1,97.29,1
3714,586292,0,2.6,10
3715,584278,1,97.8,1
3716,583404,1,76.52,3
3717,582385,0,18.14,6
3718,581490,0,9.54,7
3719,657381,0,6.54,8
3720,655371,0,3.1,9
3721,652104,0,39.31,5
3722,651548,1,95.55,1
3723,651060,0,9.52,7
3724,651023,0,21.8,6
3725,648538,0,9.87,7
3726,645342,0,7.66,8
3727,645285,0,14.47,6
3728,644911,0,17.77,6
3729,644710,0,4.1,9
3730,644702,1,90.53,2
3731,639214,1,29.49,5
3732,637395,0,3.95,9
3733,636619,0,19.9,6
3734,633862,1,70.58,3
4011,582047,1,63.13,4
4012,581375,0,16.76,6
4013,580775,1,94.69,1
4014,657101,0,11.45,7
4015,656559,0,5.67,8
4016,654822,0,2.32,10
4017,654441,1,59.44,4
4018,652401,0,12.67,7
4019,648284,1,95.96,1
4020,647279,0,76.23,3
4021,646366,1,98.14,1
4022,645172,1,97.04,1
4023,645169,0,1.99,10
4024,643201,0,25.18,5
4025,640643,0,7.82,8
4026,639312,1,83.33,2
4027,639302,1,83.21,2
4028,634213,0,1.76,10
4029,634040,1,98.1,1
4030,633996,1,86.1,2
4031,633959,1,97.7,1
4032,630083,0,1.99,10
4033,629825,0,1.99,10
4034,628474,0,5.67,8
4035,628094,0,82.28,2
4036,626825,0,10.23,7
4037,626562,0,5.67,8
4038,625676,1,77.57,3
4039,624348,1,97.47,1
4040,623814,0,2.85,9
4041,622090,0,53.34,4
4042,619673,0,16.63,6
4043,618267,1,67.12,4
4044,617405,1,68.4,3
4045,615737,0,2.67,10
4046,614817,0,71.88,3
4047,613583,1,87.58,2
4048,612647,0,27.47,5
4049,609858,1,70.58,3
4050,608081,1,25.99,5
4051,605442,0,2.81,10
4052,604919,0,16.63,6
4053,603809,1,8.12,8
4054,603432,1,89.67,2
4055,602442,1,80.13,2
4056,602388,0,19.15,6
4057,601960,1,86.63,2
4058,600919,1,65.0,4
4059,600789,0,6.07,8
4060,600103,0,6.22,8
4061,600081,1,34.94,5
4062,593852,0,25.44,5
4063,591835,0,1.99,10
4064,587252,1,32.34,5
4065,586780,0,10.13,7
4066,583178,0,9.79,7
3735,628986,0,30.45,5
3736,627610,1,88.46,2
3737,624520,1,66.08,4
3738,621837,0,2.78,10
3739,620517,1,97.63,1
3740,616453,0,2.19,10
3741,616442,0,1.99,10
3742,615227,1,69.17,3
3743,613688,1,64.96,4
3744,609001,1,26.53,5
3745,604856,0,5.67,8
3746,604849,0,5.67,8
3747,602662,0,4.16,9
3748,601634,0,10.48,7
3749,598798,1,81.82,2
3750,596446,1,98.34,1
3751,595903,0,5.67,8
3752,595774,0,6.86,8
3753,594786,0,71.98,3
3754,592552,0,3.41,9
3755,592198,1,83.04,2
3756,591765,0,12.18,7
3757,588534,0,5.97,8
3758,587944,1,98.54,1
3759,587530,0,7.0,8
3760,586394,1,98.46,1
3761,585792,0,1.99,10
3762,584385,1,83.95,2
3763,583789,1,8.51,8
3764,583529,0,3.38,9
3765,581371,1,32.86,5
3766,580192,0,12.8,7
3767,579622,1,93.24,1
3768,657267,0,10.36,7
3769,655240,0,26.94,5
3770,653715,0,5.67,8
3771,652698,0,60.24,4
3772,651464,1,71.28,3
3773,648290,1,50.31,4
3774,647411,1,55.15,4
3775,645392,1,97.47,1
3776,643324,1,96.17,1
3777,642875,0,6.36,8
3778,637838,1,29.78,5
3779,636516,0,5.67,8
3780,629789,0,1.99,10
3781,622684,0,11.25,7
3782,620641,0,4.96,9
3783,616664,1,21.58,6
3784,615466,1,17.33,6
3785,614470,0,27.62,5
3786,611543,0,15.26,6
3787,611355,1,92.87,1
3788,611351,1,82.99,2
3789,610574,1,80.95,2
3790,599008,1,97.47,1
3791,598694,0,11.23,7
3792,596816,0,54.83,4
3793,592654,0,9.42,7
3794,591983,0,32.86,5
3795,587348,0,86.81,2
3796,584000,0,2.47,10
3797,583534,1,87.94,2
3798,583270,0,9.06,7
3799,583208,1,30.45,5
3800,582307,1,58.79,4
3801,581521,0,55.74,4
3802,580568,1,46.03,4
3803,580549,1,98.0,1
3804,659889,1,95.18,1
3805,657295,0,12.04,7
3806,655628,0,9.54,7
3807,654128,0,3.24,9
3808,653297,0,12.23,7
3809,652580,1,81.21,2
3810,650654,0,14.67,6
3811,644988,1,71.79,3
3812,644912,0,22.95,6
3813,644160,0,38.45,5
3814,643127,0,1.99,10
3815,642242,0,7.82,8
3816,641693,1,75.62,3
3817,640502,0,24.51,6
3818,640373,0,1.99,10
3819,636453,0,2.13,10
3820,635319,0,3.56,9
3821,633941,1,98.1,1
3822,633922,1,97.7,1
3823,633915,1,97.47,1
3824,632028,0,5.73,8
3825,628482,1,91.77,1
3826,628340,0,71.63,3
3827,625862,1,96.79,1
3828,625394,0,6.03,8
3829,624716,0,35.09,5
3830,618917,1,13.08,7
3831,618361,0,32.91,5
3832,618206,1,97.36,1
3833,616073,1,28.21,5
3834,615906,1,82.67,2
3835,615239,0,5.08,9
3836,615194,0,11.54,7
3837,614021,0,3.59,9
3838,612954,1,87.0,2
3839,612884,0,10.28,7
3840,612147,0,11.33,7
3841,609847,1,82.26,2
3842,609135,0,12.04,7
3843,608348,1,66.28,4
3844,607542,0,2.93,9
3845,607134,0,8.67,8
3846,606890,1,32.86,5
3847,606730,0,38.32,5
3848,604363,1,64.77,4
3849,601850,0,2.62,10
3850,600645,0,1.75,10
3851,599362,0,1.99,10
3852,592556,0,8.75,8
3853,591399,0,18.78,6
3854,590582,0,1.99,10
3855,590298,1,56.35,4
3856,589653,1,92.46,1
3857,589511,1,79.87,2
3858,589352,0,28.15,5
3859,588500,0,9.87,7
3860,588185,1,70.58,3
3861,587894,1,97.7,1
3862,587314,0,70.58,3
3863,586806,0,5.67,8
3864,585607,0,10.1,7
3865,585392,1,57.01,4
3866,584341,1,97.8,1
3867,583138,0,7.97,8
3868,660149,0,64.6,4
3869,659474,0,17.89,6
3870,659217,0,12.93,7
3871,658618,0,54.76,4
3872,657224,0,4.31,9
3873,654492,1,88.41,2
3874,653773,0,3.35,9
3875,651506,1,71.1,3
3876,650025,0,34.92,5
3877,649235,1,93.98,1
3878,647711,1,87.72,2
3879,642120,0,5.86,8
3880,640411,0,45.68,4
3881,640007,0,7.79,8
3882,638764,1,92.03,1
3883,638076,0,56.7,4
3884,633126,1,97.7,1
3885,630828,1,86.81,2
3886,627291,0,3.34,9
3887,627116,0,1.99,10
3888,624682,0,1.5,10
3889,622705,0,42.24,4
3890,622089,1,33.0,5
3891,616739,0,1.86,10
3892,612980,1,13.39,7
3893,612920,0,21.1,6
3894,610270,0,1.23,10
3895,607963,0,32.05,5
3896,603669,0,45.13,4
3897,599608,0,6.96,8
3898,598752,0,9.14,7
3899,596035,1,97.3,1
3900,593781,0,13.89,7
3901,592484,1,21.71,6
3902,588884,0,1.99,10
3903,588850,1,73.54,3
3904,586595,0,9.84,7
3905,586221,0,32.59,5
3906,585851,0,36.27,5
3907,585544,0,6.19,8
3908,581171,0,1.31,10
3909,579900,0,12.74,7
3910,655128,0,3.4,9
3911,650480,0,9.82,7
3912,650311,1,86.81,2
3913,648987,0,7.46,8
3914,646276,0,8.64,8
3915,641547,0,2.91,9
3916,639444,1,10.38,7
3917,637210,0,70.58,3
3918,636225,0,36.48,5
3919,635990,0,3.66,9
3920,633621,0,46.61,4
3921,630118,0,1.99,10
3922,627065,1,90.77,2
3923,623551,1,32.86,5
3924,620768,0,5.61,9
3925,618932,0,3.1,9
3926,613346,1,97.65,1
3927,611181,0,79.76,2
3928,608164,0,78.72,3
3929,608161,0,71.89,3
3930,607697,0,4.79,9
3931,604051,0,5.67,8
3932,603378,0,27.84,5
3933,598116,1,11.07,7
3934,596345,0,20.58,6
3935,596282,0,4.79,9
3936,592307,0,1.99,10
3937,587991,1,33.84,5
3938,587365,0,86.81,2
3939,587310,0,3.72,9
3940,586843,0,15.25,6
3941,584636,1,66.67,4
3942,584277,1,61.5,4
3943,581727,1,17.15,6
3944,580275,0,39.62,5
3945,659853,1,94.42,1
3946,657313,1,8.82,7
3947,650153,1,90.91,2
3948,647770,0,31.28,5
3949,647285,0,15.56,6
3950,646086,1,89.13,2
3951,645960,0,8.14,8
3952,641322,1,40.1,5
3953,640456,0,3.86,9
3954,640435,0,3.66,9
3955,639580,0,51.18,4
3956,639137,0,11.27,7
3957,638993,1,79.17,2
3958,636174,0,52.3,4
3959,631479,0,1.78,10
3960,629451,1,94.5,1
3961,626947,0,4.09,9
3962,626887,0,4.74,9
3963,625602,0,8.2,8
3964,625027,1,64.81,4
3965,624084,0,2.7,10
3966,622227,0,7.82,8
3967,616275,0,3.23,9
3968,615333,0,13.36,7
3969,615032,0,65.56,4
3970,615013,1,86.81,2
3971,611153,0,62.11,4
3972,610662,1,77.15,3
3973,610159,1,89.77,2
3974,609500,0,48.39,4
3975,608893,1,61.2,4
3976,608398,0,69.71,3
3977,608290,1,90.87,2
3978,605006,1,94.82,1
3979,604411,1,96.93,1
3980,603907,0,3.2,9
3981,603888,0,5.09,9
3982,603864,1,35.73,5
3983,603274,1,49.11,4
3984,602582,0,39.76,5
3985,601582,1,70.58,3
3986,600597,1,65.35,4
3987,600228,0,13.86,7
3988,599590,0,32.95,5
3989,598961,0,6.34,8
3990,598355,0,1.29,10
3991,596871,0,4.91,9
3992,596759,1,72.85,3
3993,594686,0,24.52,6
3994,594671,0,5.14,9
3995,594251,1,55.23,4
3996,593445,0,28.05,5
3997,591990,1,80.5,2
3998,591908,1,96.29,1
3999,591831,0,82.48,2
4000,591598,0,2.67,10
4001,591471,0,71.38,3
4002,590527,1,96.49,1
4003,589544,1,97.34,1
4004,589340,1,91.56,1
4005,588238,1,89.32,2
4006,587702,0,33.92,5
4007,587260,0,86.81,2
4008,585616,1,94.4,1
4009,585142,0,70.58,3
4010,582647,0,25.79,5
4343,653049,0,7.12,8
4344,652108,0,1.99,10
4345,652058,0,18.72,6
4346,649080,1,32.86,5
4347,647989,0,19.48,6
4348,646207,1,81.48,2
4349,645629,0,8.19,8
4350,644881,0,26.33,5
4351,643643,0,8.77,7
4352,643247,1,67.36,3
4353,642070,0,42.21,4
4354,641136,0,60.23,4
4355,639320,1,70.02,3
4356,635823,1,97.8,1
4357,635809,1,97.6,1
4358,635783,1,86.81,2
4359,635475,0,2.97,9
4360,634102,1,97.34,1
4361,633182,0,3.35,9
4362,632911,1,76.29,3
4363,631718,0,4.7,9
4364,627935,0,34.0,5
4365,625380,0,6.4,8
4366,624942,1,41.4,5
4367,624815,1,48.22,4
4368,623604,0,1.99,10
4369,620883,0,46.03,4
4370,620493,0,1.99,10
4371,619537,1,87.66,2
4372,619408,1,85.92,2
4373,617223,1,72.65,3
4374,616506,0,11.86,7
4375,614523,0,15.38,6
4376,614018,1,97.96,1
4377,613809,0,16.67,6
4378,609634,0,5.38,9
4379,608941,0,70.2,3
4380,607141,0,20.42,6
4381,607036,1,12.23,7
4382,605793,0,3.76,9
4383,602627,1,24.01,6
4384,602412,0,70.58,3
4385,601864,0,16.63,6
4386,601780,0,19.4,6
4387,601722,0,22.53,6
4388,601562,0,68.78,3
4389,601447,0,32.05,5
4390,601334,1,95.73,1
4391,595498,0,1.99,10
4392,592174,0,7.82,8
4393,587973,0,82.13,2
4394,583105,1,19.59,6
4395,582125,1,98.16,1
4396,581564,1,54.18,4
4397,580876,0,75.7,3
4398,580727,0,58.02,4
4399,580442,0,32.86,5
4400,580349,0,3.31,9
4401,657379,1,80.82,2
4402,657220,0,72.25,3
4403,654955,0,63.89,4
4404,651722,1,89.79,2
4405,649079,0,2.84,9
4406,646191,1,59.27,4
4407,645422,0,5.67,8
4408,644181,1,17.39,6
4409,643917,1,94.32,1
4410,643273,0,9.7,7
4411,642452,1,68.55,3
4412,642307,1,86.81,2
4413,641907,0,32.34,5
4414,641386,1,32.86,5
4415,632772,0,74.32,3
4416,632407,0,2.49,10
4417,630568,0,2.42,10
4418,630422,0,22.66,6
4419,628050,0,8.06,8
4420,626647,0,3.66,9
4421,625411,0,5.59,9
4422,624415,0,3.64,9
4423,622118,1,32.86,5
4424,622056,0,3.76,9
4425,621106,0,45.01,4
4426,620185,1,32.81,5
4427,619761,0,32.69,5
4428,616851,0,6.95,8
4429,614387,0,1.95,10
4430,612266,1,82.54,2
4431,608334,0,10.63,7
4432,606594,1,29.78,5
4433,600148,1,92.76,1
4434,599970,0,4.74,9
4435,599307,0,5.97,8
4436,597906,1,79.65,2
4437,594858,1,43.86,4
4438,594532,0,16.63,6
4439,593795,1,75.72,3
4440,587586,1,85.34,2
4441,583559,0,26.32,5
4442,582904,0,5.67,8
4443,581876,0,5.67,8
4444,580604,1,12.04,7
4445,659221,0,11.13,7
4446,659138,0,40.58,5
4447,658398,1,89.41,2
4448,656378,0,3.63,9
4449,655953,0,14.48,6
4450,654352,0,3.17,9
4451,653017,0,57.96,4
4452,652305,1,1.99,10
4453,650770,0,16.07,6
4454,647829,0,2.53,10
4455,646749,0,1.99,10
4067,581875,0,13.22,7
4068,581655,0,28.15,5
4069,658448,0,2.67,10
4070,658222,1,56.35,4
4071,655793,1,76.41,3
4072,654968,0,9.76,7
4073,651920,0,6.6,8
4074,651443,1,75.31,3
4075,650970,1,97.31,1
4076,649833,1,58.34,4
4077,646938,0,3.19,9
4078,646688,0,1.99,10
4079,646447,0,7.12,8
4080,646308,1,32.86,5
4081,645538,1,93.93,1
4082,644453,0,7.3,8
4083,643299,1,32.86,5
4084,642963,0,4.9,9
4085,642813,0,14.05,6
4086,642628,1,93.52,1
4087,642612,1,76.64,3
4088,642394,1,87.58,2
4089,641857,0,1.99,10
4090,641709,0,24.52,6
4091,641467,0,28.17,5
4092,640096,1,73.9,3
4093,637878,0,7.82,8
4094,637625,0,1.99,10
4095,637039,1,88.76,2
4096,636665,1,78.77,3
4097,634753,0,32.34,5
4098,634036,1,93.17,1
4099,632067,1,96.53,1
4100,632031,1,64.33,4
4101,630715,0,4.52,9
4102,629507,1,85.11,2
4103,629377,0,2.36,10
4104,628508,1,97.7,1
4105,628456,0,14.12,6
4106,627699,1,68.13,3
4107,627528,1,83.37,2
4108,626767,0,10.06,7
4109,626413,1,79.41,2
4110,625303,1,95.44,1
4111,624965,0,22.27,6
4112,623687,0,73.76,3
4113,623118,0,3.73,9
4114,622072,1,82.86,2
4115,620507,1,3.72,9
4116,619487,1,96.47,1
4117,617125,0,6.82,8
4118,616382,0,33.42,5
4119,615968,0,12.13,7
4120,615844,1,72.97,3
4121,615754,0,6.03,8
4122,615500,0,4.74,9
4123,615453,1,84.89,2
4124,614821,0,3.43,9
4125,614630,0,5.24,9
4126,613707,1,82.17,2
4127,613632,0,3.69,9
4128,612605,1,75.43,3
4129,611752,0,1.99,10
4130,611410,1,79.79,2
4131,611296,0,46.03,4
4132,610485,1,83.75,2
4133,609517,0,13.03,7
4134,609397,1,61.57,4
4135,608897,0,56.81,4
4136,608251,1,30.89,5
4137,608233,0,23.33,6
4138,608055,0,1.99,10
4139,604170,1,70.58,3
4140,603514,0,6.58,8
4141,603503,1,28.15,5
4142,602642,1,20.4,6
4143,601849,0,9.54,7
4144,601448,1,74.77,3
4145,600967,1,22.78,6
4146,600908,0,12.05,7
4147,599395,0,8.68,8
4148,598507,0,9.3,7
4149,595948,0,7.82,8
4150,593292,1,95.01,1
4151,592824,0,5.67,8
4152,592692,0,40.44,5
4153,591797,1,70.26,3
4154,591717,1,79.41,2
4155,591687,0,1.99,10
4156,591675,1,68.32,3
4157,590425,0,26.55,5
4158,590065,0,26.38,5
4159,588876,0,3.17,9
4160,585712,1,62.17,4
4161,583251,0,17.98,6
4162,583111,0,59.65,4
4163,583015,0,53.67,4
4164,659830,0,7.82,8
4165,658258,1,90.34,2
4166,656576,0,2.19,10
4167,656120,0,2.1,10
4168,655140,0,24.41,6
4169,654613,0,12.13,7
4170,654188,0,19.91,6
4171,652569,0,21.65,6
4172,651660,1,41.32,5
4173,649404,1,78.64,3
4174,648199,0,12.66,7
4175,645662,0,32.27,5
4176,643916,1,96.83,1
4177,643712,1,90.25,2
4178,643342,0,1.99,10
4179,643228,1,72.96,3
4180,642248,1,98.94,1
4181,641414,1,84.94,2
4182,641265,0,14.04,6
4183,640494,0,5.89,8
4184,640067,0,32.86,5
4185,640009,0,14.06,6
4186,636635,1,61.22,4
4187,635958,0,3.44,9
4188,635816,0,1.99,10
4189,634082,0,30.91,5
4190,632243,0,74.53,3
4191,631993,1,82.06,2
4192,631781,1,46.42,4
4193,631613,0,7.82,8
4194,631526,1,79.41,2
4195,629435,0,19.72,6
4196,628580,0,2.56,10
4197,628500,1,97.08,1
4198,627362,1,97.16,1
4199,626301,1,68.78,3
4200,623497,1,82.13,2
4201,623355,0,33.92,5
4202,622950,1,58.84,4
4203,622643,0,20.78,6
4204,621993,0,14.92,6
4205,621360,1,70.45,3
4206,621337,1,70.58,3
4207,618413,1,27.12,5
4208,616994,0,16.63,6
4209,616697,0,8.91,7
4210,616521,1,74.29,3
4211,616149,1,83.74,2
4212,613083,0,2.71,10
4213,612752,1,51.56,4
4214,612180,0,8.78,7
4215,611567,1,96.16,1
4216,611536,1,85.07,2
4217,610860,0,1.99,10
4218,609902,1,68.52,3
4219,609182,0,24.41,6
4220,608687,0,51.7,4
4221,605471,1,38.43,5
4222,605230,1,97.34,1
4223,605073,0,11.54,7
4224,605001,0,10.33,7
4225,604023,0,23.63,6
4226,603436,0,4.68,9
4227,603167,0,14.02,6
4228,602530,0,24.04,6
4229,601944,0,32.86,5
4230,601257,1,39.14,5
4231,601158,0,3.25,9
4232,600997,0,7.82,8
4233,599959,0,26.25,5
4234,599626,1,63.17,4
4235,599452,1,94.73,1
4236,599103,0,19.85,6
4237,597393,1,97.8,1
4238,596376,1,68.59,3
4239,596064,1,88.62,2
4240,595359,0,5.46,9
4241,594849,0,2.39,10
4242,592240,1,97.71,1
4243,592101,0,2.67,10
4244,591215,1,93.54,1
4245,589313,0,6.98,8
4246,589083,1,83.79,2
4247,588381,0,7.35,8
4248,587249,0,16.02,6
4249,586622,0,1.99,10
4250,586550,0,1.83,10
4251,585824,1,90.3,2
4252,584197,0,3.43,9
4253,582943,0,4.97,9
4254,582560,0,11.81,7
4255,581919,0,6.58,8
4256,581635,0,31.31,5
4257,581232,0,62.06,4
4258,580082,0,4.31,9
4259,659263,1,51.21,4
4260,658231,1,53.74,4
4261,657500,0,3.29,9
4262,655658,0,17.08,6
4263,654314,1,52.08,4
4264,651812,1,96.45,1
4265,651736,0,1.9,10
4266,650743,0,2.62,10
4267,650165,1,95.91,1
4268,649500,0,11.76,7
4269,648180,0,10.82,7
4270,647654,1,32.86,5
4271,647583,0,3.06,9
4272,646741,0,8.5,8
4273,645927,1,93.1,1
4274,645447,0,13.18,7
4275,644862,0,68.42,3
4276,642032,0,10.18,7
4277,641623,0,14.1,6
4278,639571,1,14.05,6
4279,638694,0,16.02,6
4280,637220,0,32.86,5
4281,636885,0,6.6,8
4282,636449,0,7.9,8
4283,636146,0,4.25,9
4284,634986,0,10.38,7
4285,634078,0,4.63,9
4286,633945,1,96.3,1
4287,633904,1,98.63,1
4288,633445,0,1.9,10
4289,632233,0,9.68,7
4290,626298,0,1.99,10
4291,624642,0,2.21,10
4292,621770,0,10.56,7
4293,619060,0,5.67,8
4294,618634,1,95.29,1
4295,618401,1,81.53,2
4296,616761,1,96.97,1
4297,615477,0,36.57,5
4298,614912,0,1.99,10
4299,611658,0,82.28,2
4300,611251,1,85.15,2
4301,609859,1,80.3,2
4302,606976,1,9.63,7
4303,606560,1,97.63,1
4304,606053,0,76.41,3
4305,605469,1,86.76,2
4306,603939,0,15.38,6
4307,603647,1,88.36,2
4308,603146,0,1.83,10
4309,602292,0,7.82,8
4310,600072,1,60.4,4
4311,599945,0,73.76,3
4312,599738,0,23.68,6
4313,599247,0,9.71,7
4314,596724,1,96.33,1
4315,596412,1,89.46,2
4316,594884,1,79.77,2
4317,594757,0,5.67,8
4318,593961,1,86.66,2
4319,593502,0,9.63,7
4320,593100,0,1.99,10
4321,591888,0,12.08,7
4322,591659,0,2.2,10
4323,590914,1,97.06,1
4324,589478,0,40.94,5
4325,589192,0,77.35,3
4326,587907,0,2.34,10
4327,587853,1,96.43,1
4328,585688,0,1.99,10
4329,585282,1,68.37,3
4330,585023,1,83.23,2
4331,582621,0,9.63,7
4332,582361,0,46.69,4
4333,581979,0,16.63,6
4334,581551,0,12.1,7
4335,581303,1,63.84,4
4336,579906,1,21.82,6
4337,579769,0,20.92,6
4338,660050,0,2.62,10
4339,658689,0,8.58,8
4340,656527,0,18.21,6
4341,653610,0,10.86,7
4342,653261,1,56.95,4
4456,646279,1,68.31,3
4457,645755,1,32.86,5
4458,645690,1,59.37,4
4459,644985,1,68.28,3
4460,643283,1,85.77,2
4461,641405,0,7.82,8
4462,640041,0,7.82,8
4463,638858,0,3.28,9
4464,637844,0,5.89,8
4465,630722,0,69.44,3
4466,630222,0,13.21,7
4467,630001,0,3.68,9
4468,629595,0,8.75,8
4469,628066,0,1.99,10
4470,627932,0,3.24,9
4471,627744,1,90.37,2
4472,627571,0,1.99,10
4473,623207,1,95.18,1
4474,623093,0,54.95,4
4475,622357,1,41.46,4
4476,622285,1,85.91,2
4477,621638,0,40.9,5
4478,620704,1,73.77,3
4479,618430,0,77.49,3
4480,618022,0,10.23,7
4481,616421,0,13.82,7
4482,615929,0,11.42,7
4483,615507,1,62.28,4
4484,614615,0,9.17,7
4485,614292,0,70.58,3
4486,612546,0,28.47,5
4487,612320,0,12.04,7
4488,611433,0,1.71,10
4489,611211,0,14.06,6
4490,606336,1,63.42,4
4491,605266,1,98.1,1
4492,603219,0,7.27,8
4493,600832,0,6.1,8
4494,598250,0,6.73,8
4495,597252,1,70.58,3
4496,596616,0,7.82,8
4497,596573,1,94.54,1
4498,595564,1,90.58,2
4499,594411,1,89.29,2
4500,593665,0,1.99,10
4501,593476,0,5.39,9
4502,591346,1,14.06,6
4503,590969,0,8.12,8
4504,589858,1,97.99,1
4505,587396,0,4.28,9
4506,585362,1,96.53,1
4507,584649,1,96.68,1
4508,584464,0,7.82,8
4509,584024,0,66.63,4
4510,582206,0,72.87,3
4511,581950,0,6.63,8
4512,579889,1,64.87,4
4513,660255,0,6.58,8
4514,658656,0,3.36,9
4515,656483,1,83.88,2
4516,655665,1,55.3,4
4517,654456,0,2.8,10
4518,652421,0,94.4,1
4519,650900,0,4.12,9
4520,649951,0,26.3,5
4521,649252,0,8.48,8
4522,646285,0,8.39,8
4523,643277,1,35.52,5
4524,641817,1,84.77,2
4525,639314,0,5.67,8
4526,638937,0,53.21,4
4527,638046,1,72.97,3
4528,636367,0,27.38,5
4529,635864,1,95.56,1
4530,634389,0,3.18,9
4531,631053,0,10.72,7
4532,630529,1,22.31,6
4533,630041,0,5.67,8
4534,630039,0,1.99,10
4535,626945,1,83.13,2
4536,626092,0,10.92,7
4537,619846,0,12.04,7
4538,619044,1,64.53,4
4539,617625,1,5.67,8
4540,615607,1,94.94,1
4541,614087,1,96.45,1
4542,613650,1,17.6,6
4543,613035,0,33.4,5
4544,611076,0,1.99,10
4545,609588,0,26.32,5
4546,608408,0,45.17,4
4547,606298,0,5.77,8
4548,604832,0,10.89,7
4549,604613,0,11.36,7
4550,603673,1,95.89,1
4551,603462,0,2.67,10
4552,603419,0,2.1,10
4553,602690,0,1.99,10
4554,601729,1,93.36,1
4555,598881,0,7.82,8
4556,595846,0,3.45,9
4557,594622,0,24.42,6
4558,594486,1,98.36,1
4559,593790,0,1.99,10
4560,589632,0,58.31,4
4561,589539,0,1.99,10
4562,589308,0,40.17,5
4563,588005,1,93.17,1
4564,585710,0,1.63,10
4565,585167,0,51.6,4
4566,584702,0,7.82,8
4567,583476,0,5.67,8
4843,638696,0,22.21,6
4844,637590,1,83.58,2
4845,637376,0,2.19,10
4846,636177,0,66.38,4
4847,629725,0,80.86,2
4848,629707,0,3.58,9
4849,629287,0,33.9,5
4850,628130,0,1.99,10
4851,625985,0,97.47,1
4852,624544,1,94.62,1
4853,623780,1,28.2,5
4854,621976,1,30.9,5
4855,620414,0,1.99,10
4856,619952,1,38.31,5
4857,619556,1,95.83,1
4858,618500,0,68.55,3
4859,616420,0,31.8,5
4860,614796,0,5.67,8
4861,613541,1,6.56,8
4862,606903,0,5.67,8
4863,606788,1,18.71,6
4864,604717,1,72.21,3
4865,602801,1,87.38,2
4866,602404,1,96.51,1
4867,602037,0,34.96,5
4868,600274,0,15.7,6
4869,597245,1,70.17,3
4870,595690,1,97.8,1
4871,593482,0,16.19,6
4872,590107,1,83.33,2
4873,588746,0,1.99,10
4874,588106,0,75.75,3
4875,586631,0,16.08,6
4876,585785,1,46.03,4
4877,585704,0,1.99,10
4878,582425,0,1.35,10
4879,581952,0,38.23,5
4880,581587,0,9.3,7
4881,581292,0,4.61,9
4882,580332,0,7.9,8
4883,659931,0,14.05,6
4884,656668,1,94.9,1
4885,656276,0,3.45,9
4886,655077,0,41.74,4
4887,652507,0,2.13,10
4888,652416,1,22.21,6
4889,651614,1,58.64,4
4890,648605,1,66.41,4
4891,645791,0,8.45,8
4892,644414,0,3.72,9
4893,643963,0,7.82,8
4894,643918,1,95.28,1
4895,643278,0,23.75,6
4896,643001,0,4.72,9
4897,642972,0,32.86,5
4898,641602,1,30.52,5
4899,641250,1,55.62,4
4900,640716,0,3.29,9
4568,582605,1,94.83,1
4569,582448,1,68.92,3
4570,581494,0,5.67,8
4571,581407,1,83.09,2
4572,581286,0,3.36,9
4573,580586,0,1.99,10
4574,579892,0,7.82,8
4575,579755,0,22.11,6
4576,656976,0,12.21,7
4577,656478,0,2.8,10
4578,655165,1,96.93,1
4579,652963,0,13.49,7
4580,648434,0,82.42,2
4581,647988,0,6.39,8
4582,647941,1,19.74,6
4583,646330,1,98.14,1
4584,645512,1,87.45,2
4585,645398,1,97.47,1
4586,644064,0,1.99,10
4587,643263,1,47.27,4
4588,642456,1,68.24,3
4589,641097,0,50.81,4
4590,639245,1,40.97,5
4591,639176,0,4.3,9
4592,636345,0,13.82,7
4593,636186,0,1.99,10
4594,634875,1,17.49,6
4595,632159,0,40.14,5
4596,630003,0,23.75,6
4597,629607,0,3.39,9
4598,628298,1,5.61,9
4599,624227,1,89.25,2
4600,624189,0,3.25,9
4601,623831,0,10.89,7
4602,623727,0,2.7,10
4603,623426,0,2.8,10
4604,621553,1,58.25,4
4605,618747,1,74.79,3
4606,618429,0,20.96,6
4607,617920,1,98.22,1
4608,617497,0,28.15,5
4609,607173,0,7.82,8
4610,605365,0,8.6,8
4611,602470,0,27.85,5
4612,601807,1,32.86,5
4613,599735,0,32.86,5
4614,598995,0,9.54,7
4615,598818,1,96.53,1
4616,597996,1,90.58,2
4617,593916,1,95.04,1
4618,592414,1,97.78,1
4619,592031,1,90.69,2
4620,587309,1,85.69,2
4621,584540,1,72.58,3
4622,581886,0,32.86,5
4623,581705,1,75.11,3
4624,581406,0,24.41,6
4625,580914,0,6.66,8
4626,660509,0,9.29,7
4627,659567,0,13.67,7
4628,657741,1,23.29,6
4629,657032,1,75.73,3
4630,656327,0,3.56,9
4631,650291,1,94.49,1
4632,649514,0,25.39,5
4633,648437,0,32.08,5
4634,644290,0,1.99,10
4635,643274,0,35.52,5
4636,643088,0,8.59,8
4637,641330,0,35.25,5
4638,641311,1,98.04,1
4639,641288,1,72.19,3
4640,640717,1,65.1,4
4641,640415,1,23.25,6
4642,640391,1,81.65,2
4643,638934,0,75.43,3
4644,637336,1,78.85,3
4645,636930,1,86.81,2
4646,635794,1,24.04,6
4647,635362,1,90.36,2
4648,629664,0,1.99,10
4649,628419,1,36.11,5
4650,627804,1,32.86,5
4651,627772,0,9.7,7
4652,627521,0,2.39,10
4653,622395,0,12.41,7
4654,622189,1,32.93,5
4655,617992,0,32.86,5
4656,615878,1,98.41,1
4657,615877,1,69.86,3
4658,615309,1,89.72,2
4659,614573,1,87.36,2
4660,613102,0,46.03,4
4661,612532,1,29.41,5
4662,611994,0,15.79,6
4663,608492,1,76.4,3
4664,605299,1,97.7,1
4665,605216,1,97.7,1
4666,604928,0,26.16,5
4667,603626,0,3.1,9
4668,602804,0,1.4,10
4669,602435,1,21.98,6
4670,600950,1,97.26,1
4671,598916,1,36.76,5
4672,598484,0,59.16,4
4673,596001,0,65.69,4
4674,593436,1,96.51,1
4675,593315,1,29.61,5
4676,593306,0,9.87,7
4677,591415,0,20.73,6
4678,590918,0,39.39,5
4679,587955,1,56.88,4
4680,587160,0,25.4,5
4681,587094,1,63.98,4
4682,586638,1,96.4,1
4683,586633,1,17.2,6
4684,586296,0,3.45,9
4685,586016,1,76.43,3
4686,583441,1,5.91,8
4687,583233,1,65.0,4
4688,582928,0,13.0,7
4689,581254,1,98.69,1
4690,660432,1,72.33,3
4691,657385,0,5.67,8
4692,656356,1,98.17,1
4693,654469,0,76.4,3
4694,653992,0,1.83,10
4695,651531,0,3.31,9
4696,646320,1,94.07,1
4697,645946,0,11.6,7
4698,644288,0,22.96,6
4699,642886,0,7.35,8
4700,642069,1,70.58,3
4701,639528,0,32.86,5
4702,637465,0,6.2,8
4703,637048,1,84.94,2
4704,637044,1,97.47,1
4705,632892,1,94.32,1
4706,631108,0,12.03,7
4707,629776,0,3.96,9
4708,629464,0,49.55,4
4709,629244,1,14.21,6
4710,628111,0,1.99,10
4711,625137,0,64.16,4
4712,622214,1,9.16,7
4713,621103,0,16.03,6
4714,617554,1,94.47,1
4715,616164,1,63.14,4
4716,615853,1,46.03,4
4717,615386,1,71.73,3
4718,614900,1,96.92,1
4719,614597,0,46.03,4
4720,613655,1,69.29,3
4721,613070,1,86.64,2
4722,612669,0,11.57,7
4723,611224,0,25.65,5
4724,609024,0,13.26,7
4725,606860,1,95.06,1
4726,603637,1,77.13,3
4727,603472,0,9.25,7
4728,602953,0,3.5,9
4729,602723,0,1.99,10
4730,602634,1,95.55,1
4731,602415,1,85.63,2
4732,601825,0,5.57,9
4733,601139,0,21.02,6
4734,600662,0,40.25,5
4735,599113,0,8.63,8
4736,598110,1,74.51,3
4737,593040,0,1.99,10
4738,592426,0,47.37,4
4739,591899,0,26.09,5
4740,591662,0,6.01,8
4741,591442,0,1.99,10
4742,591031,0,3.45,9
4743,590596,1,97.47,1
4744,588553,0,5.38,9
4745,585386,0,16.99,6
4746,584754,0,12.08,7
4747,584528,1,75.49,3
4748,582833,0,69.71,3
4749,580158,0,54.23,4
4750,659283,1,97.19,1
4751,657073,0,9.94,7
4752,654831,0,9.72,7
4753,640156,1,94.98,1
4754,635706,0,9.95,7
4755,635330,0,6.89,8
4756,634647,1,89.19,2
4757,629227,0,8.04,8
4758,627775,1,69.49,3
4759,626369,0,1.96,10
4760,626317,0,2.99,9
4761,626212,0,16.23,6
4762,624423,1,93.47,1
4763,624273,0,2.74,10
4764,623198,1,84.98,2
4765,622218,0,5.67,8
4766,620773,0,5.14,9
4767,620155,1,79.26,2
4768,619629,0,70.58,3
4769,619261,0,1.99,10
4770,617123,1,90.05,2
4771,613178,1,10.98,7
4772,612740,1,55.99,4
4773,606814,0,8.48,8
4774,606606,0,38.32,5
4775,606497,0,37.25,5
4776,601710,0,8.75,8
4777,601223,0,44.74,4
4778,600800,0,2.14,10
4779,600105,0,6.34,8
4780,596970,0,31.31,5
4781,595739,0,4.77,9
4782,595413,0,15.72,6
4783,593130,0,21.71,6
4784,592628,1,33.34,5
4785,592209,1,92.72,1
4786,590313,1,44.76,4
4787,590153,0,11.46,7
4788,588751,1,69.15,3
4789,587487,0,1.99,10
4790,580028,0,14.74,6
4791,655382,0,3.14,9
4792,654594,1,41.49,4
4793,653763,0,3.95,9
4794,653580,1,74.01,3
4795,652441,0,1.83,10
4796,650238,1,96.93,1
4797,646574,1,95.27,1
4798,645067,0,11.68,7
4799,643282,1,40.89,5
4800,641576,1,86.9,2
4801,641017,1,98.04,1
4802,636855,1,95.53,1
4803,633061,0,11.34,7
4804,630706,1,32.11,5
4805,629260,1,51.95,4
4806,627833,1,70.23,3
4807,626579,0,26.01,5
4808,624546,0,3.34,9
4809,624357,0,9.6,7
4810,622413,1,96.29,1
4811,622288,0,7.82,8
4812,621487,1,65.5,4
4813,619500,0,1.99,10
4814,618334,0,4.11,9
4815,615429,1,54.1,4
4816,609219,0,1.35,10
4817,608819,1,57.83,4
4818,607795,0,15.76,6
4819,606175,0,31.57,5
4820,601107,1,44.07,4
4821,599196,1,51.4,4
4822,598572,1,70.29,3
4823,597538,1,89.72,2
4824,594037,1,65.8,4
4825,588401,0,3.25,9
4826,585382,0,2.38,10
4827,579885,0,80.43,2
4828,659447,0,75.66,3
4829,658686,0,37.84,5
4830,657031,0,13.12,7
4831,653724,1,53.44,4
4832,653053,0,2.75,10
4833,649186,1,76.26,3
4834,647665,1,9.13,7
4835,647555,0,34.19,5
4836,646329,0,5.78,8
4837,644246,1,75.05,3
4838,643766,0,9.7,7
4839,641867,0,5.12,9
4840,641684,0,13.83,7
4841,639594,0,1.99,10
4842,639304,0,5.67,8
5181,599056,0,31.88,5
5182,599039,0,56.71,4
5183,597273,0,15.94,6
5184,595852,1,98.11,1
5185,592725,0,13.24,7
5186,591261,1,64.61,4
5187,591226,1,47.59,4
5188,590404,0,51.03,4
5189,588844,1,80.03,2
5190,587392,0,86.81,2
5191,586362,0,1.99,10
5192,583735,1,96.5,1
5193,582852,0,4.94,9
5194,581970,1,59.34,4
5195,655011,0,12.24,7
5196,654894,1,95.73,1
5197,651545,0,2.91,9
5198,649219,0,1.99,10
5199,642895,1,56.15,4
5200,639547,1,70.58,3
5201,636209,1,85.94,2
5202,634228,1,86.81,2
5203,629598,1,55.83,4
5204,628918,0,33.56,5
5205,628885,0,5.27,9
5206,628666,1,87.58,2
5207,627353,0,5.67,8
5208,625886,0,4.01,9
5209,624325,0,5.67,8
5210,622493,1,97.47,1
5211,618125,1,50.98,4
5212,613343,1,92.66,1
5213,611456,0,58.43,4
5214,609892,1,69.28,3
5215,605767,1,77.81,3
5216,603995,0,63.43,4
5217,603623,0,3.24,9
5218,602958,1,73.6,3
5219,601089,0,15.51,6
5220,599976,0,8.32,8
5221,598851,0,8.2,8
5222,597725,1,69.93,3
5223,596170,0,5.8,8
5224,595237,1,63.02,4
5225,589943,0,7.82,8
5226,589846,1,87.89,2
5227,586285,0,53.08,4
5228,584032,0,8.22,8
5229,582353,1,8.91,7
5230,580575,1,76.4,3
5231,580418,0,12.1,7
5232,579642,0,68.08,3
5233,658744,0,8.49,8
5234,657174,1,25.82,5
5235,653785,0,2.0,10
5236,649332,0,69.62,3
5237,649156,0,5.41,9
5238,648191,1,28.65,5
5239,648060,0,3.56,9
5240,647984,0,19.48,6
5241,647995,0,40.89,5
5242,647818,0,9.03,7
5243,646999,0,46.03,4
5244,646534,1,43.03,4
5245,645388,1,52.87,4
5246,644065,1,55.23,4
5247,643477,0,9.64,7
5248,640384,0,10.14,7
5249,640222,0,1.99,10
5250,639120,1,87.16,2
5251,637169,1,97.7,1
5252,635923,1,5.67,8
5253,633484,1,86.9,2
5254,633260,0,16.18,6
5255,632773,0,2.1,10
5256,630630,0,2.67,10
5257,630446,0,2.87,9
5258,628462,1,83.59,2
5259,628438,0,1.23,10
5260,628304,0,8.4,8
5261,625702,0,3.16,9
5262,625680,0,9.42,7
5263,624831,0,55.55,4
5264,623380,0,1.83,10
5265,621319,1,42.48,4
5266,620113,0,8.61,8
5267,619151,1,81.31,2
5268,616206,1,93.95,1
5269,612796,0,1.99,10
5270,612466,0,21.82,6
5271,611284,0,24.8,6
5272,608412,1,87.37,2
5273,608120,1,8.69,8
5274,606872,0,25.18,5
5275,606572,0,20.01,6
5276,605220,1,97.7,1
5277,603499,0,7.45,8
5278,603361,0,3.02,9
5279,601618,1,97.91,1
5280,598522,0,9.31,7
5281,598510,0,70.58,3
5282,598020,1,89.62,2
5283,597846,0,5.31,9
5284,597789,0,29.24,5
5285,596519,0,26.47,5
5286,595524,1,71.37,3
5287,591552,0,1.99,10
5288,589580,1,79.72,2
4901,640295,1,94.05,1
4902,638022,0,2.24,10
4903,637702,0,70.58,3
4904,637010,1,96.45,1
4905,634981,0,1.65,10
4906,634799,0,5.11,9
4907,633939,0,4.06,9
4908,633844,1,24.79,6
4909,628963,0,73.05,3
4910,624446,0,1.99,10
4911,624289,0,3.26,9
4912,622145,1,86.63,2
4913,620919,0,12.41,7
4914,618999,1,58.16,4
4915,615948,1,85.23,2
4916,614200,1,15.34,6
4917,613680,0,48.3,4
4918,611960,0,3.24,9
4919,611900,0,1.99,10
4920,609355,1,68.13,3
4921,608332,0,7.57,8
4922,607929,1,73.68,3
4923,607097,0,80.73,2
4924,606664,0,16.18,6
4925,606136,0,8.57,8
4926,605894,1,75.45,3
4927,604980,0,11.07,7
4928,603796,0,39.42,5
4929,602720,0,1.99,10
4930,601912,1,90.02,2
4931,600278,1,68.23,3
4932,599715,0,8.63,8
4933,599453,0,16.63,6
4934,598969,0,4.74,9
4935,598588,0,2.67,10
4936,598262,0,3.57,9
4937,597417,0,20.41,6
4938,597343,1,38.45,5
4939,596741,1,97.47,1
4940,596483,0,10.36,7
4941,595865,0,53.28,4
4942,594854,1,95.67,1
4943,592343,1,82.17,2
4944,592170,1,72.42,3
4945,591928,0,70.58,3
4946,589085,1,21.39,6
4947,587430,1,68.4,3
4948,586385,0,3.14,9
4949,586307,0,1.99,10
4950,584572,0,9.84,7
4951,584475,0,21.39,6
4952,582057,0,42.24,4
4953,580339,0,21.98,6
4954,579778,1,95.62,1
4955,579564,1,75.08,3
4956,659287,0,6.57,8
4957,659123,0,13.38,7
4958,659079,0,6.64,8
4959,653933,0,9.59,7
4960,652410,1,34.19,5
4961,652085,1,73.71,3
4962,649879,0,39.81,5
4963,647939,0,3.2,9
4964,647212,1,82.48,2
4965,647040,1,25.18,5
4966,641008,1,88.43,2
4967,639815,0,16.02,6
4968,639620,1,95.34,1
4969,637246,0,7.56,8
4970,635570,0,5.67,8
4971,633455,1,93.46,1
4972,630219,0,1.99,10
4973,627247,1,79.08,2
4974,624319,0,7.98,8
4975,621812,0,13.83,7
4976,621130,1,32.86,5
4977,620504,0,1.99,10
4978,619272,1,97.63,1
4979,618713,0,32.86,5
4980,618506,0,1.83,10
4981,608960,0,6.92,8
4982,607640,1,81.85,2
4983,607548,0,2.33,10
4984,605325,0,12.77,7
4985,604225,1,84.67,2
4986,603542,0,15.58,6
4987,601958,0,5.04,9
4988,600932,0,5.67,8
4989,596007,0,5.67,8
4990,595414,0,2.6,10
4991,594553,0,9.35,7
4992,594366,1,66.8,4
4993,593282,0,5.73,8
4994,592974,0,5.67,8
4995,590711,1,90.91,2
4996,589334,1,73.16,3
4997,585742,1,44.28,4
4998,585600,0,1.99,10
4999,585348,0,13.83,7
5000,583170,0,1.26,10
5001,582790,1,97.39,1
5002,582730,0,5.67,8
5003,656385,0,3.84,9
5004,655119,0,3.45,9
5005,652784,0,3.7,9
5006,651241,0,8.73,8
5007,649656,0,26.44,5
5008,646508,1,54.02,4
5009,646413,1,86.81,2
5010,638072,0,3.36,9
5011,637847,0,24.12,6
5012,637766,1,55.36,4
5013,634594,0,10.01,7
5014,632942,1,70.58,3
5015,631496,1,95.2,1
5016,626895,0,11.11,7
5017,625565,0,16.66,6
5018,623429,0,9.84,7
5019,622630,0,40.23,5
5020,622608,1,72.8,3
5021,622076,0,2.42,10
5022,619799,0,70.58,3
5023,616146,0,15.05,6
5024,615283,1,11.18,7
5025,611732,1,46.03,4
5026,609409,0,4.81,9
5027,605295,0,15.64,6
5028,604462,1,41.21,5
5029,599567,0,18.93,6
5030,597841,0,72.51,3
5031,595388,0,9.87,7
5032,594048,0,5.67,8
5033,594035,0,9.39,7
5034,593761,0,85.11,2
5035,591812,0,1.39,10
5036,591639,0,20.54,6
5037,591423,0,3.45,9
5038,590817,1,84.95,2
5039,588606,0,34.38,5
5040,588569,0,19.9,6
5041,587238,0,1.9,10
5042,584443,0,30.68,5
5043,582018,0,32.86,5
5044,580780,0,20.51,6
5045,650907,0,20.67,6
5046,646799,0,1.83,10
5047,646772,1,93.18,1
5048,643287,0,21.96,6
5049,642907,0,32.86,5
5050,641459,0,14.05,6
5051,638999,0,3.26,9
5052,636931,1,69.79,3
5053,636769,0,59.67,4
5054,633800,0,15.1,6
5055,631767,0,17.61,6
5056,629912,0,3.45,9
5057,628150,0,2.31,10
5058,627983,0,2.56,10
5059,625523,1,35.48,5
5060,624430,1,91.54,1
5061,624356,0,2.8,10
5062,623373,0,10.22,7
5063,623183,0,46.03,4
5064,622995,0,12.92,7
5065,615912,0,5.13,9
5066,608309,0,28.47,5
5067,607656,0,8.19,8
5068,605432,1,48.01,4
5069,604908,1,87.49,2
5070,599164,0,7.75,8
5071,595996,1,46.03,4
5072,595769,0,7.82,8
5073,595249,0,9.45,7
5074,594594,0,78.7,3
5075,594343,0,93.01,1
5076,593206,1,26.53,5
5077,590993,0,3.45,9
5078,589789,1,97.27,1
5079,589390,0,32.86,5
5080,587752,0,8.58,8
5081,587683,0,64.83,4
5082,587225,1,96.61,1
5083,584352,1,54.0,4
5084,583612,0,12.18,7
5085,582571,0,54.95,4
5086,580264,0,38.73,5
5087,658421,0,15.22,6
5088,657117,0,62.27,4
5089,655782,0,1.91,10
5090,652806,0,23.03,6
5091,650305,1,78.25,3
5092,649329,0,10.47,7
5093,645710,0,54.39,4
5094,645386,0,12.04,7
5095,642522,1,85.47,2
5096,642146,1,83.57,2
5097,637361,0,63.97,4
5098,637183,0,8.55,8
5099,633813,0,8.97,7
5100,632816,1,97.7,1
5101,632785,0,5.92,8
5102,630552,1,71.83,3
5103,629389,0,10.27,7
5104,628499,1,85.23,2
5105,628478,1,86.81,2
5106,627853,0,52.86,4
5107,621514,1,79.02,3
5108,620276,0,6.9,8
5109,620255,0,16.88,6
5110,618074,0,11.07,7
5111,617146,0,5.39,9
5112,615282,0,8.63,8
5113,613322,1,10.66,7
5114,613318,0,21.98,6
5115,612637,1,97.8,1
5116,609739,1,65.33,4
5117,608751,0,70.58,3
5118,608727,1,70.58,3
5119,607799,1,95.57,1
5120,607498,1,21.43,6
5121,607066,0,7.82,8
5122,606643,1,92.93,1
5123,605652,1,97.32,1
5124,604437,0,2.28,10
5125,597984,0,28.48,5
5126,597897,1,79.15,2
5127,594150,0,14.15,6
5128,593432,0,1.99,10
5129,592984,1,27.38,5
5130,592314,1,89.13,2
5131,591923,0,21.18,6
5132,589453,0,11.9,7
5133,588682,1,97.05,1
5134,587357,0,10.89,7
5135,586987,1,93.74,1
5136,586678,1,86.63,2
5137,586496,0,49.48,4
5138,586246,1,32.86,5
5139,585995,0,14.49,6
5140,584660,1,8.77,7
5141,583946,1,3.15,9
5142,583526,1,84.81,2
5143,579836,0,19.14,6
5144,660194,0,14.07,6
5145,656594,1,53.36,4
5146,655557,0,32.37,5
5147,653848,0,2.56,10
5148,652227,1,92.61,1
5149,648146,0,1.84,10
5150,645315,1,25.42,5
5151,643461,1,70.58,3
5152,642801,1,86.81,2
5153,639459,0,5.67,8
5154,638307,0,1.99,10
5155,638184,1,69.66,3
5156,636799,0,3.09,9
5157,635332,1,93.9,1
5158,635012,1,94.86,1
5159,633914,1,97.7,1
5160,630949,0,2.95,9
5161,630903,0,22.33,6
5162,630610,0,3.93,9
5163,629404,0,3.77,9
5164,628916,1,96.85,1
5165,621733,0,3.15,9
5166,621231,0,28.9,5
5167,620454,1,95.29,1
5168,619041,0,3.41,9
5169,617721,0,54.02,4
5170,614794,0,38.58,5
5171,612838,0,8.5,8
5172,612639,1,98.36,1
5173,610883,0,8.48,8
5174,610757,0,15.51,6
5175,608307,0,5.67,8
5176,606491,0,46.83,4
5177,602377,0,1.99,10
5178,602094,0,18.92,6
5179,601657,0,71.11,3
5180,599861,0,7.81,8
5289,588029,0,91.73,1
5290,587616,1,8.46,8
5291,587500,1,32.86,5
5292,587308,0,86.81,2
5293,587259,0,3.21,9
5294,585145,1,86.41,2
5295,584390,0,8.77,7
5296,584265,0,1.99,10
5297,583729,1,94.51,1
5298,581860,1,13.75,7
5299,581268,0,8.71,8
5300,579822,0,3.4,9
5301,579533,1,78.27,3
5302,659480,1,32.86,5
5303,658714,0,30.67,5
5304,657470,0,2.75,10
5305,657183,0,48.1,4
5306,655224,0,23.25,6
5307,654176,0,19.48,6
5308,653547,0,2.41,10
5309,645114,0,13.61,7
5310,643170,0,7.82,8
5311,642099,1,13.75,7
5312,641118,0,6.4,8
5313,639181,1,93.72,1
5314,637842,0,3.32,9
5315,636228,0,2.4,10
5316,636075,0,2.62,10
5317,635825,1,77.58,3
5318,634963,1,50.22,4
5319,632928,1,20.5,6
5320,632387,0,9.03,7
5321,628332,0,32.86,5
5322,626986,1,93.77,1
5323,626813,1,97.92,1
5324,626477,1,97.15,1
5325,622655,0,11.47,7
5326,616721,0,10.97,7
5327,615813,1,72.01,3
5328,614563,0,6.34,8
5329,611873,0,20.68,6
5330,609385,0,3.21,9
5331,609181,0,9.54,7
5332,608901,0,3.4,9
5333,608365,1,64.46,4
5334,608336,0,3.67,9
5335,605251,0,13.88,7
5336,604883,0,1.99,10
5337,604651,0,8.12,8
5338,603979,0,2.82,9
5339,601813,1,84.35,2
5340,601377,0,6.7,8
5341,600952,1,94.86,1
5342,598852,0,1.99,10
5343,598065,0,8.77,7
5344,596611,0,12.23,7
5345,596539,0,28.9,5
5346,596060,1,32.86,5
5347,594978,1,97.75,1
5348,594496,1,67.21,3
5349,594024,0,14.61,6
5350,593658,0,56.37,4
5351,592625,1,99.01,1
5352,592408,1,80.22,2
5353,588740,0,1.99,10
5354,588573,1,40.18,5
5355,588188,1,69.01,3
5356,586331,0,2.08,10
5357,585440,0,75.31,3
5358,582727,1,12.04,7
5359,580445,0,70.58,3
5360,580405,1,78.31,3
5361,579930,0,8.47,8
5362,660423,0,6.92,8
5363,657423,0,23.76,6
5364,653302,0,3.09,9
5365,648494,0,18.02,6
5366,647980,1,57.56,4
5367,643889,1,96.48,1
5368,643788,0,27.2,5
5369,639157,1,65.03,4
5370,634478,0,13.24,7
5371,630042,0,6.57,8
5372,627039,1,86.81,2
5373,626475,1,72.35,3
5374,623664,0,3.05,9
5375,622052,1,78.65,3
5376,619164,0,3.56,9
5377,617712,1,32.86,5
5378,616684,1,93.35,1
5379,615452,0,2.75,10
5380,612983,1,46.03,4
5381,611029,1,76.98,3
5382,608093,0,57.22,4
5383,607756,0,10.77,7
5384,605248,0,1.99,10
5385,602666,0,51.34,4
5386,601399,0,26.74,5
5387,600517,1,83.37,2
5388,599573,1,95.63,1
5389,597857,0,8.97,7
5390,596160,0,38.27,5
5391,592422,1,91.79,1
5392,591937,1,80.65,2
5393,591202,0,15.02,6
5394,590971,0,1.99,10
5395,590478,0,6.71,8
5396,589422,0,1.99,10
5397,589233,1,9.54,7
5398,588921,0,70.58,3
5678,650994,0,54.58,4
5679,648765,1,17.48,6
5680,646673,0,65.56,4
5681,645481,0,1.99,10
5682,643443,1,89.88,2
5683,642361,1,95.87,1
5684,642128,0,2.58,10
5685,642126,0,5.51,9
5686,641663,0,1.29,10
5687,640974,1,76.07,3
5688,639506,0,9.15,7
5689,639376,1,80.38,2
5690,637410,0,12.58,7
5691,636421,0,3.75,9
5692,635822,1,70.58,3
5693,633731,0,85.69,2
5694,632862,1,86.81,2
5695,632807,1,98.1,1
5696,632169,0,1.83,10
5697,631889,1,82.28,2
5698,631869,0,19.21,6
5699,628396,1,80.59,2
5700,628158,0,1.73,10
5701,627445,0,5.67,8
5702,627012,1,79.76,2
5703,626921,0,2.42,10
5704,624136,0,1.99,10
5705,623400,0,38.02,5
5706,621704,0,65.05,4
5707,621397,0,18.06,6
5708,620628,0,5.97,8
5709,619240,1,54.88,4
5710,616225,0,13.6,7
5711,616130,1,82.88,2
5712,613774,1,91.36,2
5713,613597,0,5.67,8
5714,613533,1,85.19,2
5715,612771,1,46.03,4
5716,612728,1,46.03,4
5717,611863,1,98.4,1
5718,610866,0,18.06,6
5719,610749,0,12.33,7
5720,608403,0,7.31,8
5721,608217,0,36.88,5
5722,607845,0,29.4,5
5723,607520,1,46.03,4
5724,607341,1,86.66,2
5725,607213,0,1.99,10
5726,604536,0,14.55,6
5727,604114,1,70.58,3
5728,603702,0,29.78,5
5729,603298,1,32.86,5
5730,599458,0,16.63,6
5731,598343,1,80.11,2
5732,597222,0,5.67,8
5733,595392,1,73.56,3
5734,595137,1,76.16,3
5735,592676,0,1.83,10
5399,587329,0,47.98,4
5400,582295,0,7.82,8
5401,581506,1,97.1,1
5402,580262,1,73.21,3
5403,580198,1,85.66,2
5404,653964,0,33.56,5
5405,652725,0,60.06,4
5406,650655,0,60.04,4
5407,649023,1,66.24,4
5408,648361,1,59.66,4
5409,644286,0,10.92,7
5410,643040,0,6.85,8
5411,642741,0,5.67,8
5412,640258,1,16.89,6
5413,637909,1,76.92,3
5414,637835,0,5.67,8
5415,637829,1,96.09,1
5416,637074,0,1.99,10
5417,635799,0,2.56,10
5418,635742,1,3.34,9
5419,629557,1,13.6,7
5420,624284,0,15.22,6
5421,622831,0,7.82,8
5422,619515,0,45.19,4
5423,618971,0,41.4,5
5424,615700,0,2.58,10
5425,614798,1,32.86,5
5426,614036,1,97.7,1
5427,611143,1,19.01,6
5428,610781,0,4.01,9
5429,610383,0,75.9,3
5430,608370,1,70.58,3
5431,607699,0,6.67,8
5432,606502,1,62.34,4
5433,601427,0,1.99,10
5434,600578,0,9.23,7
5435,599258,0,2.11,10
5436,599068,1,32.86,5
5437,596830,0,46.78,4
5438,596493,1,33.95,5
5439,596069,1,86.81,2
5440,593211,1,96.32,1
5441,591977,0,21.78,6
5442,591648,0,3.45,9
5443,590682,0,22.96,6
5444,588990,0,1.99,10
5445,588794,0,83.2,2
5446,587560,1,72.97,3
5447,587261,0,86.81,2
5448,585751,1,82.28,2
5449,583875,0,3.45,9
5450,659614,0,7.59,8
5451,658779,0,19.83,6
5452,658278,0,5.28,9
5453,657247,1,91.96,1
5454,656481,0,8.36,8
5455,656345,0,3.27,9
5456,655337,1,95.55,1
5457,655071,0,1.99,10
5458,654177,0,6.78,8
5459,648310,0,3.72,9
5460,640108,1,81.23,2
5461,639602,1,87.25,2
5462,637899,0,13.83,7
5463,637640,1,94.16,1
5464,634024,1,97.7,1
5465,633341,0,67.61,3
5466,633335,1,65.54,4
5467,632664,0,3.04,9
5468,630784,0,5.5,9
5469,629654,0,3.29,9
5470,628413,1,80.72,2
5471,627287,0,14.17,6
5472,622529,0,32.86,5
5473,622371,1,38.47,5
5474,620543,0,32.86,5
5475,620505,1,75.13,3
5476,619683,0,19.03,6
5477,619624,1,81.03,2
5478,618339,1,54.64,4
5479,616173,0,70.85,3
5480,612223,1,86.17,2
5481,608967,1,21.05,6
5482,608049,0,3.38,9
5483,606185,0,28.42,5
5484,601378,1,74.57,3
5485,601146,0,38.74,5
5486,599330,0,12.56,7
5487,594010,0,15.57,6
5488,591301,0,5.67,8
5489,590880,1,88.05,2
5490,589758,0,16.89,6
5491,589591,0,58.16,4
5492,589424,1,69.82,3
5493,587146,1,11.86,7
5494,583641,0,35.88,5
5495,581724,1,64.27,4
5496,659727,1,88.75,2
5497,658852,1,70.29,3
5498,655192,0,2.62,10
5499,654026,0,14.04,6
5500,653919,0,3.69,9
5501,647903,0,3.22,9
5502,646253,1,95.53,1
5503,641585,0,17.28,6
5504,638399,0,3.45,9
5505,638356,0,20.56,6
5506,637666,0,2.9,9
5507,637647,0,12.44,7
5508,633311,0,2.8,10
5509,632948,0,1.99,10
5510,632721,0,3.57,9
5511,630335,0,6.95,8
5512,628023,0,16.63,6
5513,623966,0,3.2,9
5514,619228,1,96.09,1
5515,615461,1,88.62,2
5516,615155,0,4.09,9
5517,614204,0,1.99,10
5518,614186,0,1.99,10
5519,613565,0,1.99,10
5520,605849,1,74.18,3
5521,605602,0,8.19,8
5522,603138,0,29.92,5
5523,600019,1,84.56,2
5524,598132,1,97.6,1
5525,593985,1,12.64,7
5526,589594,1,63.03,4
5527,588618,1,95.44,1
5528,588310,0,39.96,5
5529,587970,1,97.7,1
5530,586896,0,32.86,5
5531,584027,0,7.82,8
5532,580887,1,98.12,1
5533,660558,0,13.38,7
5534,660087,1,42.24,4
5535,658652,0,2.13,10
5536,656795,0,4.98,9
5537,656078,0,2.9,9
5538,654143,0,2.82,9
5539,653881,1,16.63,6
5540,653292,0,4.68,9
5541,651725,0,20.05,6
5542,649259,0,15.69,6
5543,647974,0,7.76,8
5544,642470,0,5.23,9
5545,641510,0,5.77,8
5546,640191,1,88.64,2
5547,639299,0,32.34,5
5548,638288,0,36.76,5
5549,634356,0,5.67,8
5550,634217,1,66.82,4
5551,632097,1,26.49,5
5552,631375,0,41.4,5
5553,631306,0,32.77,5
5554,629925,0,7.82,8
5555,629556,1,98.75,1
5556,628791,0,8.58,8
5557,627296,1,84.52,2
5558,626900,0,3.71,9
5559,619402,0,30.8,5
5560,614723,0,10.39,7
5561,613825,0,43.4,4
5562,613635,0,7.82,8
5563,612690,0,38.32,5
5564,610273,1,83.64,2
5565,610126,1,20.84,6
5566,609540,0,31.61,5
5567,608733,0,5.67,8
5568,608730,0,27.2,5
5569,608302,0,30.07,5
5570,606479,0,50.26,4
5571,604403,0,10.28,7
5572,603554,0,3.13,9
5573,602689,0,12.98,7
5574,602678,0,2.95,9
5575,602118,1,59.83,4
5576,601837,1,32.86,5
5577,600861,0,4.57,9
5578,600258,1,82.69,2
5579,599515,1,81.45,2
5580,599500,1,80.52,2
5581,598757,0,4.74,9
5582,597982,1,86.52,2
5583,597943,1,86.63,2
5584,597819,1,82.51,2
5585,597621,0,1.99,10
5586,597438,1,86.9,2
5587,597234,1,72.86,3
5588,596174,0,3.13,9
5589,595728,0,1.99,10
5590,595422,0,6.66,8
5591,593872,1,85.22,2
5592,593551,0,5.48,9
5593,592650,0,4.74,9
5594,591739,0,4.74,9
5595,591057,0,5.67,8
5596,590308,0,25.6,5
5597,589010,0,74.75,3
5598,586349,1,57.92,4
5599,585409,0,12.03,7
5600,585010,0,26.16,5
5601,584299,0,72.06,3
5602,584160,1,98.18,1
5603,584023,0,6.24,8
5604,583666,0,1.99,10
5605,583653,1,5.38,9
5606,583614,0,5.67,8
5607,583571,0,1.99,10
5608,583435,1,56.76,4
5609,582709,1,77.1,3
5610,582192,0,56.32,4
5611,581986,0,1.99,10
5612,581016,1,93.93,1
5613,580688,1,57.88,4
5614,580322,0,7.82,8
5615,659925,0,32.86,5
5616,659896,0,3.45,9
5617,657920,0,1.99,10
5618,654189,1,65.92,4
5619,652128,0,2.65,10
5620,647775,1,32.86,5
5621,645333,1,60.8,4
5622,644111,0,17.94,6
5623,643279,0,9.49,7
5624,642635,1,70.5,3
5625,642303,1,72.9,3
5626,641062,0,4.08,9
5627,640537,1,47.0,4
5628,638579,0,71.73,3
5629,637759,1,86.81,2
5630,636848,0,7.82,8
5631,632837,0,3.66,9
5632,632368,0,1.42,10
5633,631255,1,65.18,4
5634,629804,0,5.67,8
5635,627411,0,15.65,6
5636,625185,1,94.98,1
5637,624995,0,19.45,6
5638,621242,0,1.46,10
5639,620588,0,12.41,7
5640,616074,0,30.55,5
5641,614708,0,5.67,8
5642,613289,1,58.32,4
5643,611183,0,13.44,7
5644,610499,0,3.68,9
5645,608784,1,8.39,8
5646,608246,1,84.95,2
5647,608186,0,43.65,4
5648,606886,0,4.15,9
5649,606332,0,41.58,4
5650,604532,0,5.09,9
5651,603943,1,73.99,3
5652,601630,0,4.91,9
5653,600920,0,6.94,8
5654,599707,0,17.45,6
5655,598301,0,19.93,6
5656,598202,1,77.86,3
5657,595775,1,87.44,2
5658,595596,1,70.62,3
5659,593767,1,79.35,2
5660,593208,1,98.63,1
5661,591108,0,54.75,4
5662,589007,0,2.32,10
5663,588797,0,33.03,5
5664,588209,1,95.59,1
5665,588124,1,77.94,3
5666,586388,0,3.66,9
5667,582325,0,7.82,8
5668,582194,0,10.95,7
5669,581323,1,16.63,6
5670,580094,0,12.04,7
5671,659016,0,2.68,10
5672,658766,0,8.68,8
5673,657644,1,95.52,1
5674,657311,0,1.28,10
5675,653849,1,14.09,6
5676,653337,0,44.52,4
5677,651185,0,3.41,9
6013,641829,1,91.93,1
6014,641647,0,10.97,7
6015,639449,1,69.46,3
6016,636575,0,2.6,10
6017,634664,1,73.76,3
6018,634056,1,97.29,1
6019,633548,1,96.1,1
6020,632908,0,9.62,7
6021,632194,0,13.22,7
6022,631647,1,85.72,2
6023,630936,0,14.06,6
6024,630840,1,23.1,6
6025,630727,0,70.51,3
6026,629519,0,1.88,10
6027,629308,0,1.99,10
6028,625867,0,38.54,5
6029,624197,0,12.35,7
6030,623715,0,12.04,7
6031,623223,0,9.22,7
6032,622713,0,10.4,7
6033,622658,1,92.21,1
6034,618777,0,22.57,6
6035,617354,1,75.21,3
6036,616959,0,12.65,7
6037,613697,0,80.99,2
6038,612134,0,2.23,10
6039,611144,1,83.5,2
6040,610294,1,33.45,5
6041,610099,0,1.99,10
6042,609567,0,9.54,7
6043,609351,0,6.84,8
6044,608261,1,79.57,2
6045,607413,0,3.46,9
6046,606470,0,21.98,6
6047,605487,0,13.12,7
6048,604111,1,85.19,2
6049,603956,0,7.63,8
6050,603248,0,2.23,10
6051,601981,0,6.78,8
6052,601324,0,3.74,9
6053,598532,1,94.11,1
6054,598440,1,80.32,2
6055,596447,0,6.45,8
6056,595985,1,21.49,6
6057,594938,0,9.79,7
6058,593865,0,2.89,9
6059,592990,0,16.48,6
6060,592785,1,69.22,3
6061,591204,0,35.86,5
6062,590804,0,16.02,6
6063,590526,0,79.67,2
6064,589398,1,97.8,1
6065,588873,1,97.6,1
6066,585950,0,8.48,8
6067,585642,0,3.73,9
6068,583709,0,1.99,10
6069,583528,1,83.71,2
6070,582882,0,30.79,5
6071,582517,0,12.01,7
6072,581759,1,98.82,1
6073,580485,1,78.5,3
6074,580101,0,4.64,9
6075,579735,0,70.58,3
6076,658620,0,32.86,5
6077,657971,0,2.37,10
6078,655777,0,3.5,9
6079,655068,0,13.9,7
6080,654869,1,56.28,4
6081,651417,1,82.0,2
6082,650274,0,6.09,8
6083,649405,0,3.24,9
6084,649339,0,93.35,1
6085,648164,0,3.45,9
6086,646388,1,80.72,2
6087,644087,1,47.92,4
6088,642785,0,56.9,4
6089,640577,1,69.48,3
6090,639881,0,51.28,4
6091,639869,0,10.96,7
6092,637819,0,1.99,10
6093,636816,0,23.33,6
6094,634783,0,1.83,10
6095,632880,0,1.99,10
6096,632767,0,5.61,9
6097,631831,0,73.99,3
6098,631614,1,11.18,7
6099,629242,1,81.02,2
6100,629012,0,49.3,4
6101,627470,0,12.04,7
6102,625880,0,14.44,6
6103,625188,0,2.0,10
6104,622495,1,72.1,3
6105,621676,0,36.67,5
6106,621126,1,70.58,3
6107,619901,0,3.46,9
6108,619497,1,12.4,7
6109,619003,1,66.14,4
6110,618841,1,86.12,2
6111,618729,1,84.27,2
6112,618041,1,38.24,5
6113,615827,1,76.83,3
6114,615713,0,4.02,9
6115,614988,0,32.86,5
6116,614151,1,53.65,4
6117,612293,0,36.01,5
6118,611948,1,89.95,2
6119,611225,1,86.34,2
6120,610300,0,1.99,10
6121,609514,0,7.13,8
6122,607867,0,28.85,5
5736,590924,0,5.67,8
5737,590261,0,3.46,9
5738,589246,0,11.41,7
5739,588877,1,5.1,9
5740,585963,0,6.91,8
5741,584832,0,1.29,10
5742,584084,0,32.86,5
5743,583075,0,5.67,8
5744,581821,0,73.71,3
5745,581766,0,7.82,8
5746,581489,0,42.87,4
5747,580290,0,4.58,9
5748,579764,0,19.85,6
5749,657620,0,5.21,9
5750,656015,0,4.14,9
5751,655405,0,2.01,10
5752,654174,0,20.99,6
5753,654182,0,6.41,8
5754,653930,0,32.86,5
5755,652787,1,91.81,1
5756,650459,0,1.99,10
5757,648639,1,98.35,1
5758,647591,0,7.31,8
5759,646462,0,6.05,8
5760,644524,1,87.77,2
5761,643459,0,24.85,6
5762,643275,0,43.57,4
5763,641958,0,1.71,10
5764,637120,1,73.15,3
5765,636874,0,3.52,9
5766,636766,1,82.52,2
5767,633903,1,98.1,1
5768,633744,1,79.89,2
5769,632322,1,77.91,3
5770,632155,1,78.03,3
5771,629911,0,3.38,9
5772,629089,1,98.04,1
5773,628534,0,34.8,5
5774,627365,1,32.92,5
5775,625410,1,38.72,5
5776,624817,1,68.68,3
5777,624534,0,4.59,9
5778,622595,0,21.04,6
5779,622517,1,87.22,2
5780,620372,1,68.34,3
5781,620274,1,96.76,1
5782,618407,0,3.3,9
5783,615964,1,52.16,4
5784,614067,1,97.34,1
5785,612469,1,97.63,1
5786,608709,1,93.85,1
5787,607128,0,10.13,7
5788,605332,1,98.22,1
5789,600947,0,17.74,6
5790,599135,0,9.2,7
5791,598821,1,96.22,1
5792,598816,0,8.27,8
5793,598330,0,12.03,7
5794,594775,0,20.31,6
5795,593220,0,6.9,8
5796,592694,0,16.28,6
5797,590607,0,67.1,4
5798,586241,0,1.99,10
5799,585761,1,92.35,1
5800,583217,1,22.36,6
5801,582872,1,90.02,2
5802,581851,0,3.82,9
5803,580691,0,32.86,5
5804,657092,0,2.55,10
5805,651935,1,98.22,1
5806,651100,1,95.0,1
5807,646504,1,82.77,2
5808,645875,1,83.05,2
5809,643401,0,97.47,1
5810,643157,0,10.13,7
5811,639685,0,63.01,4
5812,637771,1,84.93,2
5813,637161,0,9.3,7
5814,634474,0,14.27,6
5815,633630,0,9.13,7
5816,627793,0,12.04,7
5817,625579,0,1.99,10
5818,625427,0,3.47,9
5819,622240,0,1.99,10
5820,620420,1,70.61,3
5821,617386,0,5.67,8
5822,617043,1,98.23,1
5823,614056,0,11.85,7
5824,613149,0,1.29,10
5825,612658,0,26.53,5
5826,612038,0,9.42,7
5827,611316,1,70.58,3
5828,609020,1,46.03,4
5829,608257,0,7.82,8
5830,608100,1,82.48,2
5831,606905,0,19.4,6
5832,606028,1,64.27,4
5833,605163,0,1.99,10
5834,604710,0,13.37,7
5835,603713,1,56.23,4
5836,602193,0,18.64,6
5837,600913,0,56.01,4
5838,599856,0,15.6,6
5839,599669,0,7.82,8
5840,599633,0,22.15,6
5841,597171,1,80.43,2
5842,595743,0,5.67,8
5843,595571,0,2.13,10
5844,590626,0,10.95,7
5845,590371,0,12.13,7
5846,590341,0,77.41,3
5847,589696,1,73.86,3
5848,588718,0,26.36,5
5849,588589,1,85.9,2
5850,588485,0,11.61,7
5851,588395,0,3.15,9
5852,587486,0,69.94,3
5853,582736,0,5.62,9
5854,581700,0,31.58,5
5855,581179,0,10.3,7
5856,580865,0,7.3,8
5857,580314,1,3.93,9
5858,659076,0,5.31,9
5859,657717,0,7.82,8
5860,656233,0,7.82,8
5861,651801,0,4.17,9
5862,650893,0,51.96,4
5863,646068,1,92.32,1
5864,643787,1,63.44,4
5865,641481,1,86.81,2
5866,639507,1,56.32,4
5867,637936,1,75.71,3
5868,637125,1,87.58,2
5869,636182,0,41.56,4
5870,631597,1,86.63,2
5871,630127,1,35.3,5
5872,626187,0,25.4,5
5873,625727,0,1.83,10
5874,614911,1,83.92,2
5875,614259,1,25.63,5
5876,614229,0,19.4,6
5877,614218,0,16.33,6
5878,613918,1,95.79,1
5879,613614,0,31.31,5
5880,610683,0,6.03,8
5881,609210,0,12.04,7
5882,600391,1,89.08,2
5883,599678,1,80.14,2
5884,599066,0,3.16,9
5885,598338,0,38.12,5
5886,597917,0,67.17,4
5887,597623,0,1.99,10
5888,596651,0,11.59,7
5889,595222,0,7.43,8
5890,592218,0,8.48,8
5891,585811,0,32.31,5
5892,580206,0,2.8,10
5893,580072,0,2.94,9
5894,579853,0,20.5,6
5895,660180,0,13.49,7
5896,658288,0,7.72,8
5897,657477,1,17.74,6
5898,657302,0,2.63,10
5899,656031,0,5.22,9
5900,655134,0,1.9,10
5901,648265,0,1.99,10
5902,647299,1,20.06,6
5903,643930,1,51.31,4
5904,642881,1,75.48,3
5905,632274,1,83.04,2
5906,618581,0,2.68,10
5907,614819,1,57.23,4
5908,613611,0,2.41,10
5909,610550,0,46.03,4
5910,608360,1,5.27,9
5911,606387,1,94.98,1
5912,606035,1,68.51,3
5913,604872,0,70.79,3
5914,598899,1,97.47,1
5915,598790,0,1.99,10
5916,592796,0,4.88,9
5917,591532,0,4.94,9
5918,591398,0,10.1,7
5919,590115,0,19.81,6
5920,588255,1,77.47,3
5921,587341,0,86.63,2
5922,587089,1,98.55,1
5923,585709,1,91.08,2
5924,585443,1,51.78,4
5925,585377,0,32.86,5
5926,583464,0,13.38,7
5927,582240,1,63.21,4
5928,659345,0,33.04,5
5929,659244,0,70.17,3
5930,656685,1,94.74,1
5931,656448,0,1.99,10
5932,651910,1,32.86,5
5933,650681,0,4.93,9
5934,646238,0,8.51,8
5935,646078,0,1.99,10
5936,645495,0,11.15,7
5937,644954,0,2.85,9
5938,644671,0,72.78,3
5939,644182,0,16.22,6
5940,643902,1,98.22,1
5941,643772,1,66.58,4
5942,643149,0,5.1,9
5943,642991,0,3.45,9
5944,642384,1,86.58,2
5945,637794,1,25.69,5
5946,637236,1,63.91,4
5947,637107,0,4.54,9
5948,636928,0,1.99,10
5949,635448,1,23.88,6
5950,634631,0,4.1,9
5951,634057,1,78.37,3
5952,632224,0,9.21,7
5953,631658,1,87.25,2
5954,631405,1,95.56,1
5955,630331,1,49.8,4
5956,630128,0,20.26,6
5957,628309,0,3.45,9
5958,627315,1,23.43,6
5959,626584,0,3.32,9
5960,625220,0,3.36,9
5961,623195,0,3.82,9
5962,621884,1,16.93,6
5963,617544,0,7.82,8
5964,617081,0,7.5,8
5965,616023,1,80.8,2
5966,615801,1,46.03,4
5967,612830,0,16.47,6
5968,610648,0,1.83,10
5969,610220,0,13.1,7
5970,608218,1,95.78,1
5971,607308,0,16.02,6
5972,605434,0,20.06,6
5973,604460,1,56.09,4
5974,604207,0,7.16,8
5975,604134,1,87.58,2
5976,603354,0,1.99,10
5977,602831,0,46.03,4
5978,602504,1,78.58,3
5979,602406,1,77.24,3
5980,600922,0,40.71,5
5981,600587,0,69.66,3
5982,599313,1,51.29,4
5983,598055,1,97.4,1
5984,596521,0,13.83,7
5985,594910,1,23.1,6
5986,594630,0,10.28,7
5987,593802,1,32.86,5
5988,591909,1,65.62,4
5989,591622,0,64.09,4
5990,587569,0,8.95,7
5991,586857,0,12.45,7
5992,586156,1,91.29,2
5993,585477,1,97.47,1
5994,585281,0,78.6,3
5995,584422,1,97.47,1
5996,583781,0,3.38,9
5997,582721,0,14.14,6
5998,582614,1,65.38,4
5999,580422,1,60.92,4
6000,659849,1,49.71,4
6001,659106,1,72.49,3
6002,658070,0,9.04,7
6003,657390,0,13.82,7
6004,657142,0,37.83,5
6005,657139,1,14.75,6
6006,656413,0,1.99,10
6007,652986,1,67.38,3
6008,651501,0,1.99,10
6009,649752,0,74.04,3
6010,649095,0,2.82,10
6011,647320,1,68.22,3
6012,646181,0,9.06,7
6123,606650,0,5.67,8
6124,605636,0,67.43,3
6125,605214,0,2.0,10
6126,603080,1,75.33,3
6127,602259,1,81.25,2
6128,601521,0,12.74,7
6129,599119,1,90.49,2
6130,598887,0,17.61,6
6131,598159,0,1.49,10
6132,595872,0,42.91,4
6133,595730,0,8.66,8
6134,595656,0,70.58,3
6135,595141,1,99.01,1
6136,594646,1,92.77,1
6137,594428,1,28.01,5
6138,593980,1,18.47,6
6139,593806,0,13.91,7
6140,593671,0,8.51,8
6141,592297,0,10.34,7
6142,591718,1,90.01,2
6143,591225,0,16.22,6
6144,590716,1,83.92,2
6145,590686,1,70.58,3
6146,590263,1,83.58,2
6147,588139,0,12.33,7
6148,587028,1,75.52,3
6149,586680,0,12.45,7
6150,586658,0,14.05,6
6151,586652,0,6.33,8
6152,586640,0,10.78,7
6153,585039,0,24.41,6
6154,584076,0,20.05,6
6155,581304,0,6.78,8
6156,580278,0,22.1,6
6157,660727,1,61.4,4
6158,660236,1,20.92,6
6159,658071,0,50.36,4
6160,653908,0,25.67,5
6161,651732,0,36.73,5
6162,651611,1,95.44,1
6163,651374,0,13.38,7
6164,650330,0,86.55,2
6165,646010,0,10.96,7
6166,642490,0,79.31,2
6167,640135,1,97.43,1
6168,638851,0,13.3,7
6169,637880,0,6.73,8
6170,636452,1,75.27,3
6171,636417,0,45.76,4
6172,636002,0,3.41,9
6173,633962,1,98.1,1
6174,633239,1,71.33,3
6175,630170,1,89.93,2
6176,629592,1,97.1,1
6177,626188,0,5.67,8
6178,625738,0,68.91,3
6179,624563,0,2.77,10
6180,624353,1,93.47,1
6181,623213,0,63.14,4
6182,619793,1,98.09,1
6183,619000,0,13.59,7
6184,617975,1,76.08,3
6185,617745,1,94.07,1
6186,616596,0,46.03,4
6187,615271,0,3.01,9
6188,614846,1,80.53,2
6189,613750,0,11.99,7
6190,610435,1,32.42,5
6191,610341,0,1.83,10
6192,609103,0,17.45,6
6193,608635,0,66.43,4
6194,608544,1,82.18,2
6195,606895,0,1.54,10
6196,605502,0,3.09,9
6197,605302,0,7.82,8
6198,605278,1,98.22,1
6199,603777,0,8.75,8
6200,601727,0,21.56,6
6201,601485,0,19.76,6
6202,600317,0,19.44,6
6203,600047,0,32.86,5
6204,599007,0,5.67,8
6205,598199,1,97.47,1
6206,597161,0,18.76,6
6207,596751,1,46.03,4
6208,596360,0,2.53,10
6209,594881,0,53.31,4
6210,593314,0,3.84,9
6211,591837,1,73.59,3
6212,590620,0,69.79,3
6213,589957,1,90.67,2
6214,588013,1,96.7,1
6215,587803,0,40.68,5
6216,585977,0,20.61,6
6217,585643,1,83.83,2
6218,585573,0,1.99,10
6219,584408,0,1.83,10
6220,584286,1,7.82,8
6221,582154,1,72.17,3
6222,582045,1,5.67,8
6223,579786,0,70.58,3
6224,579784,0,1.49,10
6225,658606,0,30.59,5
6226,656412,0,2.81,10
6227,655360,0,9.02,7
6228,651425,0,2.7,10
6229,651284,0,2.8,10
6230,650133,1,72.33,3
6231,647975,0,7.93,8
6232,647606,0,5.14,9
6512,581712,0,1.26,10
6513,580181,1,46.03,4
6514,579942,0,9.79,7
6515,657148,1,7.37,8
6516,656715,1,60.85,4
6517,656036,0,10.32,7
6518,655206,0,3.67,9
6519,651221,1,7.82,8
6520,647142,1,83.26,2
6521,646755,0,1.99,10
6522,645703,1,95.92,1
6523,639967,1,95.4,1
6524,639428,1,32.86,5
6525,633476,1,87.88,2
6526,632323,1,98.42,1
6527,630801,1,98.11,1
6528,630262,0,3.66,9
6529,628453,1,38.67,5
6530,628038,0,51.26,4
6531,626068,0,12.03,7
6532,625120,1,95.44,1
6533,624960,0,7.42,8
6534,624449,0,28.15,5
6535,622839,1,20.93,6
6536,620633,0,2.06,10
6537,617802,0,19.32,6
6538,615265,0,15.6,6
6539,613852,1,82.37,2
6540,613689,1,85.23,2
6541,606850,1,82.28,2
6542,605182,0,26.53,5
6543,603178,0,78.1,3
6544,602359,1,67.18,4
6545,602318,0,7.82,8
6546,602265,1,24.77,6
6547,601177,0,3.45,9
6548,600437,1,88.62,2
6549,598771,0,12.03,7
6550,597680,0,46.03,4
6551,595810,0,1.99,10
6552,595517,0,85.21,2
6553,592657,0,21.56,6
6554,592425,1,97.53,1
6555,592393,0,7.82,8
6556,592354,1,64.09,4
6557,591282,0,1.99,10
6558,591013,0,73.52,3
6559,590717,0,11.93,7
6560,589802,0,1.97,10
6561,589437,0,14.05,6
6562,587883,1,96.48,1
6563,587247,1,95.31,1
6564,582863,0,7.31,8
6565,582587,0,7.82,8
6566,580819,0,28.56,5
6567,580754,0,35.9,5
6233,646370,0,12.69,7
6234,646003,0,15.71,6
6235,635711,1,90.33,2
6236,631243,1,75.88,3
6237,629658,1,95.69,1
6238,627354,1,41.58,4
6239,627327,1,97.47,1
6240,626775,1,76.98,3
6241,624438,1,75.13,3
6242,622997,0,6.53,8
6243,617566,0,20.2,6
6244,616444,1,46.03,4
6245,614480,1,66.4,4
6246,610800,0,8.75,8
6247,608699,0,59.62,4
6248,608606,0,13.82,7
6249,608135,0,2.8,10
6250,607333,0,8.75,8
6251,606661,1,77.25,3
6252,605419,1,32.86,5
6253,603370,1,58.25,4
6254,601887,0,21.56,6
6255,600301,0,8.66,8
6256,593124,1,96.55,1
6257,592895,0,1.99,10
6258,592563,0,9.99,7
6259,592113,1,35.43,5
6260,588657,1,41.94,4
6261,588474,0,2.1,10
6262,588212,0,11.06,7
6263,588104,1,97.34,1
6264,587499,0,13.08,7
6265,587258,0,86.63,2
6266,584881,1,60.64,4
6267,579830,0,7.49,8
6268,579799,0,87.89,2
6269,655492,0,54.0,4
6270,655379,0,4.07,9
6271,654934,0,2.26,10
6272,651251,1,71.48,3
6273,649152,1,19.0,6
6274,643360,0,5.67,8
6275,641916,0,2.89,9
6276,641155,0,36.57,5
6277,634813,1,95.83,1
6278,634731,1,97.47,1
6279,633453,0,8.77,7
6280,633361,0,73.46,3
6281,631653,1,86.63,2
6282,631587,0,2.67,10
6283,630730,0,1.98,10
6284,628429,0,5.67,8
6285,624871,1,65.0,4
6286,617845,1,32.02,5
6287,617228,1,10.14,7
6288,611930,1,80.4,2
6289,611801,1,63.08,4
6290,608882,0,11.97,7
6291,608470,0,3.66,9
6292,606428,0,2.34,10
6293,603600,0,8.31,8
6294,600560,0,3.8,9
6295,596593,0,2.31,10
6296,596318,0,13.1,7
6297,592016,0,5.14,9
6298,589735,1,62.39,4
6299,587890,1,97.34,1
6300,587418,1,90.96,2
6301,584202,1,97.42,1
6302,582889,0,9.13,7
6303,582172,1,62.52,4
6304,582152,0,68.1,3
6305,581644,0,65.0,4
6306,581419,0,1.99,10
6307,660458,1,86.44,2
6308,659607,1,85.9,2
6309,653820,1,95.55,1
6310,651680,1,84.81,2
6311,649003,1,67.15,4
6312,647983,1,57.56,4
6313,645218,1,70.39,3
6314,644247,1,81.89,2
6315,641173,1,86.6,2
6316,637677,0,5.67,9
6317,636860,1,97.15,1
6318,634459,0,3.49,9
6319,634167,0,3.45,9
6320,631159,0,3.43,9
6321,629593,1,92.95,1
6322,628706,0,5.7,8
6323,627085,0,5.67,9
6324,626161,1,63.84,4
6325,621310,1,32.86,5
6326,617613,1,36.98,5
6327,615425,1,80.22,2
6328,614777,0,1.99,10
6329,607357,1,69.46,3
6330,607279,1,98.04,1
6331,606790,1,5.67,9
6332,599321,0,13.02,7
6333,598518,1,83.71,2
6334,598461,0,27.67,5
6335,596485,0,12.16,7
6336,590238,1,42.27,4
6337,587103,1,81.27,2
6338,586776,0,1.87,10
6339,586345,1,70.58,3
6340,585890,0,24.41,6
6341,585405,0,2.02,10
6342,584235,0,2.73,10
6343,581511,0,21.79,6
6344,580350,0,5.84,8
6345,659153,1,96.82,1
6346,658277,1,33.96,5
6347,654342,0,6.22,8
6348,653656,0,3.24,9
6349,653207,0,3.13,9
6350,651043,1,92.98,1
6351,650278,1,41.56,4
6352,645274,0,2.44,10
6353,643548,0,1.99,10
6354,643356,0,6.88,8
6355,638848,1,23.64,6
6356,638121,1,34.62,5
6357,637290,0,11.67,7
6358,634595,0,78.49,3
6359,634060,1,97.8,1
6360,633337,0,10.39,7
6361,629390,0,2.21,10
6362,628282,1,94.32,1
6363,626805,1,70.52,3
6364,625600,1,79.49,2
6365,625289,0,2.27,10
6366,625222,1,64.45,4
6367,622513,0,5.67,9
6368,621277,1,32.86,5
6369,620783,1,96.45,1
6370,618102,0,8.92,7
6371,617857,0,6.6,8
6372,616706,1,20.48,6
6373,616046,0,7.82,8
6374,615616,1,72.97,3
6375,615121,0,23.63,6
6376,614541,0,6.86,8
6377,611849,0,62.17,4
6378,610095,0,9.13,7
6379,609808,1,28.82,5
6380,609333,0,7.82,8
6381,609192,1,83.37,2
6382,607494,0,2.15,10
6383,606675,0,2.53,10
6384,604281,0,1.99,10
6385,601768,1,80.18,2
6386,600091,0,18.91,6
6387,594936,1,94.98,1
6388,592885,0,12.5,7
6389,592524,0,1.83,10
6390,591473,0,27.38,5
6391,591333,0,19.13,6
6392,591120,0,24.48,6
6393,587543,0,4.01,9
6394,587099,0,22.11,6
6395,585438,1,84.95,2
6396,585291,0,1.99,10
6397,582554,0,47.61,4
6398,581103,1,1.99,10
6399,580939,1,93.08,1
6400,580133,1,72.61,3
6401,656723,0,9.56,7
6402,647649,0,31.29,5
6403,644953,1,98.29,1
6404,643508,0,28.2,5
6405,641743,1,27.24,5
6406,639134,1,87.58,2
6407,637953,1,42.59,4
6408,637105,0,11.11,7
6409,636901,1,28.07,5
6410,635571,0,68.28,3
6411,634607,0,15.39,6
6412,631488,0,11.07,7
6413,631282,1,90.16,2
6414,629330,0,3.29,9
6415,628675,1,97.47,1
6416,622093,1,72.64,3
6417,620501,1,93.11,1
6418,619884,0,78.78,3
6419,616924,1,17.3,6
6420,614623,0,15.21,6
6421,614146,1,55.64,4
6422,612836,1,97.26,1
6423,609826,0,5.57,9
6424,606961,0,5.45,9
6425,605606,1,54.99,4
6426,605259,1,97.7,1
6427,603996,0,1.99,10
6428,602733,0,2.33,10
6429,602465,1,78.01,3
6430,601921,0,5.67,9
6431,601783,0,5.49,9
6432,600956,0,31.58,5
6433,599435,0,5.14,9
6434,596454,0,1.41,10
6435,595945,1,97.47,1
6436,595801,0,84.59,2
6437,595717,1,97.47,1
6438,591521,0,2.67,10
6439,590318,0,32.11,5
6440,590168,0,7.27,8
6441,589450,0,3.66,9
6442,588646,0,1.99,10
6443,588619,0,11.19,7
6444,588051,1,95.07,1
6445,587903,1,96.25,1
6446,587808,1,77.6,3
6447,585016,0,18.74,6
6448,583498,0,1.99,10
6449,582135,0,32.86,5
6450,660424,1,73.76,3
6451,659050,0,31.6,5
6452,657823,1,84.56,2
6453,657421,0,8.91,7
6454,654528,0,5.67,9
6455,654001,1,95.14,1
6456,643384,0,28.7,5
6457,641946,1,75.67,3
6458,639577,1,55.61,4
6459,638518,1,82.45,2
6460,637904,0,1.9,10
6461,636765,1,80.16,2
6462,634817,1,70.17,3
6463,634254,1,95.44,1
6464,633312,1,87.94,2
6465,632565,0,77.94,3
6466,630946,1,28.13,5
6467,630746,0,4.12,9
6468,630427,1,97.7,1
6469,629520,1,70.58,3
6470,629363,0,1.99,10
6471,628437,0,10.11,7
6472,627397,1,32.86,5
6473,625927,0,1.99,10
6474,623906,0,3.34,9
6475,622747,0,1.99,10
6476,621641,0,3.44,9
6477,621352,1,67.66,3
6478,617346,1,90.47,2
6479,614799,0,2.78,10
6480,614685,0,32.86,5
6481,610437,0,7.82,8
6482,610025,1,19.03,6
6483,608443,0,4.41,9
6484,607902,0,18.27,6
6485,606704,1,26.01,5
6486,605351,0,20.22,6
6487,603928,0,2.95,9
6488,603528,0,3.24,9
6489,602769,0,24.96,5
6490,600935,0,9.7,7
6491,600793,1,32.25,5
6492,600562,0,27.12,5
6493,598257,0,3.54,9
6494,598058,0,21.56,6
6495,593201,0,46.77,4
6496,592384,0,11.73,7
6497,591428,0,13.81,7
6498,591109,1,11.9,7
6499,590849,1,27.38,5
6500,590417,0,10.95,7
6501,589040,0,12.4,7
6502,588879,0,18.91,6
6503,588144,1,92.94,1
6504,587629,0,28.01,5
6505,586173,0,1.99,10
6506,585822,1,37.32,5
6507,584842,0,73.76,3
6508,584379,0,31.71,5
6509,583694,0,7.82,8
6510,582963,0,1.99,10
6511,582567,0,32.86,5
7350,594160,1,61.94,4
7351,593400,0,45.54,4
7352,592726,0,35.47,5
7353,592321,0,24.07,6
7354,591151,0,2.87,9
7355,590951,1,96.33,1
7356,586948,1,96.09,1
7357,586770,0,27.78,5
7358,586552,1,94.44,1
7359,585910,0,2.56,10
7360,584703,1,68.3,3
7361,584340,0,6.31,8
7362,583931,1,44.93,4
7363,583823,0,3.5,9
7364,582199,1,87.48,2
7365,581024,1,51.54,4
7366,580937,0,18.74,6
7367,580457,0,32.86,5
7368,659942,0,10.86,7
7369,658856,0,17.73,6
7370,658828,0,5.78,8
7371,658675,1,97.6,1
7372,657905,1,90.88,2
7373,657882,0,5.87,8
7374,657014,0,1.03,10
7375,655427,0,3.56,9
7376,654167,0,15.67,6
7377,653757,0,29.87,5
7378,653510,0,37.6,5
7379,651975,0,2.19,10
7380,650568,0,9.21,7
7381,649980,1,93.96,1
7382,647701,1,70.58,3
7383,646808,0,1.99,10
7384,646491,1,85.89,2
7385,644821,0,5.38,9
7386,644223,0,11.4,7
7387,643634,0,27.1,5
7388,642937,0,5.67,9
7389,640542,0,3.8,9
7390,638954,1,92.87,1
7391,636033,1,72.97,3
7392,635761,1,99.12,1
7393,634843,0,13.26,7
7394,634699,0,12.69,7
7395,633120,1,97.7,1
7396,632997,0,23.17,6
7397,630597,0,94.6,1
7398,629811,0,5.67,9
7399,629657,1,72.34,3
7400,628034,0,10.59,7
7401,627806,0,1.99,10
7402,627590,0,5.67,9
7403,626664,0,14.1,6
7404,626526,1,97.47,1
7405,626438,1,97.31,1
7406,625713,0,4.96,9
8245,590250,1,75.44,3
8246,589402,1,85.19,2
8247,588721,1,98.28,1
8248,587472,0,33.83,5
8249,586864,0,29.01,5
8250,586393,1,70.58,3
8251,584995,0,11.95,7
8252,584059,0,3.24,9
8253,583602,1,47.66,4
8254,582675,0,12.03,7
8255,582550,0,6.0,8
8256,582381,1,83.0,2
8257,580399,0,4.74,9
8258,579979,1,46.03,4
8259,579884,1,79.5,2
8260,651642,0,11.21,7
8261,649947,0,23.61,6
8262,649102,0,10.17,7
8263,645840,1,31.55,5
8264,642553,0,24.56,6
8265,640442,1,68.48,3
8266,640120,1,96.32,1
8267,638220,0,15.21,6
8268,636584,1,15.54,6
8269,635850,1,94.55,1
8270,635473,1,77.67,3
8271,635021,0,40.1,5
8272,629491,1,94.22,1
8273,619890,1,8.28,8
8274,612304,1,76.07,3
8275,611884,0,46.94,4
8276,607877,0,14.59,6
8277,607673,1,70.58,3
8278,605118,0,8.17,8
8279,603975,0,9.03,7
8280,602920,0,10.77,7
8281,601118,0,3.3,9
8282,600079,0,39.23,5
8283,599957,1,26.12,5
8284,592857,0,12.86,7
8285,588601,0,13.08,7
8286,588115,0,54.0,4
8287,587786,0,7.82,8
8288,586693,0,8.94,7
8289,658571,1,70.41,3
8290,658048,1,34.0,5
8291,655366,0,2.34,10
8292,655103,0,3.84,9
8293,653938,0,2.5,10
8294,652641,0,10.39,7
8295,646768,0,1.99,10
8296,646199,1,88.57,2
8297,641110,0,3.34,9
8298,640652,1,94.21,1
8299,639981,0,40.34,5
9138,618838,1,91.78,1
9139,617929,1,93.35,1
9140,617791,0,58.06,4
9141,615899,0,18.88,6
9142,612160,1,81.56,2
9143,610779,0,8.15,8
9144,603846,1,61.44,4
9145,603645,1,32.86,5
9146,602873,0,6.84,8
9147,601619,0,7.82,8
9148,601512,0,81.66,2
9149,601187,0,6.36,8
9150,600305,0,16.28,6
9151,598763,0,32.86,5
9152,595619,0,8.58,8
9153,592306,0,12.01,7
9154,592208,0,1.45,10
9155,591161,1,76.73,3
9156,589287,0,45.2,4
9157,589142,1,55.58,4
9158,585574,1,85.92,2
9159,585340,0,5.67,9
9160,585071,1,39.23,5
9161,584507,0,3.95,9
9162,583887,0,23.3,6
9163,582304,1,81.37,2
9164,580612,0,21.56,6
9165,658188,0,7.79,8
9166,658081,0,24.34,6
9167,656754,0,32.86,5
9168,655256,0,7.82,8
9169,655211,1,7.82,8
9170,654947,0,1.99,10
9171,653978,0,3.7,9
9172,651866,0,22.64,6
9173,650504,1,85.07,2
9174,650258,1,55.55,4
9175,648588,0,15.93,6
9176,647201,1,90.1,2
9177,646302,1,70.58,3
9178,645483,1,28.58,5
9179,645370,1,87.9,2
9180,645110,0,10.98,7
9181,643065,0,1.81,10
9182,643038,1,83.82,2
9183,641040,0,10.21,7
9184,640598,0,12.74,7
9185,640071,1,89.13,2
9186,639297,1,86.81,2
9187,637858,0,14.05,6
9188,636809,0,28.11,5
9189,635995,1,70.58,3
9190,634396,1,97.42,1
9191,633562,0,13.83,7
9192,633380,0,8.53,8
9193,631411,1,70.58,3
7407,625275,1,82.8,2
7408,623265,1,24.76,6
7409,622851,0,70.58,3
7410,622325,0,32.86,5
7411,622280,1,87.58,2
7412,622172,0,1.99,10
7413,621024,0,11.72,7
7414,620405,0,12.16,7
7415,619428,1,46.03,4
7416,614189,0,10.86,7
7417,611368,0,3.36,9
7418,609249,0,10.22,7
7419,608114,0,62.79,4
7420,607984,0,60.33,4
7421,607459,1,95.87,1
7422,607106,0,5.67,9
7423,606054,1,70.51,3
7424,605839,0,14.74,6
7425,605331,0,5.61,9
7426,604618,0,1.51,10
7427,603161,0,1.99,10
7428,602859,1,45.71,4
7429,599550,1,96.74,1
7430,599383,0,13.04,7
7431,598402,1,31.3,5
7432,597516,1,97.1,1
7433,596726,0,11.33,7
7434,596659,1,63.21,4
7435,596057,1,87.31,2
7436,595840,0,5.67,9
7437,595003,0,32.86,5
7438,588865,1,70.47,3
7439,588479,0,9.54,7
7440,587596,0,16.02,6
7441,587422,0,86.81,2
7442,587204,0,2.22,10
7443,586837,0,7.82,8
7444,586613,0,5.54,9
7445,586427,0,5.67,9
7446,585939,0,2.69,10
7447,585819,0,1.99,10
7448,584274,1,76.34,3
7449,584186,1,97.84,1
7450,583640,0,85.09,2
7451,660402,1,73.54,3
7452,660069,0,12.09,7
7453,659364,1,63.32,4
7454,659094,0,2.38,10
7455,655552,1,98.22,1
7456,655260,0,15.6,6
7457,648488,0,4.79,9
7458,644763,0,83.93,2
7459,642574,0,2.97,9
7460,641072,0,32.86,5
7461,640639,0,7.82,8
7462,638198,0,73.89,3
7463,637414,0,13.82,7
8300,639298,1,86.64,2
8301,637962,1,12.58,7
8302,630648,0,69.29,3
8303,621675,0,78.05,3
8304,620626,0,1.53,10
8305,619567,1,45.05,4
8306,617071,0,3.72,9
8307,613517,0,19.87,6
8308,612345,1,84.2,2
8309,610172,1,70.58,3
8310,608325,0,14.29,6
8311,607355,0,1.99,10
8312,607282,1,55.23,4
8313,600944,1,97.26,1
8314,598777,0,24.85,6
8315,597212,0,3.3,9
8316,596475,1,98.11,1
8317,594406,0,9.66,7
8318,594083,1,95.61,1
8319,593339,0,10.87,7
8320,592608,1,17.38,6
8321,592590,0,2.0,10
8322,590578,0,1.99,10
8323,590089,0,7.82,8
8324,590059,0,22.62,6
8325,589845,1,92.28,1
8326,587412,1,51.55,4
8327,585829,0,1.83,10
8328,583809,0,12.72,7
8329,582355,0,1.99,10
8330,580778,1,85.82,2
8331,659369,1,97.05,1
8332,655940,0,5.36,9
8333,654914,0,12.23,7
8334,653525,0,26.14,5
8335,652913,0,11.01,7
8336,647127,0,13.93,7
8337,643848,1,97.7,1
8338,643090,0,87.97,2
8339,642941,0,15.87,6
8340,642531,1,96.12,1
8341,642169,1,69.83,3
8342,637140,0,3.14,9
8343,636280,0,14.27,6
8344,631894,0,3.24,9
8345,631477,0,3.56,9
8346,628615,0,15.39,6
8347,627771,0,2.37,10
8348,623290,1,78.11,3
8349,623206,0,3.66,9
8350,622512,0,1.99,10
8351,619176,0,1.76,10
8352,618807,0,15.93,6
8353,616210,0,12.99,7
8354,610290,0,12.5,7
8355,607774,1,78.5,3
9194,629956,1,94.11,1
9195,627916,0,1.99,10
9196,627538,1,70.9,3
9197,624727,1,20.06,6
9198,623554,0,32.86,5
9199,622296,0,5.67,9
9200,621743,0,1.99,10
9201,620705,1,76.92,3
9202,620605,0,5.67,9
9203,620474,1,70.58,3
9204,618476,0,1.99,10
9205,616820,1,90.43,2
9206,616540,0,9.05,7
9207,615705,0,6.95,8
9208,614665,0,13.83,7
9209,613405,1,95.87,1
9210,612846,0,4.64,9
9211,610682,0,5.67,9
9212,610139,0,5.92,8
9213,609176,0,2.85,9
9214,607483,1,78.71,3
9215,607049,1,60.15,4
9216,607046,0,12.04,7
9217,606524,0,7.47,8
9218,605693,1,93.93,1
9219,605320,1,97.7,1
9220,605055,0,1.99,10
9221,604984,1,44.81,4
9222,601228,0,1.83,10
9223,600775,1,92.37,1
9224,598737,0,57.86,4
9225,596700,0,1.83,10
9226,596417,0,7.82,8
9227,596164,0,6.66,8
9228,594057,1,97.27,1
9229,593891,1,76.12,3
9230,593368,0,3.45,9
9231,592698,1,32.34,5
9232,592648,0,63.89,4
9233,592122,1,40.09,5
9234,588094,1,98.22,1
9235,582470,0,66.89,4
9236,582230,1,70.58,3
9237,581413,0,7.14,8
9238,581130,1,85.37,2
9239,581058,1,91.67,1
9240,579926,0,22.98,6
6568,580540,1,10.39,7
6569,580017,0,53.29,4
6570,579744,0,2.08,10
6571,657660,1,97.8,1
6572,657590,1,93.62,1
6573,654291,0,3.53,9
6574,654061,1,56.65,4
6575,652559,0,6.03,8
6576,649316,1,83.05,2
6577,646849,0,7.82,8
6578,645773,1,12.53,7
6579,643936,1,96.48,1
6580,642410,1,75.76,3
6581,641056,0,14.51,6
6582,639377,1,67.88,3
6583,635486,1,87.3,2
6584,634965,0,2.32,10
6585,633392,0,23.17,6
6586,632876,1,65.68,4
6587,632515,0,5.3,9
6588,631618,0,3.29,9
6589,631226,1,78.71,3
6590,630287,1,97.33,1
6591,629824,0,1.99,10
6592,628220,1,70.58,3
6593,627773,0,2.98,9
6594,626511,0,2.6,10
6595,622177,0,2.15,10
6596,621746,0,6.52,8
6597,615804,1,75.93,3
6598,614565,0,10.7,7
6599,608284,1,53.0,4
6600,608267,0,5.67,9
6601,608131,0,5.67,9
6602,607067,0,12.24,7
6603,603833,0,2.02,10
6604,602755,1,86.81,2
6605,602710,1,67.66,3
6606,598712,0,1.29,10
6607,598042,0,32.86,5
6608,598002,1,70.58,3
6609,596753,0,13.38,7
6610,596284,0,8.72,8
6611,595167,1,88.05,2
6612,594464,0,46.03,4
6613,591460,1,86.63,2
6614,590747,0,13.82,7
6615,590167,1,22.3,6
6616,589704,0,3.09,9
6617,589404,0,1.99,10
6618,588912,0,1.99,10
6619,586414,0,70.58,3
6620,585927,1,88.29,2
6621,583407,0,8.29,8
6622,582498,0,11.74,7
6623,579767,0,82.45,2
6624,660374,0,9.79,7
7464,635851,0,21.82,6
7465,635329,0,24.09,6
7466,630510,1,77.94,3
7467,627558,1,97.57,1
7468,627548,0,3.71,9
7469,627248,1,97.47,1
7470,624973,0,13.71,7
7471,621583,1,93.35,1
7472,621437,1,75.23,3
7473,620699,0,1.8,10
7474,616756,0,4.02,9
7475,616102,1,93.76,1
7476,614938,0,3.53,9
7477,611192,0,19.03,6
7478,604075,0,3.24,9
7479,602848,1,38.72,5
7480,600788,0,42.16,4
7481,600153,0,32.86,5
7482,599571,0,27.42,5
7483,596478,1,86.81,2
7484,593701,0,5.67,9
7485,591360,0,5.67,9
7486,591141,0,1.99,10
7487,585799,1,27.57,5
7488,584561,0,75.41,3
7489,647851,1,74.64,3
7490,647404,1,77.2,3
7491,645057,1,88.5,2
7492,643897,1,97.7,1
7493,642352,0,79.31,2
7494,641612,0,3.96,9
7495,630757,0,2.22,10
7496,630736,1,94.32,1
7497,628297,0,46.03,4
7498,624486,0,3.44,9
7499,620522,0,37.27,5
7500,620147,0,9.79,7
7501,616661,0,80.72,2
7502,613979,1,94.39,1
7503,609451,1,80.57,2
7504,609266,0,79.21,2
7505,608835,1,90.84,2
7506,606978,0,9.39,7
7507,604875,0,1.99,10
7508,604721,0,2.8,10
7509,603794,0,26.3,5
7510,600616,0,32.86,5
7511,598213,0,1.9,10
7512,597388,1,84.14,2
7513,596785,1,70.58,3
7514,596671,0,5.5,9
7515,596153,0,2.28,10
7516,592678,0,5.67,9
7517,592530,1,78.82,3
7518,591612,1,96.88,1
7519,587471,0,32.6,5
7520,586542,1,86.95,2
8356,607615,0,3.2,9
8357,607539,0,1.31,10
8358,607384,0,6.78,8
8359,602540,1,97.47,1
8360,598614,0,70.58,3
8361,598037,0,21.56,6
8362,597443,0,2.15,10
8363,594636,0,5.67,9
8364,594596,1,77.47,3
8365,593625,0,14.18,6
8366,592792,1,34.76,5
8367,592749,0,16.6,6
8368,592684,1,22.35,6
8369,592439,0,1.23,10
8370,591603,0,2.36,10
8371,590281,1,82.69,2
8372,590066,1,29.6,5
8373,588870,0,2.48,10
8374,588435,0,4.27,9
8375,587476,0,5.67,9
8376,587403,0,62.89,4
8377,585394,0,2.28,10
8378,583333,0,16.02,6
8379,581414,0,5.91,8
8380,657990,0,32.86,5
8381,656511,1,72.1,3
8382,656354,0,4.37,9
8383,655078,0,17.95,6
8384,653632,0,2.9,9
8385,651517,0,28.32,5
8386,651250,0,2.33,10
8387,650862,0,8.44,8
8388,646522,1,96.05,1
8389,645458,1,34.5,5
8390,645241,0,9.13,7
8391,644816,0,3.72,9
8392,644261,0,3.66,9
8393,643505,1,15.66,6
8394,639589,0,7.94,8
8395,637159,1,78.86,3
8396,637148,1,95.44,1
8397,636547,0,9.8,7
8398,633070,1,92.87,1
8399,633009,0,38.82,5
8400,629280,0,20.55,6
8401,628469,0,20.51,6
8402,627106,1,97.33,1
8403,626478,0,5.24,9
8404,624673,0,83.91,2
8405,624295,0,11.72,7
8406,622730,0,30.42,5
8407,622478,1,78.12,3
8408,622276,1,55.69,4
8409,621999,0,12.21,7
8410,620608,0,5.93,8
8411,619066,0,5.16,9
6625,655457,1,90.21,2
6626,644068,1,9.12,7
6627,643746,0,16.76,6
6628,642343,0,32.86,5
6629,641053,1,92.1,1
6630,632870,0,14.51,6
6631,631395,0,7.82,8
6632,631307,0,1.9,10
6633,624649,0,1.99,10
6634,624042,1,96.38,1
6635,623471,1,97.45,1
6636,622460,1,80.99,2
6637,620476,0,1.99,10
6638,615279,0,5.78,8
6639,614095,1,98.76,1
6640,611347,1,98.39,1
6641,606409,0,7.82,8
6642,606316,1,97.7,1
6643,602561,1,98.61,1
6644,601708,1,54.79,4
6645,601680,1,90.02,2
6646,600689,1,26.71,5
6647,600156,1,69.73,3
6648,599070,0,9.08,7
6649,597956,0,4.74,9
6650,597954,0,8.58,8
6651,596280,0,52.12,4
6652,595712,0,2.99,9
6653,595294,0,14.38,6
6654,593864,1,97.63,1
6655,593824,1,77.91,3
6656,591417,0,57.63,4
6657,589462,1,97.8,1
6658,587108,1,17.17,6
6659,584595,0,6.86,8
6660,580732,0,4.39,9
6661,658322,0,7.66,8
6662,655270,1,95.55,1
6663,653432,0,2.97,9
6664,651541,1,51.22,4
6665,641138,1,82.28,2
6666,640107,0,32.42,5
6667,637914,0,3.3,9
6668,637818,1,78.23,3
6669,636110,1,97.47,1
6670,630052,0,1.99,10
6671,629955,0,62.55,4
6672,628359,0,71.78,3
6673,628308,1,97.7,1
6674,626338,1,26.01,5
6675,624679,0,16.63,6
6676,623056,0,1.99,10
6677,621087,1,87.95,2
6678,619523,0,1.99,10
6679,614287,0,10.89,7
7521,583649,0,12.4,7
7522,583036,0,25.13,5
7523,581908,0,20.58,6
7524,659784,0,7.31,8
7525,654918,1,27.47,5
7526,654192,0,7.25,8
7527,650642,1,16.63,6
7528,645948,0,21.57,6
7529,645664,1,16.63,6
7530,645252,0,3.6,9
7531,645215,0,3.13,9
7532,640187,1,58.25,4
7533,637436,0,11.99,7
7534,635983,0,3.37,9
7535,635498,0,3.11,9
7536,634092,1,75.35,3
7537,633990,0,7.82,8
7538,633143,0,13.63,7
7539,631944,0,3.73,9
7540,629261,0,2.7,10
7541,628379,0,88.14,2
7542,627759,0,1.99,10
7543,627214,1,64.8,4
7544,624434,1,97.34,1
7545,620792,1,68.9,3
7546,620751,0,22.51,6
7547,617753,0,16.68,6
7548,615473,0,16.46,6
7549,614498,1,94.69,1
7550,613330,0,59.73,4
7551,609557,0,27.14,5
7552,606981,0,70.58,3
7553,605723,1,39.11,5
7554,605588,0,8.7,8
7555,605242,0,16.02,6
7556,602091,0,5.67,9
7557,601801,0,4.74,9
7558,598246,1,77.15,3
7559,595724,0,1.99,10
7560,593516,1,97.63,1
7561,591657,0,24.77,6
7562,590504,0,3.62,9
7563,590154,0,8.25,8
7564,589781,0,5.5,9
7565,588182,0,1.99,10
7566,583269,0,31.07,5
7567,582488,0,81.67,2
7568,580013,0,69.0,3
7569,655522,1,97.08,1
7570,652074,0,3.14,9
7571,650087,0,1.99,10
7572,649619,1,59.96,4
7573,648612,0,71.19,3
7574,646182,1,8.48,8
7575,645659,0,55.9,4
7576,644390,0,26.81,5
8412,617545,0,4.74,9
8413,616049,1,82.28,2
8414,615172,1,66.28,4
8415,613976,0,3.06,9
8416,613975,1,67.55,3
8417,611552,0,70.58,3
8418,610330,1,93.39,1
8419,609145,0,1.99,10
8420,608316,0,3.29,9
8421,608001,1,63.99,4
8422,607320,0,1.75,10
8423,607149,0,16.65,6
8424,606902,0,11.76,7
8425,605254,0,86.64,2
8426,605030,0,5.67,9
8427,603431,0,4.25,9
8428,603267,0,7.35,8
8429,602907,0,5.67,9
8430,601804,0,21.56,6
8431,601408,0,1.99,10
8432,600595,0,8.06,8
8433,599411,1,77.04,3
8434,599326,1,74.19,3
8435,598087,0,13.82,7
8436,597889,0,15.93,6
8437,597540,0,9.14,7
8438,595322,0,23.7,6
8439,595214,1,46.94,4
8440,595012,1,34.09,5
8441,594919,0,10.1,7
8442,594377,0,10.3,7
8443,593438,0,18.71,6
8444,592855,0,2.38,10
8445,592136,1,86.41,2
8446,591654,0,5.93,8
8447,591597,0,1.99,10
8448,590705,0,9.54,7
8449,589439,1,35.94,5
8450,587940,1,97.03,1
8451,586364,1,93.45,1
8452,583924,1,75.47,3
8453,582798,1,71.69,3
8454,582469,0,31.69,5
8455,581561,1,72.8,3
8456,581014,0,70.58,3
8457,580722,0,13.75,7
8458,659705,1,94.53,1
8459,659141,1,95.44,1
8460,658206,0,8.61,8
8461,657033,1,95.24,1
8462,656259,1,73.77,3
8463,655175,1,95.44,1
8464,654254,0,1.66,10
8465,654187,1,67.85,3
8466,652157,0,3.82,9
6680,613016,1,79.41,2
6681,612047,0,32.24,5
6682,610994,0,5.67,9
6683,608436,1,77.78,3
6684,608434,0,17.79,6
6685,607310,0,54.98,4
6686,606789,0,5.67,9
6687,603737,1,79.79,2
6688,602919,0,1.99,10
6689,599091,0,8.58,8
6690,597909,0,80.35,2
6691,597310,0,2.43,10
6692,596778,1,97.47,1
6693,596023,0,18.22,6
6694,595086,0,12.86,7
6695,593169,0,14.25,6
6696,591094,0,15.46,6
6697,589739,1,11.63,7
6698,584604,0,6.82,8
6699,582737,0,14.27,6
6700,581947,1,95.61,1
6701,581639,1,68.45,3
6702,658983,1,81.03,2
6703,655936,0,21.13,6
6704,654093,0,59.96,4
6705,653786,1,36.85,5
6706,651760,0,3.79,9
6707,650231,0,22.62,6
6708,648086,0,28.0,5
6709,646360,1,74.14,3
6710,644221,0,24.9,6
6711,642477,0,19.4,6
6712,640219,0,90.95,2
6713,639518,1,97.8,1
6714,639086,1,85.19,2
6715,639056,1,81.79,2
6716,637957,0,11.07,7
6717,637608,1,81.28,2
6718,634850,1,87.06,2
6719,631919,1,80.92,2
6720,631465,0,7.57,8
6721,631017,0,70.83,3
6722,627604,0,8.05,8
6723,626450,0,1.99,10
6724,625540,1,82.77,2
6725,623340,1,92.82,1
6726,622433,0,1.99,10
6727,621671,0,56.64,4
6728,621532,1,94.99,1
6729,619580,0,9.84,7
6730,618111,0,13.49,7
6731,617871,1,91.15,2
6732,617816,1,82.51,2
6733,616460,0,3.07,9
7577,640266,0,6.03,8
7578,637345,1,70.58,3
7579,636403,0,2.1,10
7580,636299,0,62.86,4
7581,636120,0,1.66,10
7582,635782,0,2.9,9
7583,635601,0,17.12,6
7584,632890,0,1.66,10
7585,632790,0,5.67,9
7586,630244,0,1.99,10
7587,629684,0,1.99,10
7588,628929,1,75.85,3
7589,628685,1,36.67,5
7590,627679,0,3.73,9
7591,627274,0,11.95,7
7592,626545,0,1.99,10
7593,626142,1,45.78,4
7594,624426,0,1.99,10
7595,623130,0,9.19,7
7596,620385,0,73.12,3
7597,617634,1,5.67,9
7598,611216,0,13.22,7
7599,610230,0,24.42,6
7600,609701,0,2.97,9
7601,609437,1,62.39,4
7602,606970,0,8.63,8
7603,606507,0,1.54,10
7604,605734,0,28.23,5
7605,605232,0,2.41,10
7606,603414,0,32.86,5
7607,600879,0,6.86,8
7608,600406,1,65.64,4
7609,599955,0,21.67,6
7610,599272,0,15.51,6
7611,597718,0,32.86,5
7612,595511,0,26.63,5
7613,594361,1,63.19,4
7614,593827,0,1.99,10
7615,593025,0,10.83,7
7616,592683,1,52.75,4
7617,592353,1,97.47,1
7618,589223,1,94.42,1
7619,586175,0,95.98,1
7620,584061,0,9.76,7
7621,583891,0,16.02,6
7622,582137,0,7.34,8
7623,582083,1,96.7,1
7624,579883,0,7.12,8
7625,659963,1,76.33,3
7626,659720,0,38.04,5
7627,658243,1,86.63,2
7628,656875,0,11.26,7
7629,649735,0,60.62,4
7630,649677,1,94.9,1
7631,649426,0,2.28,10
7632,649320,0,31.96,5
7633,649221,0,1.99,10
8467,652035,1,98.54,1
8468,651788,0,2.07,10
8469,647039,1,96.89,1
8470,644642,1,97.87,1
8471,644211,1,18.31,6
8472,643845,0,61.68,4
8473,643268,0,32.86,5
8474,640040,1,68.78,3
8475,639242,0,7.82,8
8476,634782,1,95.52,1
8477,632216,0,3.71,9
8478,631766,0,17.04,6
8479,631753,0,2.13,10
8480,631336,0,2.96,9
8481,630841,1,96.89,1
8482,630628,0,8.12,8
8483,629447,1,95.44,1
8484,629410,0,23.11,6
8485,628181,0,2.69,10
8486,627593,1,79.95,2
8487,622423,0,22.76,6
8488,621601,0,15.6,6
8489,620220,0,3.24,9
8490,619533,0,6.78,8
8491,619391,1,86.81,2
8492,616780,0,7.82,8
8493,616699,1,85.92,2
8494,616067,1,95.94,1
8495,615865,0,85.81,2
8496,615704,1,34.22,5
8497,614475,1,41.58,4
8498,613879,0,10.14,7
8499,613633,1,81.28,2
8500,613188,1,73.91,3
8501,612598,0,11.74,7
8502,611359,0,25.32,5
8503,611078,0,30.02,5
8504,610582,0,71.8,3
8505,610490,0,3.24,9
8506,608857,0,10.41,7
8507,608349,1,77.46,3
8508,604743,0,2.6,10
8509,604088,1,32.86,5
8510,603266,0,1.99,10
8511,602453,0,21.56,6
8512,601844,0,1.99,10
8513,600329,0,9.07,7
8514,595962,1,63.99,4
8515,595182,0,13.61,7
8516,593828,0,32.86,5
8517,593433,1,38.67,5
8518,592880,0,3.45,9
8519,592405,1,69.35,3
8520,588160,0,8.72,8
8521,587719,0,18.08,6
8522,586673,1,36.11,5
8523,582746,0,13.89,7
6734,614219,0,5.61,9
6735,613668,1,97.47,1
6736,610744,0,12.86,7
6737,610364,0,18.32,6
6738,610091,1,48.54,4
6739,609640,1,46.03,4
6740,607059,0,13.11,7
6741,606851,0,13.49,7
6742,606698,1,82.88,2
6743,604205,0,16.02,6
6744,604074,1,12.1,7
6745,603745,1,46.14,4
6746,603088,0,15.78,6
6747,602783,0,1.99,10
6748,602472,0,21.56,6
6749,602021,0,6.8,8
6750,601714,0,3.45,9
6751,601085,0,2.79,10
6752,599922,0,2.53,10
6753,599141,0,54.95,4
6754,598761,0,14.6,6
6755,598067,0,13.82,7
6756,597963,0,70.58,3
6757,596233,0,54.92,4
6758,592518,1,70.58,3
6759,591530,0,5.67,9
6760,589047,0,3.66,9
6761,588994,0,81.15,2
6762,588935,0,2.69,10
6763,588000,1,97.7,1
6764,587323,0,86.81,2
6765,585416,0,5.67,9
6766,584538,1,71.34,3
6767,584394,0,10.53,7
6768,584347,1,70.58,3
6769,584098,1,88.6,2
6770,583755,0,7.82,8
6771,583473,0,27.16,5
6772,582942,0,80.72,2
6773,582437,1,46.94,4
6774,580141,0,32.86,5
6775,659069,0,4.07,9
6776,658430,0,10.38,7
6777,657691,0,7.55,8
6778,657045,1,28.66,5
6779,655798,0,8.81,7
6780,655723,0,13.32,7
6781,653593,1,34.93,5
6782,653559,0,3.66,9
6783,652708,0,94.07,1
6784,649334,0,35.61,5
6785,645937,0,16.63,6
6786,644900,1,72.48,3
6787,644466,0,21.72,6
6788,644249,1,85.46,2
6789,643191,0,3.52,9
6790,642088,1,95.55,1
6791,642054,0,3.24,9
7634,648033,0,25.01,5
7635,643795,1,82.06,2
7636,642222,1,88.57,2
7637,640364,1,53.48,4
7638,639150,0,7.82,8
7639,637927,1,81.53,2
7640,637650,1,75.07,3
7641,637281,0,2.81,10
7642,637129,1,71.21,3
7643,636774,1,85.94,2
7644,634068,1,98.22,1
7645,632728,0,38.35,5
7646,631406,1,94.77,1
7647,628471,1,67.79,3
7648,624317,0,7.82,8
7649,622916,0,5.67,9
7650,622403,0,13.09,7
7651,621116,1,97.47,1
7652,620278,1,71.55,3
7653,619144,1,84.4,2
7654,618943,0,9.57,7
7655,618670,1,87.4,2
7656,615080,1,34.59,5
7657,612809,0,8.36,8
7658,612761,0,2.1,10
7659,611064,1,83.56,2
7660,610418,0,6.95,8
7661,610147,0,9.3,7
7662,610052,1,42.81,4
7663,609425,1,82.83,2
7664,607605,0,4.3,9
7665,607485,0,4.16,9
7666,606410,1,71.03,3
7667,605291,1,94.32,1
7668,605141,0,1.59,10
7669,600018,1,30.85,5
7670,595253,0,5.67,9
7671,594949,0,32.02,5
7672,594404,0,5.67,9
7673,591695,0,5.92,8
7674,590600,0,3.55,9
7675,588860,0,12.53,7
7676,588779,0,17.58,6
7677,588021,1,93.47,1
7678,587535,0,5.67,9
7679,587130,0,18.88,6
7680,587059,0,3.02,9
7681,586511,0,13.69,7
7682,584760,0,18.13,6
7683,584335,1,66.36,4
7684,582775,0,1.99,10
7685,582718,0,8.28,8
7686,582419,1,14.72,6
7687,581077,0,22.93,6
7688,580863,1,73.54,3
7689,580800,0,1.99,10
8524,582386,0,24.84,6
8525,582287,0,39.49,5
8526,582213,0,27.37,5
8527,580694,1,46.03,4
8528,660321,1,30.03,5
8529,660215,0,10.56,7
8530,659407,0,4.22,9
8531,657879,0,7.92,8
8532,656126,1,62.69,4
8533,655541,1,97.47,1
8534,651923,0,5.91,8
8535,650851,1,90.43,2
8536,648243,0,13.44,7
8537,648015,0,12.63,7
8538,647979,0,2.68,10
8539,644906,1,74.81,3
8540,643276,1,64.5,4
8541,642218,0,3.66,9
8542,642204,1,78.49,3
8543,641957,0,3.45,9
8544,641478,1,86.81,2
8545,640969,1,67.16,4
8546,640751,1,90.41,2
8547,640629,0,25.47,5
8548,637387,0,3.13,9
8549,636731,0,71.49,3
8550,635948,1,80.32,2
8551,634190,0,32.86,5
8552,633515,1,76.19,3
8553,632263,0,12.04,7
8554,630846,0,3.66,9
8555,630835,1,67.93,3
8556,629350,1,94.48,1
8557,628940,0,10.39,7
8558,627798,0,10.74,7
8559,626274,1,94.85,1
8560,625984,1,90.45,2
8561,624582,0,54.95,4
8562,624537,1,67.88,3
8563,624337,1,32.86,5
8564,623095,0,3.48,9
8565,622617,0,8.46,8
8566,617368,0,81.58,2
8567,615917,0,3.45,9
8568,612698,0,20.1,6
8569,610280,0,12.25,7
8570,609554,0,1.76,10
8571,605081,0,57.09,4
8572,602915,0,3.14,9
8573,601110,0,18.87,6
8574,598303,0,19.46,6
8575,597163,0,11.39,7
8576,594374,1,85.37,2
8577,593868,0,3.3,9
8578,590049,0,2.99,9
8579,588519,1,27.08,5
6792,642018,0,7.49,8
6793,639343,0,73.76,3
6794,639330,0,45.69,4
6795,637661,0,2.13,10
6796,636052,0,32.86,5
6797,634310,0,4.64,9
6798,634084,0,7.82,8
6799,631995,0,11.37,7
6800,631400,1,18.1,6
6801,626738,1,70.58,3
6802,626676,1,3.66,9
6803,625124,0,1.99,10
6804,622634,0,1.99,10
6805,622275,0,24.4,6
6806,621205,1,86.81,2
6807,620064,0,14.77,6
6808,618132,1,16.04,6
6809,617495,0,86.63,2
6810,616560,0,46.03,4
6811,616507,0,69.78,3
6812,615468,0,11.99,7
6813,614961,0,4.68,9
6814,612085,1,86.97,2
6815,610976,1,87.22,2
6816,609731,0,10.36,7
6817,609489,1,72.1,3
6818,608183,1,80.04,2
6819,606458,0,2.86,9
6820,604600,0,19.1,6
6821,604087,0,26.72,5
6822,601642,0,7.07,8
6823,601552,1,79.67,2
6824,601325,0,1.99,10
6825,600713,0,67.2,4
6826,597477,1,47.74,4
6827,596177,0,9.75,7
6828,596168,1,79.52,2
6829,595988,1,87.92,2
6830,594700,0,7.82,8
6831,593710,1,68.64,3
6832,593305,0,19.17,6
6833,593260,0,9.06,7
6834,591393,0,5.67,9
6835,589598,0,71.66,3
6836,588061,0,95.93,1
6837,588007,1,94.44,1
6838,587520,0,12.24,7
6839,585888,0,10.96,7
6840,585484,0,1.99,10
6841,584906,1,63.72,4
6842,583708,0,1.99,10
6843,581942,0,71.14,3
6844,581941,0,15.25,6
6845,581751,0,1.99,10
6846,579615,1,22.64,6
6847,660680,0,1.99,10
6848,660361,0,8.02,8
7690,580276,1,40.84,5
7691,660608,1,82.12,2
7692,659437,1,6.95,8
7693,656644,1,96.0,1
7694,653903,0,2.57,10
7695,650319,1,94.69,1
7696,650088,0,46.1,4
7697,647080,0,2.34,10
7698,646847,0,18.64,6
7699,645276,1,62.62,4
7700,645140,0,5.93,8
7701,644080,1,94.32,1
7702,643289,1,79.11,2
7703,642969,0,68.4,3
7704,639044,0,5.77,8
7705,638885,0,8.77,8
7706,636687,0,6.81,8
7707,634536,0,2.58,10
7708,629293,1,46.03,4
7709,627358,0,3.73,9
7710,626692,1,97.54,1
7711,626004,1,32.86,5
7712,622564,1,40.55,5
7713,621499,0,5.67,9
7714,619930,1,82.54,2
7715,619174,0,2.33,10
7716,613391,0,7.82,8
7717,612395,0,28.15,5
7718,609475,1,87.58,2
7719,608250,0,26.74,5
7720,607850,0,5.67,9
7721,606827,0,14.05,6
7722,606126,0,37.84,5
7723,605617,0,17.71,6
7724,604412,0,78.68,3
7725,603286,0,2.21,10
7726,599310,1,31.86,5
7727,593977,0,5.09,9
7728,593866,0,1.77,10
7729,592040,0,3.57,9
7730,591968,0,70.58,3
7731,591807,0,16.1,6
7732,588058,1,97.34,1
7733,587495,1,63.09,4
7734,587135,1,79.06,3
7735,586194,0,73.99,3
7736,582628,1,15.51,6
7737,582244,1,61.7,4
7738,582223,0,5.94,8
7739,580231,0,17.54,6
7740,580188,1,59.83,4
7741,659371,1,72.1,3
7742,658107,0,5.67,9
7743,657821,0,2.57,10
8580,588437,0,8.19,8
8581,588126,0,61.62,4
8582,588107,1,80.38,2
8583,587985,0,67.41,3
8584,586259,0,10.39,7
8585,585062,0,56.65,4
8586,584514,0,5.57,9
8587,582241,0,19.92,6
8588,580635,1,46.03,4
8589,580428,0,27.55,5
8590,579890,0,9.7,7
8591,660070,0,13.6,7
8592,658932,0,8.36,8
8593,658648,1,97.24,1
8594,658458,0,3.26,9
8595,658407,0,1.99,10
8596,654317,0,3.26,9
8597,653279,0,20.5,6
8598,650952,0,58.58,4
8599,650444,0,14.31,6
8600,649066,1,8.12,8
8601,648700,0,15.46,6
8602,648236,1,56.94,4
8603,647123,0,13.31,7
8604,646680,1,15.08,6
8605,646573,0,32.86,5
8606,645515,0,14.24,6
8607,642987,1,97.06,1
8608,642213,1,32.86,5
8609,641312,1,86.71,2
8610,640238,0,10.89,7
8611,640027,0,1.99,10
8612,638149,1,70.58,3
8613,637996,0,31.28,5
8614,636241,1,94.47,1
8615,634592,1,77.75,3
8616,633912,1,84.89,2
8617,633605,0,11.38,7
8618,632895,0,23.14,6
8619,630863,0,6.4,8
8620,629916,0,3.45,9
8621,628464,0,3.38,9
8622,627497,1,97.47,1
8623,626658,1,85.41,2
8624,626487,0,1.99,10
8625,626003,0,6.53,8
8626,625726,1,68.13,3
8627,625433,1,79.67,2
8628,623382,1,73.85,3
8629,620363,1,34.23,5
8630,615883,0,13.83,7
8631,612968,1,85.69,2
8632,612709,1,46.29,4
8633,612428,1,48.03,4
8634,611595,0,65.41,4
8635,609897,1,95.4,1
6849,659806,0,3.8,9
6850,657731,1,48.66,4
6851,656887,0,5.67,9
6852,655429,0,77.03,3
6853,655075,1,95.44,1
6854,654051,1,15.09,6
6855,653569,0,1.57,10
6856,653464,0,4.61,9
6857,652060,1,67.88,3
6858,651570,0,2.31,10
6859,650814,0,73.15,3
6860,649562,0,8.48,8
6861,647986,0,19.48,6
6862,645889,1,63.77,4
6863,645843,0,11.9,7
6864,645026,1,55.14,4
6865,644410,0,11.41,7
6866,643977,1,95.83,1
6867,643923,1,93.47,1
6868,643296,0,70.58,3
6869,643280,0,35.52,5
6870,642090,0,14.53,6
6871,641084,0,32.86,5
6872,636856,0,7.07,8
6873,635971,0,2.21,10
6874,635776,1,85.38,2
6875,635732,0,41.79,4
6876,635314,1,95.78,1
6877,634513,1,24.35,6
6878,634106,0,5.67,9
6879,632702,1,30.5,5
6880,632428,0,9.78,7
6881,629882,0,1.99,10
6882,629353,1,13.83,7
6883,628428,1,46.03,4
6884,627657,0,5.61,9
6885,626970,1,95.44,1
6886,621393,1,13.73,7
6887,620223,1,86.81,2
6888,619821,0,16.56,6
6889,619784,1,66.14,4
6890,619425,1,88.29,2
6891,619292,0,5.33,9
6892,617833,0,12.54,7
6893,616047,0,32.86,5
6894,615108,0,15.99,6
6895,614139,0,1.99,10
6896,612067,1,97.82,1
6897,610461,1,32.86,5
6898,609435,0,26.73,5
6899,609278,0,9.31,7
6900,609130,0,60.87,4
6901,607964,0,26.55,5
6902,607148,1,95.44,1
6903,607109,1,98.1,1
7744,657002,0,9.31,7
7745,656945,0,62.39,4
7746,656589,0,3.78,9
7747,656457,1,7.63,8
7748,656381,0,45.62,4
7749,654429,0,3.47,9
7750,650847,1,73.77,3
7751,650534,0,1.99,10
7752,647697,0,11.97,7
7753,647113,0,1.83,10
7754,646841,0,5.67,9
7755,645385,1,77.9,3
7756,643593,0,24.9,6
7757,641858,1,46.03,4
7758,641412,0,6.03,8
7759,640674,1,32.86,5
7760,640325,0,7.82,8
7761,639471,1,63.44,4
7762,637188,1,69.65,3
7763,635906,0,1.99,10
7764,634919,0,17.98,6
7765,634849,0,46.03,4
7766,634728,1,76.84,3
7767,631453,0,3.32,9
7768,628444,1,94.32,1
7769,628070,0,5.67,9
7770,627725,0,2.83,9
7771,625590,0,3.16,9
7772,620221,0,73.77,3
7773,620179,1,83.24,2
7774,619534,0,9.42,7
7775,619022,0,15.1,6
7776,616758,0,27.38,5
7777,615502,0,61.5,4
7778,613624,1,94.85,1
7779,612736,1,81.5,2
7780,612479,0,4.57,9
7781,612027,0,30.03,5
7782,608823,0,1.9,10
7783,608807,0,63.77,4
7784,607532,1,82.76,2
7785,606192,1,58.15,4
7786,606149,1,75.51,3
7787,605097,0,7.82,8
7788,604428,0,16.42,6
7789,603699,0,25.89,5
7790,603364,0,54.95,4
7791,603166,0,78.9,3
7792,603000,1,75.96,3
7793,601803,1,24.9,6
7794,601060,0,9.99,7
7795,600139,1,81.01,2
7796,599666,1,82.37,2
7797,599643,1,35.83,5
7798,597513,1,88.17,2
7799,596669,1,85.19,2
7800,596601,0,1.97,10
8636,609574,0,9.53,7
8637,609362,0,54.95,4
8638,608583,1,70.79,3
8639,608567,0,1.61,10
8640,607144,0,1.5,10
8641,603997,1,53.9,4
8642,598886,1,96.32,1
8643,596054,0,21.14,6
8644,595041,0,32.86,5
8645,594705,0,20.4,6
8646,592289,1,86.63,2
8647,592201,1,97.0,1
8648,590543,0,3.18,9
8649,590302,1,70.58,3
8650,589476,0,21.98,6
8651,589435,0,40.34,5
8652,589077,0,1.79,10
8653,588009,1,50.36,4
8654,587131,0,5.67,9
8655,586397,0,44.58,4
8656,586139,0,12.25,7
8657,585411,0,9.87,7
8658,583004,0,3.73,9
8659,582634,0,78.96,3
8660,580497,0,5.67,9
8661,660664,0,1.99,10
8662,657388,0,29.1,5
8663,652655,0,2.3,10
8664,652477,0,9.44,7
8665,646337,1,94.07,1
8666,645330,0,1.99,10
8667,644477,0,10.77,7
8668,643163,0,42.16,4
8669,641066,0,1.99,10
8670,640127,1,62.42,4
8671,637256,0,7.71,8
8672,637248,1,65.25,4
8673,633965,1,97.7,1
8674,633777,0,54.32,4
8675,631641,1,62.16,4
8676,631082,0,2.4,10
8677,629915,0,2.16,10
8678,628626,0,7.82,8
8679,626184,0,16.65,6
8680,620429,1,85.67,2
8681,620193,0,64.16,4
8682,617100,1,94.32,1
8683,615353,0,19.82,6
8684,614508,0,2.69,10
8685,612919,1,46.03,4
8686,612152,0,80.03,2
8687,606552,0,22.59,6
8688,603315,1,70.58,3
8689,598391,1,78.12,3
8690,590182,0,78.19,3
6904,606986,1,76.48,3
6905,605787,0,74.51,3
6906,605134,0,12.95,7
6907,602617,1,35.56,5
6908,601726,1,22.14,6
6909,601705,0,25.53,5
6910,601133,0,31.94,5
6911,599661,0,5.67,9
6912,598819,0,36.09,5
6913,598242,1,97.47,1
6914,598207,0,81.29,2
6915,598175,1,67.24,3
6916,597458,1,77.25,3
6917,597452,0,8.98,7
6918,597168,0,46.03,4
6919,596638,0,3.56,9
6920,596150,0,17.99,6
6921,595135,1,95.66,1
6922,594102,0,58.61,4
6923,593992,1,79.41,2
6924,593336,0,5.61,9
6925,592566,0,1.99,10
6926,592505,1,80.81,2
6927,591689,0,5.67,9
6928,591077,0,5.67,9
6929,590929,0,7.82,8
6930,590917,0,26.64,5
6931,587916,1,96.98,1
6932,586138,1,32.86,5
6933,586002,0,76.92,3
6934,585990,0,20.3,6
6935,585534,0,6.94,8
6936,584037,0,68.13,3
6937,583774,0,34.84,5
6938,583141,0,32.86,5
6939,583135,0,60.3,4
6940,582151,1,86.63,2
6941,581351,1,84.59,2
6942,581165,0,48.02,4
6943,581135,1,75.18,3
6944,580377,0,1.99,10
6945,579832,1,97.42,1
6946,655719,0,8.12,8
6947,655122,1,86.2,2
6948,653104,0,10.38,7
6949,651934,1,86.63,2
6950,651637,1,44.15,4
6951,649981,0,25.87,5
6952,649525,0,10.66,7
6953,649504,0,1.99,10
6954,649470,1,92.72,1
6955,648623,0,1.47,10
6956,645668,1,97.8,1
6957,645601,1,71.33,3
6958,644895,0,32.86,5
6959,644388,0,3.47,9
6960,643998,1,61.72,4
7801,594367,1,21.98,6
7802,592511,0,1.99,10
7803,592427,0,1.99,10
7804,590977,0,1.78,10
7805,590935,0,56.27,4
7806,590239,0,7.85,8
7807,590082,1,3.72,9
7808,589766,0,65.38,4
7809,589518,1,63.11,4
7810,589488,1,76.4,3
7811,589021,0,5.67,9
7812,587320,0,86.81,2
7813,587032,0,47.88,4
7814,586641,0,13.08,7
7815,586455,0,26.27,5
7816,582525,0,45.93,4
7817,581207,1,93.16,1
7818,580429,0,8.12,8
7819,579851,0,17.6,6
7820,659117,0,3.23,9
7821,658299,0,13.96,6
7822,657899,0,38.71,5
7823,656340,0,5.67,9
7824,654178,0,6.13,8
7825,652789,1,31.06,5
7826,652594,0,28.8,5
7827,651663,0,66.43,4
7828,645372,0,9.83,7
7829,644703,0,54.07,4
7830,644640,0,1.99,10
7831,643072,0,9.06,7
7832,642832,0,6.52,8
7833,642719,0,18.28,6
7834,642140,0,26.81,5
7835,642081,0,32.86,5
7836,641870,0,11.58,7
7837,638505,1,73.67,3
7838,635999,0,7.59,8
7839,634484,0,56.68,4
7840,631747,0,30.37,5
7841,629803,0,1.99,10
7842,629786,0,2.23,10
7843,629056,1,68.58,3
7844,624586,0,16.41,6
7845,623138,1,32.05,5
7846,622914,0,10.03,7
7847,620918,0,74.0,3
7848,618494,0,9.06,7
7849,618141,0,8.45,8
7850,617676,0,42.74,4
7851,617576,1,82.47,2
7852,617035,1,90.47,2
7853,614695,0,71.89,3
7854,608451,1,77.3,3
7855,606702,1,93.58,1
7856,606165,0,8.0,8
7857,604906,1,7.82,8
7858,603586,1,86.63,2
8691,589377,0,5.67,9
8692,589220,0,5.67,9
8693,588992,0,7.82,8
8694,588019,1,97.7,1
8695,587667,0,4.99,9
8696,586836,1,89.76,2
8697,583471,0,10.71,7
8698,580401,0,11.69,7
8699,658826,1,69.27,3
8700,657436,0,4.14,9
8701,647977,0,8.47,8
8702,646839,0,1.99,10
8703,646433,0,9.75,7
8704,644717,0,39.17,5
8705,644006,0,9.81,7
8706,642028,0,3.45,9
8707,641543,0,3.66,9
8708,641366,1,78.78,3
8709,637500,1,80.77,2
8710,636515,1,80.72,2
8711,634758,0,32.17,5
8712,631482,1,84.56,2
8713,629971,0,1.99,10
8714,629767,1,91.68,1
8715,629378,1,78.86,3
8716,624070,0,7.82,8
8717,616572,1,76.34,3
8718,609465,1,77.78,3
8719,609202,0,7.39,8
8720,602419,0,4.74,9
8721,601380,1,93.14,1
8722,600972,1,85.76,2
8723,599985,0,7.82,8
8724,594218,1,69.89,3
8725,593014,0,5.15,9
8726,591543,0,31.55,5
8727,591317,0,53.75,4
8728,590623,1,97.98,1
8729,589996,0,55.23,4
8730,589941,0,2.88,9
8731,588995,1,85.9,2
8732,588899,1,94.41,1
8733,588088,1,70.17,3
8734,587053,1,33.66,5
8735,586758,1,92.58,1
8736,586447,0,10.01,7
8737,586323,1,97.71,1
8738,585800,0,5.26,9
8739,581653,0,68.13,3
8740,581162,1,59.14,4
8741,659142,0,2.62,10
8742,658321,1,51.96,4
8743,652852,0,58.79,4
8744,652314,0,2.42,10
8745,652302,0,2.45,10
6961,642856,1,71.28,3
6962,641905,1,81.65,2
6963,639863,0,10.68,7
6964,639530,1,70.58,3
6965,639504,1,79.41,2
6966,638425,0,13.59,7
6967,638274,0,46.24,4
6968,636797,1,57.23,4
6969,636443,1,79.9,2
6970,634685,0,3.22,9
6971,633956,1,97.7,1
6972,632629,1,79.16,2
6973,632239,0,7.69,8
6974,630779,1,84.35,2
6975,628542,0,38.84,5
6976,628432,0,3.41,9
6977,626890,1,30.29,5
6978,626694,0,2.54,10
6979,626300,1,97.05,1
6980,623114,0,79.49,2
6981,621386,1,35.5,5
6982,615645,1,69.77,3
6983,614482,1,41.58,4
6984,612711,1,74.6,3
6985,611733,1,75.9,3
6986,611186,1,67.41,3
6987,610357,0,21.36,6
6988,610311,0,8.58,8
6989,609383,0,70.58,3
6990,608793,0,3.09,9
6991,608449,0,11.41,7
6992,607748,0,9.73,7
6993,607638,0,1.28,10
6994,607231,0,32.86,5
6995,603581,1,83.19,2
6996,603074,1,76.88,3
6997,602254,1,13.6,7
6998,601350,1,83.68,2
6999,600858,0,14.1,6
7000,599576,0,17.81,6
7001,598171,0,25.06,5
7002,598127,1,86.81,2
7003,593913,0,2.47,10
7004,589441,0,11.58,7
7005,589048,1,79.8,2
7006,587986,1,79.41,2
7007,587836,0,9.48,7
7008,586167,0,1.99,10
7009,584531,0,80.4,2
7010,584219,0,1.75,10
7011,583406,0,19.67,6
7012,583104,1,70.58,3
7013,582700,0,5.42,9
7014,581356,0,8.4,8
7859,602759,1,87.58,2
7860,602750,0,3.25,9
7861,602676,0,4.74,9
7862,601484,1,97.47,1
7863,601464,0,2.82,10
7864,601100,1,92.66,1
7865,600201,1,93.07,1
7866,599082,0,12.04,7
7867,595555,0,32.86,5
7868,593222,1,97.88,1
7869,592731,0,17.89,6
7870,592100,1,27.24,5
7871,591602,1,92.23,1
7872,591425,0,16.05,6
7873,590474,0,3.72,9
7874,590140,1,60.8,4
7875,588458,1,83.25,2
7876,585726,0,10.39,7
7877,581868,0,2.8,10
7878,580745,1,5.67,9
7879,659555,0,11.61,7
7880,657703,0,3.24,9
7881,656359,0,7.82,8
7882,655351,0,2.99,9
7883,655342,0,14.01,6
7884,654181,0,55.32,4
7885,654185,1,53.41,4
7886,652727,0,31.84,5
7887,652549,1,74.98,3
7888,650921,1,17.68,6
7889,648634,0,1.99,10
7890,647987,0,5.81,8
7891,647916,0,73.77,3
7892,644641,0,15.71,6
7893,641976,0,22.78,6
7894,641257,0,2.8,10
7895,641124,0,10.1,7
7896,639017,0,22.6,6
7897,635757,1,75.67,3
7898,633407,1,93.35,1
7899,629482,0,55.45,4
7900,628405,0,3.44,9
7901,628344,0,32.86,5
7902,627877,1,64.57,4
7903,626693,0,3.14,9
7904,626569,0,13.49,7
7905,623457,0,3.78,9
7906,622180,0,8.48,8
7907,621055,0,58.47,4
7908,620304,1,74.99,3
7909,618419,0,1.99,10
7910,616456,0,11.92,7
7911,613854,0,22.36,6
7912,613544,0,12.17,7
7913,607639,1,72.7,3
7914,607614,0,17.6,6
8746,651713,0,5.67,9
8747,651582,1,51.3,4
8748,651199,1,62.86,4
8749,648518,0,43.33,4
8750,647423,1,39.15,5
8751,646453,1,88.62,2
8752,645291,0,12.45,7
8753,642466,0,32.86,5
8754,642202,1,86.81,2
8755,641850,1,83.95,2
8756,640025,0,6.52,8
8757,639866,1,17.24,6
8758,639324,0,10.54,7
8759,637289,1,65.88,4
8760,636907,0,3.76,9
8761,636471,0,3.38,9
8762,635693,0,3.84,9
8763,632455,0,61.75,4
8764,631676,0,70.58,3
8765,630385,1,34.78,5
8766,627529,0,5.68,8
8767,626930,0,31.33,5
8768,624855,0,3.38,9
8769,624704,0,14.51,6
8770,623948,1,11.91,7
8771,623251,0,32.86,5
8772,623030,0,3.45,9
8773,622344,1,92.05,1
8774,620055,0,32.86,5
8775,619870,1,96.05,1
8776,614920,1,23.67,6
8777,610164,0,6.03,8
8778,609561,0,6.88,8
8779,608427,0,7.82,8
8780,607344,0,5.8,8
8781,605267,1,97.34,1
8782,605130,1,73.38,3
8783,604384,0,22.81,6
8784,602744,1,75.19,3
8785,601959,1,89.94,2
8786,598962,1,83.32,2
8787,598294,0,3.8,9
8788,597749,0,6.97,8
8789,596770,1,96.37,1
8790,594504,0,5.67,9
8791,593596,0,2.46,10
8792,593369,1,13.33,7
8793,592783,0,26.08,5
8794,592446,0,1.99,10
8795,592413,1,68.52,3
8796,591474,0,9.31,7
8797,590782,1,83.14,2
8798,589992,0,6.22,8
8799,589847,0,2.48,10
8800,589656,0,2.54,10
7015,581322,1,26.82,5
7016,656560,0,3.14,9
7017,653783,0,3.84,9
7018,652695,0,25.29,5
7019,649223,1,38.45,5
7020,648044,0,1.99,10
7021,644512,0,55.23,4
7022,643106,1,70.58,3
7023,643078,0,10.63,7
7024,642802,0,30.92,5
7025,640766,0,16.68,6
7026,639321,1,93.47,1
7027,638390,1,63.03,4
7028,637929,1,72.04,3
7029,637866,1,70.58,3
7030,636092,1,97.47,1
7031,633971,0,3.45,9
7032,630751,0,79.41,2
7033,630010,1,94.56,1
7034,628694,0,1.99,10
7035,628357,0,4.95,9
7036,628164,1,78.79,3
7037,627187,1,39.12,5
7038,626724,0,16.33,6
7039,626497,1,70.58,3
7040,626045,0,7.82,8
7041,620731,1,12.8,7
7042,619503,1,81.62,2
7043,619478,0,70.58,3
7044,618350,0,3.45,9
7045,617738,0,14.18,6
7046,616561,0,46.03,4
7047,615501,0,52.7,4
7048,614268,0,2.54,10
7049,612877,0,1.99,10
7050,611048,1,71.35,3
7051,607556,0,10.7,7
7052,607232,0,1.99,10
7053,606878,0,12.04,7
7054,606821,0,27.1,5
7055,605316,1,97.7,1
7056,605184,1,21.67,6
7057,602113,0,1.99,10
7058,601969,0,11.18,7
7059,601563,1,75.49,3
7060,600899,0,12.24,7
7061,599085,0,7.04,8
7062,596643,0,3.94,9
7063,595151,0,48.29,4
7064,589387,0,26.44,5
7065,588554,0,13.69,7
7066,588035,1,97.7,1
7067,587378,1,83.44,2
7068,587218,0,46.03,4
7069,580707,0,6.01,8
7070,658677,0,7.93,8
7071,658561,1,95.83,1
7072,656402,0,5.67,9
7915,605211,1,97.8,1
7916,604692,1,63.14,4
7917,601815,1,70.58,3
7918,601654,0,3.96,9
7919,601038,1,70.58,3
7920,600640,1,93.75,1
7921,599562,0,6.94,8
7922,596404,0,26.22,5
7923,596243,0,7.82,8
7924,596142,0,69.38,3
7925,595399,0,10.31,7
7926,594089,1,97.31,1
7927,592866,0,10.38,7
7928,588195,0,47.59,4
7929,584056,0,26.47,5
7930,583573,0,12.23,7
7931,581847,0,7.82,8
7932,580725,1,82.55,2
7933,580670,1,28.23,5
7934,659281,0,4.82,9
7935,659038,1,28.88,5
7936,656859,0,70.71,3
7937,655404,0,3.11,9
7938,653635,0,43.39,4
7939,651297,0,3.47,9
7940,650612,0,20.15,6
7941,649691,1,71.77,3
7942,648948,0,5.61,9
7943,646076,1,75.24,3
7944,644961,0,19.88,6
7945,643546,1,97.96,1
7946,642990,1,98.59,1
7947,641985,0,10.8,7
7948,641275,1,66.2,4
7949,640527,0,4.74,9
7950,639455,1,85.68,2
7951,639054,1,97.47,1
7952,636746,0,31.45,5
7953,636317,1,79.58,2
7954,635377,0,1.99,10
7955,632374,1,97.3,1
7956,631393,0,8.7,8
7957,629053,1,72.49,3
7958,627749,0,32.37,5
7959,627161,0,66.6,4
7960,626374,0,3.45,9
7961,621922,0,5.67,9
7962,620695,0,12.25,7
7963,620639,0,4.15,9
7964,617307,0,13.26,7
7965,616514,1,78.58,3
7966,614697,0,1.99,10
7967,614206,1,66.43,4
7968,614100,1,97.34,1
8801,588140,0,13.76,7
8802,587910,1,98.1,1
8803,586701,1,32.86,5
8804,586108,0,30.9,5
8805,585790,1,20.4,6
8806,585273,0,23.87,6
8807,583845,0,83.09,2
8808,583743,1,76.25,3
8809,583294,0,6.2,8
8810,580614,0,1.99,10
8811,660235,0,9.87,7
8812,658888,0,3.19,9
8813,656776,0,3.59,9
8814,655125,0,25.62,5
8815,654842,0,71.63,3
8816,653151,0,10.18,7
8817,647199,0,49.3,4
8818,645814,0,8.24,8
8819,643937,1,39.81,5
8820,637903,1,32.86,5
8821,637409,1,86.68,2
8822,637076,0,68.05,3
8823,634127,0,10.04,7
8824,633116,1,98.1,1
8825,630667,0,16.93,6
8826,629432,0,1.94,10
8827,628225,0,2.24,10
8828,625176,0,4.19,9
8829,624080,0,1.99,10
8830,623790,0,1.83,10
8831,622866,0,9.06,7
8832,620874,0,14.53,6
8833,620813,0,8.12,8
8834,615558,1,96.52,1
8835,611072,1,96.48,1
8836,610971,0,5.67,9
8837,608842,1,70.58,3
8838,607266,0,5.74,8
8839,604185,1,70.58,3
8840,602640,0,22.98,6
8841,602484,1,92.73,1
8842,601640,0,3.98,9
8843,600252,0,7.82,8
8844,598742,1,95.87,1
8845,598377,1,94.63,1
8846,596685,0,8.4,8
8847,596501,0,22.37,6
8848,596425,1,82.88,2
8849,596128,1,70.58,3
8850,595834,0,6.47,8
8851,594301,0,3.45,9
8852,593765,0,27.38,5
8853,590673,0,1.99,10
8854,590614,0,70.58,3
8855,590078,1,75.13,3
8856,588096,0,15.48,6
8857,584115,1,76.27,3
7073,655949,0,21.49,6
7074,650788,0,2.41,10
7075,645785,1,11.87,7
7076,645517,0,36.72,5
7077,643272,0,65.03,4
7078,642180,0,74.18,3
7079,641507,1,97.99,1
7080,639391,1,32.86,5
7081,639246,1,86.34,2
7082,638453,0,4.09,9
7083,632605,0,8.75,8
7084,631817,0,1.99,10
7085,631662,0,66.43,4
7086,631460,1,68.67,3
7087,630852,1,29.01,5
7088,630386,0,22.94,6
7089,627713,0,17.19,6
7090,618248,1,86.18,2
7091,613488,1,97.34,1
7092,610784,0,9.39,7
7093,607471,0,5.5,9
7094,604359,1,80.43,2
7095,602451,0,12.61,7
7096,601761,0,27.52,5
7097,596193,0,17.04,6
7098,593359,0,3.54,9
7099,592334,1,63.54,4
7100,591446,0,1.99,10
7101,589724,1,19.39,6
7102,586854,0,7.63,8
7103,586828,1,91.51,2
7104,584463,1,41.58,4
7105,582424,0,84.04,2
7106,580027,0,32.59,5
7107,656362,0,2.69,10
7108,652926,1,69.08,3
7109,650794,0,2.74,10
7110,643534,0,8.19,8
7111,640698,1,40.19,5
7112,640642,0,24.18,6
7113,637980,1,77.3,3
7114,636616,0,4.01,9
7115,634915,1,92.34,1
7116,634015,1,97.34,1
7117,632244,0,19.2,6
7118,628149,0,2.08,10
7119,627637,0,9.54,7
7120,625581,0,12.03,7
7121,622566,0,8.12,8
7122,622385,0,6.55,8
7123,620028,1,70.58,3
7124,613738,1,11.21,7
7125,612680,1,91.36,2
7126,610472,0,7.73,8
7127,608181,0,15.76,6
7969,612802,0,1.99,10
7970,611055,0,76.82,3
7971,610833,0,8.48,8
7972,609080,0,16.63,6
7973,605240,1,96.66,1
7974,605206,1,96.58,1
7975,599682,1,79.8,2
7976,598825,0,54.97,4
7977,596857,0,5.67,9
7978,595189,0,18.68,6
7979,591762,0,15.87,6
7980,591606,0,4.55,9
7981,589955,0,18.26,6
7982,589116,1,17.52,6
7983,587046,1,8.19,8
7984,586315,1,41.76,4
7985,584366,1,68.71,3
7986,582217,0,5.67,9
7987,581797,1,49.02,4
7988,579697,1,80.95,2
7989,659918,1,72.91,3
7990,659833,0,27.82,5
7991,655889,0,10.42,7
7992,655437,0,2.52,10
7993,654479,0,41.4,5
7994,653523,1,34.75,5
7995,648314,0,11.43,7
7996,646857,0,1.99,10
7997,646456,1,70.58,3
7998,645491,0,7.59,8
7999,644594,0,9.3,7
8000,644029,0,3.86,9
8001,643980,0,12.23,7
8002,639133,1,80.68,2
8003,637611,0,6.56,8
8004,636073,1,96.06,1
8005,631150,0,2.6,10
8006,631014,0,12.1,7
8007,629414,1,41.65,4
8008,628129,0,47.27,4
8009,627871,1,29.4,5
8010,626734,0,14.53,6
8011,624397,0,38.35,5
8012,624344,0,37.02,5
8013,622366,0,32.86,5
8014,621166,0,9.97,7
8015,618571,0,15.2,6
8016,617969,0,1.86,10
8017,617248,0,11.46,7
8018,615679,1,73.49,3
8019,611910,0,25.4,5
8020,610525,0,4.15,9
8021,608489,1,94.98,1
8022,607738,0,2.39,10
8023,607015,0,5.12,9
8024,606520,0,9.44,7
8858,583752,0,12.24,7
8859,583595,0,23.01,6
8860,583035,0,12.74,7
8861,581796,1,94.97,1
8862,655916,0,12.25,7
8863,654786,0,4.1,9
8864,653651,0,3.4,9
8865,652987,0,3.07,9
8866,647918,1,19.52,6
8867,646863,1,70.01,3
8868,646001,1,55.9,4
8869,645176,1,61.36,4
8870,644222,0,47.54,4
8871,643233,1,30.35,5
8872,636273,1,83.03,2
8873,631967,1,74.57,3
8874,631746,0,18.87,6
8875,631665,0,13.29,7
8876,631318,1,95.61,1
8877,630339,0,63.72,4
8878,627366,1,54.88,4
8879,627299,1,26.74,5
8880,626523,1,94.98,1
8881,626180,0,2.22,10
8882,626041,0,5.67,9
8883,625971,0,4.09,9
8884,621766,0,1.99,10
8885,611558,0,25.38,5
8886,609618,0,10.3,7
8887,609431,0,27.45,5
8888,609068,1,72.51,3
8889,608753,0,54.1,4
8890,606303,1,96.42,1
8891,605931,0,82.06,2
8892,605255,0,3.05,9
8893,603303,0,28.19,5
8894,602813,0,46.03,4
8895,601994,1,65.0,4
8896,600881,0,1.99,10
8897,597096,0,5.67,9
8898,597088,0,33.78,5
8899,594029,0,8.51,8
8900,593227,0,3.16,9
8901,593049,0,15.11,6
8902,592160,0,27.85,5
8903,591432,0,3.45,9
8904,589595,1,90.73,2
8905,588625,1,81.33,2
8906,588240,0,1.99,10
8907,588011,1,97.08,1
8908,586917,0,5.67,9
8909,586293,1,95.2,1
8910,583847,0,5.73,8
8911,583088,0,11.96,7
8912,583042,1,73.26,3
7128,597627,0,18.36,6
7129,596270,0,70.58,3
7130,593999,1,98.58,1
7131,593410,0,23.68,6
7132,592589,1,69.56,3
7133,590004,0,6.03,8
7134,588040,1,97.34,1
7135,582988,0,12.61,7
7136,580010,0,14.58,6
7137,660728,0,42.26,4
7138,658612,0,1.83,10
7139,657828,0,7.82,8
7140,656743,1,90.1,2
7141,655450,0,1.94,10
7142,654184,0,20.04,6
7143,652681,1,63.03,4
7144,650511,1,92.73,1
7145,649774,0,2.51,10
7146,646426,0,1.99,10
7147,645149,0,34.72,5
7148,644118,0,7.3,8
7149,643789,1,77.5,3
7150,643198,1,77.95,3
7151,640707,0,7.77,8
7152,640590,1,98.79,1
7153,640572,1,70.58,3
7154,639615,0,3.3,9
7155,637416,0,28.06,5
7156,636356,0,15.51,6
7157,634422,0,31.88,5
7158,632666,0,1.99,10
7159,629651,1,90.87,2
7160,622400,1,85.6,2
7161,621198,1,95.83,1
7162,618416,1,31.88,5
7163,618175,0,12.31,7
7164,618062,1,52.13,4
7165,617817,0,2.51,10
7166,617559,0,21.56,6
7167,613698,0,5.99,8
7168,609686,0,2.44,10
7169,607674,1,84.95,2
7170,607501,0,1.99,10
7171,606920,1,30.24,5
7172,605341,1,97.78,1
7173,604104,0,1.99,10
7174,603042,0,1.99,10
7175,602459,1,97.47,1
7176,601394,1,60.0,4
7177,599052,0,7.82,8
7178,598979,0,70.58,3
7179,597966,0,6.94,8
7180,597776,0,32.86,5
7181,596596,0,3.34,9
7182,594407,1,81.86,2
7183,594049,1,71.28,3
7184,593083,0,77.3,3
8025,604321,0,9.01,7
8026,602681,0,13.43,7
8027,601636,0,7.39,8
8028,601553,1,80.33,2
8029,601071,0,2.65,10
8030,600810,0,16.63,6
8031,600701,1,97.47,1
8032,597466,1,32.86,5
8033,596424,0,1.99,10
8034,591788,0,62.96,4
8035,589914,0,1.99,10
8036,589546,1,70.58,3
8037,587649,0,32.86,5
8038,586802,1,93.45,1
8039,585865,0,12.49,7
8040,585388,0,10.88,7
8041,584821,0,2.58,10
8042,584185,0,17.22,6
8043,583824,0,2.48,10
8044,583143,0,2.93,9
8045,582776,1,89.83,2
8046,581513,1,71.14,3
8047,580548,0,55.47,4
8048,579808,1,75.25,3
8049,655024,0,9.12,7
8050,653874,0,5.67,9
8051,649359,0,15.22,6
8052,647668,1,91.17,2
8053,647300,0,3.87,9
8054,645355,1,90.14,2
8055,640057,1,47.09,4
8056,639509,1,70.58,3
8057,639464,0,3.66,9
8058,638583,0,1.99,10
8059,637687,0,45.44,4
8060,635574,0,3.09,9
8061,634823,0,3.84,9
8062,634263,0,11.23,7
8063,631914,0,5.67,9
8064,627535,0,1.94,10
8065,621252,0,15.03,6
8066,616733,1,76.0,3
8067,615958,0,3.61,9
8068,614037,0,5.91,8
8069,612542,0,62.19,4
8070,611079,1,73.21,3
8071,610385,1,81.58,2
8072,607837,0,7.47,8
8073,606618,1,58.37,4
8074,605816,0,8.55,8
8075,605093,0,2.17,10
8076,604840,1,97.8,1
8077,602557,1,95.5,1
8078,602402,0,12.13,7
8079,602262,0,9.64,7
8080,594761,0,7.82,8
8081,593125,0,35.47,5
8913,581820,1,5.9,8
8914,581242,0,2.9,9
8915,580931,0,3.45,9
8916,579701,0,64.33,4
8917,660522,1,72.46,3
8918,660128,0,1.99,10
8919,655772,0,11.61,7
8920,648423,0,1.99,10
8921,647930,1,85.19,2
8922,646917,0,1.99,10
8923,646762,0,1.99,10
8924,643871,1,86.1,2
8925,642177,1,83.69,2
8926,642165,0,27.2,5
8927,642056,1,74.79,3
8928,641305,0,26.22,5
8929,640332,0,10.01,7
8930,640326,0,12.99,7
8931,639600,0,1.99,10
8932,639384,1,32.86,5
8933,636979,0,7.43,8
8934,635443,0,1.99,10
8935,633531,1,29.78,5
8936,632988,0,23.61,6
8937,630564,0,13.39,7
8938,630013,0,7.24,8
8939,628512,1,97.8,1
8940,628208,1,88.78,2
8941,622840,0,5.57,9
8942,618896,0,8.36,8
8943,618650,1,84.59,2
8944,615687,0,80.9,2
8945,608711,1,79.95,2
8946,607265,0,1.42,10
8947,607259,0,9.37,7
8948,606186,0,23.02,6
8949,605319,1,98.1,1
8950,604499,1,77.05,3
8951,604409,0,5.74,8
8952,602949,0,5.67,9
8953,601279,0,8.51,8
8954,600887,1,79.84,2
8955,600814,0,20.84,6
8956,598891,1,71.57,3
8957,597925,1,17.43,6
8958,597663,0,40.34,5
8959,597646,0,1.42,10
8960,597301,0,14.96,6
8961,594758,0,32.86,5
8962,594696,0,6.6,8
8963,591122,0,8.78,7
8964,590794,0,59.05,4
8965,589754,0,5.21,9
8966,587795,0,2.39,10
8967,587019,0,17.83,6
8968,586222,1,83.0,2
7185,592231,0,36.11,5
7186,591805,0,11.1,7
7187,588838,0,1.99,10
7188,586483,0,1.99,10
7189,585646,1,97.47,1
7190,583515,0,36.57,5
7191,581400,1,79.95,2
7192,579992,1,66.98,4
7193,660534,0,57.52,4
7194,659357,0,26.42,5
7195,659334,0,51.55,4
7196,658405,0,1.99,10
7197,658011,0,3.43,9
7198,655666,0,7.82,8
7199,654434,1,75.12,3
7200,652462,0,8.07,8
7201,651298,1,32.86,5
7202,647947,0,1.99,10
7203,646697,0,5.67,9
7204,645154,0,32.86,5
7205,644481,0,2.33,10
7206,643951,0,10.59,7
7207,642356,0,22.24,6
7208,633105,1,47.85,4
7209,631819,1,72.47,3
7210,631439,1,81.85,2
7211,627570,1,67.41,3
7212,625866,1,36.24,5
7213,619437,1,94.84,1
7214,619276,1,68.52,3
7215,618564,0,6.53,8
7216,616401,0,11.71,7
7217,616003,1,97.13,1
7218,614973,0,1.94,10
7219,614849,1,97.47,1
7220,610441,0,5.14,9
7221,609951,0,10.39,7
7222,606153,0,5.67,9
7223,605829,0,13.83,7
7224,604986,0,10.01,7
7225,599413,0,22.74,6
7226,593086,0,55.57,4
7227,592598,1,85.25,2
7228,592317,0,2.21,10
7229,591832,0,5.67,9
7230,591325,0,1.99,10
7231,590799,0,3.45,9
7232,590095,1,48.29,4
7233,589803,0,14.5,6
7234,586353,0,14.92,6
7235,584897,0,80.72,2
7236,584858,1,96.8,1
7237,584822,1,86.81,2
7238,584788,0,83.17,2
7239,584357,0,32.86,5
7240,583811,1,60.95,4
7241,583663,0,3.85,9
8082,591464,0,3.44,9
8083,590580,0,1.99,10
8084,588711,0,5.16,9
8085,587710,0,42.16,4
8086,585697,1,60.37,4
8087,582611,1,10.34,7
8088,581807,0,8.15,8
8089,580717,0,20.88,6
8090,580577,0,19.35,6
8091,660553,0,4.54,9
8092,659562,0,7.54,8
8093,658178,0,6.19,8
8094,653934,0,21.57,6
8095,653586,0,6.32,8
8096,652918,0,10.01,7
8097,652531,0,6.19,8
8098,651020,1,16.21,6
8099,649936,0,14.43,6
8100,649398,1,88.49,2
8101,647993,0,46.09,4
8102,647902,0,11.07,7
8103,644450,0,9.37,7
8104,644144,0,90.18,2
8105,640453,0,40.74,5
8106,639859,1,55.9,4
8107,636274,0,12.21,7
8108,635654,1,91.74,1
8109,635626,0,26.64,5
8110,633114,0,8.74,8
8111,632869,0,22.16,6
8112,631758,1,91.27,2
8113,630589,1,5.67,9
8114,629263,1,87.31,2
8115,628949,1,93.28,1
8116,628726,1,20.42,6
8117,627113,1,96.12,1
8118,626989,0,57.4,4
8119,626335,0,11.72,7
8120,624095,1,14.57,6
8121,619985,0,20.38,6
8122,619325,0,18.22,6
8123,619090,1,82.16,2
8124,618332,1,45.62,4
8125,617703,1,92.9,1
8126,616626,1,80.05,2
8127,616576,1,72.97,3
8128,615038,0,86.63,2
8129,614566,0,11.57,7
8130,614557,1,97.39,1
8131,614434,1,60.86,4
8132,613622,1,73.28,3
8133,611795,0,24.15,6
8134,611185,0,5.67,9
8135,611068,0,8.48,8
8969,584237,0,32.86,5
8970,582917,0,2.34,10
8971,581968,0,16.12,6
8972,581574,0,5.91,8
8973,579941,0,30.8,5
8974,659366,0,22.92,6
8975,657655,0,1.99,10
8976,657502,0,13.49,7
8977,656030,0,8.02,8
8978,655639,0,3.09,9
8979,653449,1,7.12,8
8980,651093,0,3.53,9
8981,650820,1,77.41,3
8982,650419,0,9.94,7
8983,650189,0,3.88,9
8984,649378,1,78.08,3
8985,648466,0,1.83,10
8986,647398,0,15.11,6
8987,646842,0,1.99,10
8988,646617,0,7.61,8
8989,646570,0,3.34,9
8990,646227,0,13.15,7
8991,644129,1,72.1,3
8992,641471,0,10.28,7
8993,641392,0,22.05,6
8994,641248,0,4.83,9
8995,638078,0,8.29,8
8996,634125,1,39.49,5
8997,633746,1,21.55,6
8998,633673,1,77.37,3
8999,632746,0,67.6,3
9000,632237,0,3.76,9
9001,629357,1,83.09,2
9002,627761,1,65.88,4
9003,626466,0,1.99,10
9004,624638,0,2.43,10
9005,623553,1,87.83,2
9006,621280,0,34.11,5
9007,621213,1,79.36,2
9008,619786,1,58.19,4
9009,619020,1,38.43,5
9010,617897,0,5.72,8
9011,617567,0,5.67,9
9012,617419,0,10.74,7
9013,617258,1,54.95,4
9014,616397,0,46.03,4
9015,614115,0,32.34,5
9016,613378,0,13.82,7
9017,612587,0,2.13,10
9018,611790,1,82.6,2
9019,609871,0,45.78,4
9020,608912,0,5.38,9
9021,605123,1,65.8,4
9022,604407,0,30.8,5
9023,603925,0,19.48,6
9024,602333,0,2.07,10
9025,602210,0,2.57,10
7242,583434,0,6.82,8
7243,581051,1,89.01,2
7244,580808,0,3.56,9
7245,580388,0,5.67,9
7246,580162,0,2.12,10
7247,660048,0,3.52,9
7248,658831,1,96.91,1
7249,658203,1,45.67,4
7250,657480,0,2.08,10
7251,655899,1,33.03,5
7252,654971,0,19.87,6
7253,653552,1,56.56,4
7254,647991,0,21.24,6
7255,646170,1,82.07,2
7256,645671,0,2.69,10
7257,644665,1,74.99,3
7258,644264,0,13.49,7
7259,641545,0,9.62,7
7260,640331,0,62.29,4
7261,637071,0,6.93,8
7262,635041,1,93.96,1
7263,634902,1,95.98,1
7264,634043,1,97.34,1
7265,632178,1,82.64,2
7266,629083,1,73.58,3
7267,628642,1,97.31,1
7268,621121,1,95.55,1
7269,615193,1,69.08,3
7270,614179,0,79.67,2
7271,612946,0,21.28,6
7272,610888,0,2.41,10
7273,610153,0,73.9,3
7274,610000,0,81.72,2
7275,609585,0,32.86,5
7276,608990,0,2.8,10
7277,608107,1,92.04,1
7278,606526,1,98.15,1
7279,606306,1,96.45,1
7280,605210,1,98.1,1
7281,601884,1,77.46,3
7282,601368,0,32.86,5
7283,597687,0,16.8,6
7284,595732,0,4.56,9
7285,595589,1,74.57,3
7286,595450,0,74.61,3
7287,594837,0,8.48,8
7288,594381,0,8.1,8
7289,593555,1,60.33,4
7290,591651,0,54.75,4
7291,588170,1,48.45,4
7292,586850,0,3.76,9
7293,584599,0,22.65,6
7294,584427,0,2.41,10
7295,583957,1,90.51,2
8136,609141,0,13.9,7
8137,609012,0,13.04,7
8138,608628,1,82.14,2
8139,608539,1,21.01,6
8140,607104,1,88.52,2
8141,606982,1,55.36,4
8142,605722,0,19.89,6
8143,605099,1,78.71,3
8144,605048,0,7.82,8
8145,602534,0,13.44,7
8146,602305,0,1.99,10
8147,602233,0,8.44,8
8148,601931,0,57.05,4
8149,601396,0,9.06,7
8150,601026,1,95.85,1
8151,595473,1,64.82,4
8152,594875,0,11.94,7
8153,594584,1,82.06,2
8154,593962,1,96.98,1
8155,593829,0,64.54,4
8156,591384,0,63.9,4
8157,591072,0,2.97,9
8158,587105,1,41.42,5
8159,585871,0,12.13,7
8160,583921,0,20.51,6
8161,583761,1,97.8,1
8162,583760,1,74.38,3
8163,583522,0,3.73,9
8164,583505,0,3.25,9
8165,657609,1,54.16,4
8166,657038,1,97.53,1
8167,655315,0,1.99,10
8168,654027,1,86.88,2
8169,653691,1,93.18,1
8170,653430,0,32.86,5
8171,653091,0,6.19,8
8172,652463,0,11.64,7
8173,650338,1,78.72,3
8174,649082,0,1.99,10
8175,648706,0,63.03,4
8176,645790,1,90.01,2
8177,645472,1,95.68,1
8178,645352,1,97.8,1
8179,644125,0,42.02,4
8180,643976,1,72.1,3
8181,643899,1,87.58,2
8182,643778,0,1.99,10
8183,641826,0,11.7,7
8184,639408,1,75.65,3
8185,638855,0,8.64,8
8186,637379,1,79.56,2
8187,636404,1,94.17,1
8188,636185,0,30.83,5
8189,636054,0,10.83,7
9026,601543,1,80.38,2
9027,599852,0,78.6,3
9028,599542,0,5.67,9
9029,599226,0,9.54,7
9030,598804,1,76.92,3
9031,598071,0,4.46,9
9032,597334,0,20.02,6
9033,597265,0,19.56,6
9034,596920,0,3.3,9
9035,595970,1,79.26,2
9036,592987,0,1.83,10
9037,592786,0,7.82,8
9038,592772,1,57.98,4
9039,592130,1,97.61,1
9040,591522,0,1.99,10
9041,591219,0,1.63,10
9042,590559,0,2.69,10
9043,590031,0,8.45,8
9044,589457,0,18.23,6
9045,589346,0,12.13,7
9046,589296,1,25.71,5
9047,588715,0,1.26,10
9048,588641,1,60.55,4
9049,588319,0,1.99,10
9050,588222,1,86.81,2
9051,588001,1,97.34,1
9052,587391,0,6.15,8
9053,587277,0,3.29,9
9054,586710,1,12.44,7
9055,586052,0,1.99,10
9056,585269,0,2.61,10
9057,583629,0,2.78,10
9058,582686,0,85.65,2
9059,582619,0,45.71,4
9060,582543,1,10.58,7
9061,581132,0,11.47,7
9062,581125,1,85.73,2
9063,579546,0,15.28,6
9064,658323,0,7.82,8
9065,655766,1,14.2,6
9066,655661,0,9.09,7
9067,654190,0,6.39,8
9068,653774,0,8.48,8
9069,652888,0,5.02,9
9070,652863,1,8.22,8
9071,647814,0,10.69,7
9072,644924,0,6.17,8
9073,644197,1,91.08,2
9074,644174,1,74.15,3
9075,642954,0,1.99,10
9076,642951,0,1.99,10
9077,641940,1,45.39,4
9078,641441,1,91.11,2
9079,639575,0,3.39,9
9080,639204,0,70.19,3
7296,583421,0,41.07,5
7297,583307,1,47.76,4
7298,582983,1,92.23,1
7299,582269,0,7.82,8
7300,581127,1,36.28,5
7301,581047,0,6.55,8
7302,579802,0,2.57,10
7303,657123,0,12.63,7
7304,655578,1,7.85,8
7305,655005,0,49.96,4
7306,654909,1,32.86,5
7307,651930,0,97.53,1
7308,650389,1,93.21,1
7309,650095,1,9.9,7
7310,645457,1,59.44,4
7311,645377,1,97.36,1
7312,644137,1,95.77,1
7313,641492,0,5.04,9
7314,639585,0,7.57,8
7315,638283,0,9.84,7
7316,637789,1,32.86,5
7317,632798,1,27.37,5
7318,632364,0,3.22,9
7319,630797,0,7.82,8
7320,628594,0,9.53,7
7321,628578,1,80.22,2
7322,628536,1,75.04,3
7323,627632,0,19.6,6
7324,626991,0,43.88,4
7325,626216,1,86.63,2
7326,626132,0,9.06,7
7327,622783,0,10.57,7
7328,621735,0,34.2,5
7329,620733,0,3.34,9
7330,620326,1,75.52,3
7331,618578,0,14.85,6
7332,617610,1,70.58,3
7333,616237,0,30.02,5
7334,614586,0,12.04,7
7335,614251,0,7.82,8
7336,608371,1,70.58,3
7337,607283,1,98.28,1
7338,606773,0,77.92,3
7339,606663,1,95.32,1
7340,603657,0,2.83,9
7341,603334,1,32.86,5
7342,602110,0,5.67,9
7343,601595,0,32.86,5
7344,600511,0,8.94,7
7345,600434,0,28.72,5
7346,600248,1,90.99,2
7347,599513,0,57.51,4
7348,598955,1,71.79,3
7349,598119,0,20.63,6
8190,634844,1,88.2,2
8191,634691,1,64.22,4
8192,633243,0,32.86,5
8193,632608,1,90.51,2
8194,632202,0,14.12,6
8195,632041,0,2.69,10
8196,629721,0,14.45,6
8197,627996,0,2.8,10
8198,627972,1,27.59,5
8199,627531,0,68.63,3
8200,627438,0,59.55,4
8201,627328,0,26.53,5
8202,627100,0,2.71,10
8203,626816,0,9.22,7
8204,624431,0,3.37,9
8205,624122,1,94.47,1
8206,622322,0,9.06,7
8207,621471,1,41.58,4
8208,620807,0,60.94,4
8209,617520,1,87.58,2
8210,616732,1,76.4,3
8211,614878,0,4.03,9
8212,614587,0,5.67,9
8213,613497,1,46.03,4
8214,611126,1,62.18,4
8215,610165,0,80.72,2
8216,609160,0,24.42,6
8217,608064,0,70.17,3
8218,607465,1,41.91,4
8219,607416,0,26.74,5
8220,607359,1,97.43,1
8221,606559,1,69.78,3
8222,606038,0,2.43,10
8223,604873,0,12.5,7
8224,603210,0,27.75,5
8225,602358,0,80.43,2
8226,601526,1,71.38,3
8227,600528,1,69.56,3
8228,600213,0,22.11,6
8229,600045,0,4.8,9
8230,599977,0,15.06,6
8231,599367,0,13.8,7
8232,598987,1,43.87,4
8233,598170,0,32.86,5
8234,597945,0,32.86,5
8235,597415,0,6.66,8
8236,597167,0,14.07,6
8237,595811,1,78.98,3
8238,595263,0,26.08,5
8239,594650,0,32.86,5
8240,592928,0,3.5,9
8241,592807,0,12.9,7
8242,592667,1,93.79,1
8243,592424,1,47.15,4
8244,590549,1,94.77,1
9081,638451,0,24.92,6
9082,635638,1,74.1,3
9083,633715,0,4.12,9
9084,633154,1,62.31,4
9085,632338,1,72.42,3
9086,631324,1,32.22,5
9087,631245,0,3.73,9
9088,631168,0,23.42,6
9089,628913,1,56.82,4
9090,624594,1,72.97,3
9091,621698,0,38.7,5
9092,617361,0,5.77,8
9093,614202,0,11.04,7
9094,613046,1,32.86,5
9095,610956,0,5.67,9
9096,608481,1,82.45,2
9097,607497,1,46.03,4
9098,600647,0,29.71,5
9099,598778,0,27.55,5
9100,598210,1,96.86,1
9101,597266,0,14.06,6
9102,595776,0,70.58,3
9103,595488,0,35.03,5
9104,594937,0,22.25,6
9105,592638,0,3.15,9
9106,592599,0,22.25,6
9107,590592,0,11.43,7
9108,589309,1,53.01,4
9109,587205,0,1.99,10
9110,584935,0,9.39,7
9111,584266,0,12.34,7
9112,581902,0,76.4,3
9113,581358,0,5.82,8
9114,581353,0,25.42,5
9115,580767,0,30.57,5
9116,580104,0,1.23,10
9117,656621,0,11.41,7
9118,656586,0,7.82,8
9119,653990,0,3.16,9
9120,652080,0,32.86,5
9121,651623,1,96.57,1
9122,650265,0,26.87,5
9123,649413,0,8.22,8
9124,643810,0,49.41,4
9125,643032,0,7.82,8
9126,640752,1,46.03,4
9127,638922,0,5.12,9
9128,638355,0,47.09,4
9129,635351,1,93.16,1
9130,634708,0,1.99,10
9131,634511,0,3.73,9
9132,628652,0,3.24,9
9133,628209,1,81.56,2
9134,626723,0,8.5,8
9135,626258,0,7.15,8
9136,623955,0,3.39,9
9137,623572,0,54.07,4
