date_key,full_date,week_start_date,month_start_date,channel_key,channel_name,channel_group,is_paid,impressions,clicks,spend_inr,leads_generated,enrollments,revenue_inr,cpl_inr,cac_inr,roas
20260106,2026-01-06,2026-01-05,2026-01-01,3,Meta Ads,Paid Social,1,66000,607,7636.17,0,0,0,,,0.0
20260109,2026-01-09,2026-01-05,2026-01-01,3,Meta Ads,Paid Social,1,111488,820,7927.55,0,0,0,,,0.0
20260119,2026-01-19,2026-01-19,2026-01-01,3,Meta Ads,Paid Social,1,86873,657,6762.15,0,0,0,,,0.0
20260121,2026-01-21,2026-01-19,2026-01-01,3,Meta Ads,Paid Social,1,60892,564,6406.18,0,0,0,,,0.0
20260130,2026-01-30,2026-01-26,2026-01-01,3,Meta Ads,Paid Social,1,104919,860,7314.11,0,0,0,,,0.0
20260210,2026-02-10,2026-02-09,2026-02-01,3,Meta Ads,Paid Social,1,66143,633,6195.13,0,0,0,,,0.0
20260212,2026-02-12,2026-02-09,2026-02-01,3,Meta Ads,Paid Social,1,108385,857,8132.54,0,0,0,,,0.0
20260313,2026-03-13,2026-03-09,2026-03-01,3,Meta Ads,Paid Social,1,58238,642,8174.78,0,0,0,,,0.0
20260315,2026-03-15,2026-03-09,2026-03-01,3,Meta Ads,Paid Social,1,107979,839,8010.43,0,0,0,,,0.0
20260320,2026-03-20,2026-03-16,2026-03-01,3,Meta Ads,Paid Social,1,55319,591,7305.61,0,0,0,,,0.0
20260331,2026-03-31,2026-03-30,2026-03-01,3,Meta Ads,Paid Social,1,68394,779,10290.14,0,0,0,,,0.0
20260401,2026-04-01,2026-03-30,2026-04-01,3,Meta Ads,Paid Social,1,104756,1077,13078.59,0,0,0,,,0.0
20260403,2026-04-03,2026-03-30,2026-04-01,3,Meta Ads,Paid Social,1,103975,1013,12241.68,0,0,0,,,0.0
20260406,2026-04-06,2026-04-06,2026-04-01,3,Meta Ads,Paid Social,1,54764,625,9525.57,1,1,12200,9525.57,9525.57,1.2808
20260409,2026-04-09,2026-04-06,2026-04-01,3,Meta Ads,Paid Social,1,44853,605,7887.76,1,0,0,7887.76,,0.0
20260411,2026-04-11,2026-04-06,2026-04-01,3,Meta Ads,Paid Social,1,60060,578,6427.01,0,0,0,,,0.0
20260415,2026-04-15,2026-04-13,2026-04-01,3,Meta Ads,Paid Social,1,34729,456,6039.97,0,0,0,,,0.0
20260417,2026-04-17,2026-04-13,2026-04-01,3,Meta Ads,Paid Social,1,41222,593,7248.9,0,0,0,,,0.0
20260429,2026-04-29,2026-04-27,2026-04-01,3,Meta Ads,Paid Social,1,40098,514,6157.63,0,0,0,,,0.0
20260509,2026-05-09,2026-05-04,2026-05-01,3,Meta Ads,Paid Social,1,53105,702,9788.23,0,0,0,,,0.0
20260520,2026-05-20,2026-05-18,2026-05-01,3,Meta Ads,Paid Social,1,44696,559,8703.57,2,0,0,4351.79,,0.0
20260524,2026-05-24,2026-05-18,2026-05-01,3,Meta Ads,Paid Social,1,61963,729,9423.04,0,0,0,,,0.0
20260602,2026-06-02,2026-06-01,2026-06-01,3,Meta Ads,Paid Social,1,38347,433,6298.17,0,0,0,,,0.0
20260612,2026-06-12,2026-06-08,2026-06-01,3,Meta Ads,Paid Social,1,36119,502,6289.62,0,0,0,,,0.0
20260619,2026-06-19,2026-06-15,2026-06-01,3,Meta Ads,Paid Social,1,33523,467,5401.44,0,0,0,,,0.0
20260627,2026-06-27,2026-06-22,2026-06-01,3,Meta Ads,Paid Social,1,10123,142,1557.94,1,0,0,1557.94,,0.0
20260629,2026-06-29,2026-06-29,2026-06-01,3,Meta Ads,Paid Social,1,7358,91,1281.87,0,0,0,,,0.0
20260120,2026-01-20,2026-01-19,2026-01-01,1,Google Ads,Paid Search,1,15094,665,47575.41,11,2,28400,4325.04,23787.71,0.5969
20260123,2026-01-23,2026-01-19,2026-01-01,1,Google Ads,Paid Search,1,14345,662,48619.34,19,5,66000,2558.91,9723.87,1.3575
20260131,2026-01-31,2026-01-26,2026-01-01,1,Google Ads,Paid Search,1,14677,698,42170.11,18,10,133300,2342.78,4217.01,3.161
20260202,2026-02-02,2026-02-02,2026-02-01,1,Google Ads,Paid Search,1,13428,570,35935.43,10,6,71900,3593.54,5989.24,2.0008
20260218,2026-02-18,2026-02-16,2026-02-01,1,Google Ads,Paid Search,1,20402,887,59356.2,18,5,66600,3297.57,11871.24,1.122
20260225,2026-02-25,2026-02-23,2026-02-01,1,Google Ads,Paid Search,1,14142,702,50312.82,14,5,66800,3593.77,10062.56,1.3277
20260304,2026-03-04,2026-03-02,2026-03-01,1,Google Ads,Paid Search,1,18223,629,44651.48,14,6,93500,3189.39,7441.91,2.094
20260315,2026-03-15,2026-03-09,2026-03-01,1,Google Ads,Paid Search,1,13996,546,30908.22,10,4,47200,3090.82,7727.06,1.5271
20260316,2026-03-16,2026-03-16,2026-03-01,1,Google Ads,Paid Search,1,15717,610,36926.31,15,5,78200,2461.75,7385.26,2.1177
20260326,2026-03-26,2026-03-23,2026-03-01,1,Google Ads,Paid Search,1,12775,534,31202.55,12,7,95600,2600.21,4457.51,3.0639
20260330,2026-03-30,2026-03-30,2026-03-01,1,Google Ads,Paid Search,1,30401,1325,92736.32,30,14,193200,3091.21,6624.02,2.0833
20260331,2026-03-31,2026-03-30,2026-03-01,1,Google Ads,Paid Search,1,17974,703,44317.72,13,6,88300,3409.06,7386.29,1.9924
20260425,2026-04-25,2026-04-20,2026-04-01,1,Google Ads,Paid Search,1,17319,644,36540.1,14,5,64600,2610.01,7308.02,1.7679
20260501,2026-05-01,2026-04-27,2026-05-01,1,Google Ads,Paid Search,1,19364,761,45841.91,20,8,109700,2292.1,5730.24,2.393
20260509,2026-05-09,2026-05-04,2026-05-01,1,Google Ads,Paid Search,1,12288,467,29132.14,9,3,44700,3236.9,9710.71,1.5344
20260514,2026-05-14,2026-05-11,2026-05-01,1,Google Ads,Paid Search,1,14105,556,36227.45,9,4,51900,4025.27,9056.86,1.4326
20260530,2026-05-30,2026-05-25,2026-05-01,1,Google Ads,Paid Search,1,17034,659,51228.7,13,4,58300,3940.67,12807.18,1.138
20260603,2026-06-03,2026-06-01,2026-06-01,1,Google Ads,Paid Search,1,20110,892,55248.54,19,10,144500,2907.82,5524.85,2.6155
20260604,2026-06-04,2026-06-01,2026-06-01,1,Google Ads,Paid Search,1,18178,680,37423.38,18,7,106500,2079.08,5346.2,2.8458
20260611,2026-06-11,2026-06-08,2026-06-01,1,Google Ads,Paid Search,1,25268,1060,64723.5,26,11,156000,2489.37,5883.95,2.4103
20260613,2026-06-13,2026-06-08,2026-06-01,1,Google Ads,Paid Search,1,21082,714,46572.73,6,2,27500,7762.12,23286.37,0.5905
20260615,2026-06-15,2026-06-15,2026-06-01,1,Google Ads,Paid Search,1,21874,914,57483.89,21,3,35300,2737.33,19161.3,0.6141
20260624,2026-06-24,2026-06-22,2026-06-01,1,Google Ads,Paid Search,1,17980,691,40448.15,19,9,126000,2128.85,4494.24,3.1151
20260114,2026-01-14,2026-01-12,2026-01-01,2,Microsoft Ads,Paid Search,1,824,58,1504.84,0,0,0,,,0.0
20260123,2026-01-23,2026-01-19,2026-01-01,2,Microsoft Ads,Paid Search,1,692,42,1150.56,0,0,0,,,0.0
20260124,2026-01-24,2026-01-19,2026-01-01,2,Microsoft Ads,Paid Search,1,493,25,1081.58,0,0,0,,,0.0
20260128,2026-01-28,2026-01-26,2026-01-01,2,Microsoft Ads,Paid Search,1,690,42,1252.95,0,0,0,,,0.0
20260130,2026-01-30,2026-01-26,2026-01-01,2,Microsoft Ads,Paid Search,1,0,0,0.0,0,0,0,,,
20260202,2026-02-02,2026-02-02,2026-02-01,2,Microsoft Ads,Paid Search,1,327,33,522.06,1,0,0,522.06,,0.0
20260212,2026-02-12,2026-02-09,2026-02-01,2,Microsoft Ads,Paid Search,1,2430,142,5197.03,0,0,0,,,0.0
20260213,2026-02-13,2026-02-09,2026-02-01,2,Microsoft Ads,Paid Search,1,1670,92,3244.14,0,0,0,,,0.0
20260215,2026-02-15,2026-02-09,2026-02-01,2,Microsoft Ads,Paid Search,1,820,58,1314.27,0,0,0,,,0.0
20260312,2026-03-12,2026-03-09,2026-03-01,2,Microsoft Ads,Paid Search,1,689,42,1040.67,0,0,0,,,0.0
20260320,2026-03-20,2026-03-16,2026-03-01,2,Microsoft Ads,Paid Search,1,310,33,484.33,0,0,0,,,0.0
20260327,2026-03-27,2026-03-23,2026-03-01,2,Microsoft Ads,Paid Search,1,804,58,1450.97,0,0,0,,,0.0
20260413,2026-04-13,2026-04-13,2026-04-01,2,Microsoft Ads,Paid Search,1,999,75,1660.75,0,0,0,,,0.0
20260423,2026-04-23,2026-04-20,2026-04-01,2,Microsoft Ads,Paid Search,1,1208,67,2493.13,0,0,0,,,0.0
20260424,2026-04-24,2026-04-20,2026-04-01,2,Microsoft Ads,Paid Search,1,2354,133,4301.92,1,0,0,4301.92,,0.0
20260502,2026-05-02,2026-04-27,2026-05-01,2,Microsoft Ads,Paid Search,1,1172,67,2244.14,0,0,0,,,0.0
20260503,2026-05-03,2026-04-27,2026-05-01,2,Microsoft Ads,Paid Search,1,554,50,679.96,0,0,0,,,0.0
20260509,2026-05-09,2026-05-04,2026-05-01,2,Microsoft Ads,Paid Search,1,365,33,465.64,0,0,0,,,0.0
20260518,2026-05-18,2026-05-18,2026-05-01,2,Microsoft Ads,Paid Search,1,1340,108,2299.94,0,0,0,,,0.0
20260524,2026-05-24,2026-05-18,2026-05-01,2,Microsoft Ads,Paid Search,1,1482,100,2728.39,0,0,0,,,0.0
20260604,2026-06-04,2026-06-01,2026-06-01,2,Microsoft Ads,Paid Search,1,955,75,1832.13,0,0,0,,,0.0
20260616,2026-06-16,2026-06-15,2026-06-01,2,Microsoft Ads,Paid Search,1,1384,83,2389.9,0,0,0,,,0.0
20260121,2026-01-21,2026-01-19,2026-01-01,4,YouTube Ads,Paid Video,1,237934,1000,6254.89,0,0,0,,,0.0
20260130,2026-01-30,2026-01-26,2026-01-01,4,YouTube Ads,Paid Video,1,214332,875,4647.18,0,0,0,,,0.0
20260205,2026-02-05,2026-02-02,2026-02-01,4,YouTube Ads,Paid Video,1,242730,1000,6061.28,0,0,0,,,0.0
20260208,2026-02-08,2026-02-02,2026-02-01,4,YouTube Ads,Paid Video,1,213982,875,5248.92,0,0,0,,,0.0
20260210,2026-02-10,2026-02-09,2026-02-01,4,YouTube Ads,Paid Video,1,258020,1000,6007.3,0,0,0,,,0.0
20260211,2026-02-11,2026-02-09,2026-02-01,4,YouTube Ads,Paid Video,1,350271,1375,7642.74,0,0,0,,,0.0
20260217,2026-02-17,2026-02-16,2026-02-01,4,YouTube Ads,Paid Video,1,262463,1000,6892.66,0,0,0,,,0.0
20260325,2026-03-25,2026-03-23,2026-03-01,4,YouTube Ads,Paid Video,1,158398,1083,9245.31,0,0,0,,,0.0
20260328,2026-03-28,2026-03-23,2026-03-01,4,YouTube Ads,Paid Video,1,270468,1542,13670.94,0,0,0,,,0.0
20260408,2026-04-08,2026-04-06,2026-04-01,4,YouTube Ads,Paid Video,1,198443,1042,8828.37,0,0,0,,,0.0
20260412,2026-04-12,2026-04-06,2026-04-01,4,YouTube Ads,Paid Video,1,185128,875,6064.08,0,0,0,,,0.0
20260420,2026-04-20,2026-04-20,2026-04-01,4,YouTube Ads,Paid Video,1,232742,1458,12992.35,0,0,0,,,0.0
20260421,2026-04-21,2026-04-20,2026-04-01,4,YouTube Ads,Paid Video,1,365675,1708,12755.54,0,0,0,,,0.0
20260424,2026-04-24,2026-04-20,2026-04-01,4,YouTube Ads,Paid Video,1,221561,1000,8100.46,0,0,0,,,0.0
20260506,2026-05-06,2026-05-04,2026-05-01,4,YouTube Ads,Paid Video,1,256567,1417,11102.77,0,0,0,,,0.0
20260513,2026-05-13,2026-05-11,2026-05-01,4,YouTube Ads,Paid Video,1,301894,1500,11046.53,0,0,0,,,0.0
20260527,2026-05-27,2026-05-25,2026-05-01,4,YouTube Ads,Paid Video,1,248346,1125,8139.13,0,0,0,,,0.0
20260601,2026-06-01,2026-06-01,2026-06-01,4,YouTube Ads,Paid Video,1,248708,1167,8702.36,0,0,0,,,0.0
20260611,2026-06-11,2026-06-08,2026-06-01,4,YouTube Ads,Paid Video,1,166558,833,6926.88,0,0,0,,,0.0
20260628,2026-06-28,2026-06-22,2026-06-01,4,YouTube Ads,Paid Video,1,93648,375,2140.55,0,0,0,,,0.0
20260106,2026-01-06,2026-01-05,2026-01-01,5,Organic Search,Organic,0,0,0,0.0,5,5,65100,0.0,0.0,
20260107,2026-01-07,2026-01-05,2026-01-01,5,Organic Search,Organic,0,0,0,0.0,6,2,27300,0.0,0.0,
20260108,2026-01-08,2026-01-05,2026-01-01,9,Website Chat,Direct,0,0,0,0.0,6,3,34200,0.0,0.0,
20260101,2026-01-01,2025-12-29,2026-01-01,6,Direct,Direct,0,0,0,0.0,12,2,29500,0.0,0.0,
20260105,2026-01-05,2026-01-05,2026-01-01,9,Website Chat,Direct,0,0,0,0.0,10,4,53800,0.0,0.0,
20260105,2026-01-05,2026-01-05,2026-01-01,6,Direct,Direct,0,0,0,0.0,6,2,31500,0.0,0.0,
20260105,2026-01-05,2026-01-05,2026-01-01,7,Referral,Referral,0,0,0,0.0,2,1,15200,0.0,0.0,
20260109,2026-01-09,2026-01-05,2026-01-01,7,Referral,Referral,0,0,0,0.0,3,2,27700,0.0,0.0,
20260109,2026-01-09,2026-01-05,2026-01-01,9,Website Chat,Direct,0,0,0,0.0,9,0,0,0.0,,
20260119,2026-01-19,2026-01-19,2026-01-01,6,Direct,Direct,0,0,0,0.0,11,2,27200,0.0,0.0,
20260111,2026-01-11,2026-01-05,2026-01-01,8,Partner Website,Referral,0,0,0,0.0,1,1,12700,0.0,0.0,
20260112,2026-01-12,2026-01-12,2026-01-01,5,Organic Search,Organic,0,0,0,0.0,6,1,14100,0.0,0.0,
20260113,2026-01-13,2026-01-12,2026-01-01,6,Direct,Direct,0,0,0,0.0,16,4,60400,0.0,0.0,
20260114,2026-01-14,2026-01-12,2026-01-01,8,Partner Website,Referral,0,0,0,0.0,1,1,11600,0.0,0.0,
20260126,2026-01-26,2026-01-26,2026-01-01,7,Referral,Referral,0,0,0,0.0,5,4,58100,0.0,0.0,
20260126,2026-01-26,2026-01-26,2026-01-01,5,Organic Search,Organic,0,0,0,0.0,5,1,16800,0.0,0.0,
20260128,2026-01-28,2026-01-26,2026-01-01,5,Organic Search,Organic,0,0,0,0.0,5,1,12700,0.0,0.0,
20260122,2026-01-22,2026-01-19,2026-01-01,8,Partner Website,Referral,0,0,0,0.0,1,1,11700,0.0,0.0,
20260124,2026-01-24,2026-01-19,2026-01-01,5,Organic Search,Organic,0,0,0,0.0,3,0,0,0.0,,
20260125,2026-01-25,2026-01-19,2026-01-01,7,Referral,Referral,0,0,0,0.0,2,2,27400,0.0,0.0,
20260125,2026-01-25,2026-01-19,2026-01-01,13,Content,Organic,0,0,0,0.0,1,0,0,0.0,,
20260131,2026-01-31,2026-01-26,2026-01-01,6,Direct,Direct,0,0,0,0.0,14,3,46000,0.0,0.0,
20260206,2026-02-06,2026-02-02,2026-02-01,8,Partner Website,Referral,0,0,0,0.0,1,1,13400,0.0,0.0,
20260201,2026-02-01,2026-01-26,2026-02-01,8,Partner Website,Referral,0,0,0,0.0,1,1,10800,0.0,0.0,
20260204,2026-02-04,2026-02-02,2026-02-01,8,Partner Website,Referral,0,0,0,0.0,2,2,28900,0.0,0.0,
20260204,2026-02-04,2026-02-02,2026-02-01,15,Unknown,Other,0,0,0,0.0,1,1,12800,0.0,0.0,
20260205,2026-02-05,2026-02-02,2026-02-01,7,Referral,Referral,0,0,0,0.0,8,6,78800,0.0,0.0,
20260215,2026-02-15,2026-02-09,2026-02-01,5,Organic Search,Organic,0,0,0,0.0,6,2,23800,0.0,0.0,
20260216,2026-02-16,2026-02-16,2026-02-01,9,Website Chat,Direct,0,0,0,0.0,14,3,40000,0.0,0.0,
20260217,2026-02-17,2026-02-16,2026-02-01,15,Unknown,Other,0,0,0,0.0,1,1,12700,0.0,0.0,
20260225,2026-02-25,2026-02-23,2026-02-01,5,Organic Search,Organic,0,0,0,0.0,4,0,0,0.0,,
20260225,2026-02-25,2026-02-23,2026-02-01,7,Referral,Referral,0,0,0,0.0,3,3,38900,0.0,0.0,
20260220,2026-02-20,2026-02-16,2026-02-01,7,Referral,Referral,0,0,0,0.0,6,4,62600,0.0,0.0,
20260221,2026-02-21,2026-02-16,2026-02-01,9,Website Chat,Direct,0,0,0,0.0,8,1,10700,0.0,0.0,
20260222,2026-02-22,2026-02-16,2026-02-01,7,Referral,Referral,0,0,0,0.0,2,1,13200,0.0,0.0,
20260304,2026-03-04,2026-03-02,2026-03-01,7,Referral,Referral,0,0,0,0.0,3,3,44300,0.0,0.0,
20260304,2026-03-04,2026-03-02,2026-03-01,5,Organic Search,Organic,0,0,0,0.0,5,1,11800,0.0,0.0,
20260305,2026-03-05,2026-03-02,2026-03-01,7,Referral,Referral,0,0,0,0.0,3,2,22800,0.0,0.0,
20260226,2026-02-26,2026-02-23,2026-02-01,5,Organic Search,Organic,0,0,0,0.0,7,2,33500,0.0,0.0,
20260226,2026-02-26,2026-02-23,2026-02-01,8,Partner Website,Referral,0,0,0,0.0,1,1,11400,0.0,0.0,
20260227,2026-02-27,2026-02-23,2026-02-01,6,Direct,Direct,0,0,0,0.0,13,5,57700,0.0,0.0,
20260228,2026-02-28,2026-02-23,2026-02-01,8,Partner Website,Referral,0,0,0,0.0,1,1,12600,0.0,0.0,
20260301,2026-03-01,2026-02-23,2026-03-01,9,Website Chat,Direct,0,0,0,0.0,6,2,24800,0.0,0.0,
20260303,2026-03-03,2026-03-02,2026-03-01,8,Partner Website,Referral,0,0,0,0.0,1,1,11900,0.0,0.0,
20260307,2026-03-07,2026-03-02,2026-03-01,7,Referral,Referral,0,0,0,0.0,4,3,36600,0.0,0.0,
20260307,2026-03-07,2026-03-02,2026-03-01,6,Direct,Direct,0,0,0,0.0,13,4,55800,0.0,0.0,
20260314,2026-03-14,2026-03-09,2026-03-01,7,Referral,Referral,0,0,0,0.0,1,1,16800,0.0,0.0,
20260308,2026-03-08,2026-03-02,2026-03-01,7,Referral,Referral,0,0,0,0.0,1,0,0,0.0,,
20260308,2026-03-08,2026-03-02,2026-03-01,8,Partner Website,Referral,0,0,0,0.0,1,1,8100,0.0,0.0,
20260309,2026-03-09,2026-03-09,2026-03-01,6,Direct,Direct,0,0,0,0.0,13,3,46300,0.0,0.0,
20260309,2026-03-09,2026-03-09,2026-03-01,8,Partner Website,Referral,0,0,0,0.0,1,1,12700,0.0,0.0,
20260311,2026-03-11,2026-03-09,2026-03-01,7,Referral,Referral,0,0,0,0.0,6,5,65400,0.0,0.0,
20260311,2026-03-11,2026-03-09,2026-03-01,6,Direct,Direct,0,0,0,0.0,11,4,56500,0.0,0.0,
20260313,2026-03-13,2026-03-09,2026-03-01,7,Referral,Referral,0,0,0,0.0,4,1,11500,0.0,0.0,
20260320,2026-03-20,2026-03-16,2026-03-01,9,Website Chat,Direct,0,0,0,0.0,11,5,61400,0.0,0.0,
20260321,2026-03-21,2026-03-16,2026-03-01,7,Referral,Referral,0,0,0,0.0,1,1,11000,0.0,0.0,
20260315,2026-03-15,2026-03-09,2026-03-01,9,Website Chat,Direct,0,0,0,0.0,7,1,13000,0.0,0.0,
20260316,2026-03-16,2026-03-16,2026-03-01,9,Website Chat,Direct,0,0,0,0.0,6,3,40000,0.0,0.0,
20260317,2026-03-17,2026-03-16,2026-03-01,6,Direct,Direct,0,0,0,0.0,16,6,94000,0.0,0.0,
20260318,2026-03-18,2026-03-16,2026-03-01,9,Website Chat,Direct,0,0,0,0.0,9,4,52500,0.0,0.0,
20260319,2026-03-19,2026-03-16,2026-03-01,15,Unknown,Other,0,0,0,0.0,2,2,30900,0.0,0.0,
20260320,2026-03-20,2026-03-16,2026-03-01,7,Referral,Referral,0,0,0,0.0,4,4,55500,0.0,0.0,
20260324,2026-03-24,2026-03-23,2026-03-01,8,Partner Website,Referral,0,0,0,0.0,1,1,10700,0.0,0.0,
20260325,2026-03-25,2026-03-23,2026-03-01,5,Organic Search,Organic,0,0,0,0.0,7,2,29400,0.0,0.0,
20260331,2026-03-31,2026-03-30,2026-03-01,5,Organic Search,Organic,0,0,0,0.0,12,6,75600,0.0,0.0,
20260331,2026-03-31,2026-03-30,2026-03-01,6,Direct,Direct,0,0,0,0.0,11,4,41300,0.0,0.0,
20260326,2026-03-26,2026-03-23,2026-03-01,6,Direct,Direct,0,0,0,0.0,6,4,52500,0.0,0.0,
20260327,2026-03-27,2026-03-23,2026-03-01,7,Referral,Referral,0,0,0,0.0,6,5,66200,0.0,0.0,
20260327,2026-03-27,2026-03-23,2026-03-01,5,Organic Search,Organic,0,0,0,0.0,6,3,39000,0.0,0.0,
20260327,2026-03-27,2026-03-23,2026-03-01,8,Partner Website,Referral,0,0,0,0.0,2,2,25500,0.0,0.0,
20260328,2026-03-28,2026-03-23,2026-03-01,5,Organic Search,Organic,0,0,0,0.0,2,2,25700,0.0,0.0,
20260329,2026-03-29,2026-03-23,2026-03-01,6,Direct,Direct,0,0,0,0.0,7,3,49800,0.0,0.0,
20260404,2026-04-04,2026-03-30,2026-04-01,6,Direct,Direct,0,0,0,0.0,14,5,67100,0.0,0.0,
20260401,2026-04-01,2026-03-30,2026-04-01,7,Referral,Referral,0,0,0,0.0,3,3,42400,0.0,0.0,
20260403,2026-04-03,2026-03-30,2026-04-01,6,Direct,Direct,0,0,0,0.0,23,9,123700,0.0,0.0,
20260403,2026-04-03,2026-03-30,2026-04-01,8,Partner Website,Referral,0,0,0,0.0,2,2,31900,0.0,0.0,
20260414,2026-04-14,2026-04-13,2026-04-01,6,Direct,Direct,0,0,0,0.0,20,9,140300,0.0,0.0,
20260409,2026-04-09,2026-04-06,2026-04-01,6,Direct,Direct,0,0,0,0.0,20,11,152200,0.0,0.0,
20260409,2026-04-09,2026-04-06,2026-04-01,9,Website Chat,Direct,0,0,0,0.0,10,4,60900,0.0,0.0,
20260419,2026-04-19,2026-04-13,2026-04-01,7,Referral,Referral,0,0,0,0.0,5,4,58700,0.0,0.0,
20260420,2026-04-20,2026-04-20,2026-04-01,6,Direct,Direct,0,0,0,0.0,14,5,65700,0.0,0.0,
20260421,2026-04-21,2026-04-20,2026-04-01,7,Referral,Referral,0,0,0,0.0,6,3,41200,0.0,0.0,
20260416,2026-04-16,2026-04-13,2026-04-01,5,Organic Search,Organic,0,0,0,0.0,12,1,13400,0.0,0.0,
20260416,2026-04-16,2026-04-13,2026-04-01,9,Website Chat,Direct,0,0,0,0.0,6,2,21200,0.0,0.0,
20260417,2026-04-17,2026-04-13,2026-04-01,5,Organic Search,Organic,0,0,0,0.0,4,3,42800,0.0,0.0,
20260418,2026-04-18,2026-04-13,2026-04-01,7,Referral,Referral,0,0,0,0.0,4,3,47100,0.0,0.0,
20260422,2026-04-22,2026-04-20,2026-04-01,6,Direct,Direct,0,0,0,0.0,18,5,67100,0.0,0.0,
20260424,2026-04-24,2026-04-20,2026-04-01,7,Referral,Referral,0,0,0,0.0,5,4,61400,0.0,0.0,
20260505,2026-05-05,2026-05-04,2026-05-01,6,Direct,Direct,0,0,0,0.0,23,8,107700,0.0,0.0,
20260505,2026-05-05,2026-05-04,2026-05-01,8,Partner Website,Referral,0,0,0,0.0,1,1,12900,0.0,0.0,
20260502,2026-05-02,2026-04-27,2026-05-01,5,Organic Search,Organic,0,0,0,0.0,6,2,26900,0.0,0.0,
20260503,2026-05-03,2026-04-27,2026-05-01,5,Organic Search,Organic,0,0,0,0.0,9,4,63200,0.0,0.0,
20260503,2026-05-03,2026-04-27,2026-05-01,9,Website Chat,Direct,0,0,0,0.0,6,2,27500,0.0,0.0,
20260503,2026-05-03,2026-04-27,2026-05-01,6,Direct,Direct,0,0,0,0.0,8,3,40800,0.0,0.0,
20260512,2026-05-12,2026-05-11,2026-05-01,7,Referral,Referral,0,0,0,0.0,3,2,33100,0.0,0.0,
20260529,2026-05-29,2026-05-25,2026-05-01,9,Website Chat,Direct,0,0,0,0.0,20,3,38300,0.0,0.0,
20260612,2026-06-12,2026-06-08,2026-06-01,8,Partner Website,Referral,0,0,0,0.0,2,2,21100,0.0,0.0,
20260614,2026-06-14,2026-06-08,2026-06-01,5,Organic Search,Organic,0,0,0,0.0,6,3,37200,0.0,0.0,
20260530,2026-05-30,2026-05-25,2026-05-01,6,Direct,Direct,0,0,0,0.0,11,3,35200,0.0,0.0,
20260516,2026-05-16,2026-05-11,2026-05-01,6,Direct,Direct,0,0,0,0.0,11,3,43300,0.0,0.0,
20260517,2026-05-17,2026-05-11,2026-05-01,7,Referral,Referral,0,0,0,0.0,4,3,37500,0.0,0.0,
20260602,2026-06-02,2026-06-01,2026-06-01,5,Organic Search,Organic,0,0,0,0.0,7,3,41500,0.0,0.0,
20260617,2026-06-17,2026-06-15,2026-06-01,6,Direct,Direct,0,0,0,0.0,14,4,56700,0.0,0.0,
20260617,2026-06-17,2026-06-15,2026-06-01,9,Website Chat,Direct,0,0,0,0.0,13,4,52100,0.0,0.0,
20260519,2026-05-19,2026-05-18,2026-05-01,6,Direct,Direct,0,0,0,0.0,18,6,99300,0.0,0.0,
20260519,2026-05-19,2026-05-18,2026-05-01,9,Website Chat,Direct,0,0,0,0.0,14,2,22600,0.0,0.0,
20260520,2026-05-20,2026-05-18,2026-05-01,7,Referral,Referral,0,0,0,0.0,12,9,122500,0.0,0.0,
20260604,2026-06-04,2026-06-01,2026-06-01,5,Organic Search,Organic,0,0,0,0.0,6,1,14200,0.0,0.0,
20260520,2026-05-20,2026-05-18,2026-05-01,10,Click2Call,Direct,0,0,0,0.0,1,1,13200,0.0,0.0,
20260605,2026-06-05,2026-06-01,2026-06-01,6,Direct,Direct,0,0,0,0.0,23,8,106600,0.0,0.0,
20260620,2026-06-20,2026-06-15,2026-06-01,9,Website Chat,Direct,0,0,0,0.0,9,2,24400,0.0,0.0,
20260521,2026-05-21,2026-05-18,2026-05-01,7,Referral,Referral,0,0,0,0.0,6,5,59300,0.0,0.0,
20260606,2026-06-06,2026-06-01,2026-06-01,5,Organic Search,Organic,0,0,0,0.0,8,1,12000,0.0,0.0,
20260622,2026-06-22,2026-06-22,2026-06-01,7,Referral,Referral,0,0,0,0.0,7,6,82500,0.0,0.0,
20260606,2026-06-06,2026-06-01,2026-06-01,15,Unknown,Other,0,0,0,0.0,1,1,11800,0.0,0.0,
20260607,2026-06-07,2026-06-01,2026-06-01,9,Website Chat,Direct,0,0,0,0.0,8,2,23200,0.0,0.0,
20260608,2026-06-08,2026-06-08,2026-06-01,5,Organic Search,Organic,0,0,0,0.0,5,4,66500,0.0,0.0,
20260623,2026-06-23,2026-06-22,2026-06-01,6,Direct,Direct,0,0,0,0.0,18,6,81300,0.0,0.0,
20260623,2026-06-23,2026-06-22,2026-06-01,7,Referral,Referral,0,0,0,0.0,2,2,26900,0.0,0.0,
20260525,2026-05-25,2026-05-25,2026-05-01,5,Organic Search,Organic,0,0,0,0.0,4,2,27900,0.0,0.0,
20260611,2026-06-11,2026-06-08,2026-06-01,9,Website Chat,Direct,0,0,0,0.0,6,2,24400,0.0,0.0,
20260628,2026-06-28,2026-06-22,2026-06-01,1,Google Ads,Paid Search,1,11257,426,25198.68,12,6,77100,2099.89,4199.78,3.0597
20260629,2026-06-29,2026-06-29,2026-06-01,1,Google Ads,Paid Search,1,15881,622,41404.28,24,11,152300,1725.18,3764.03,3.6784
20260101,2026-01-01,2025-12-29,2026-01-01,3,Meta Ads,Paid Social,1,47940,407,4507.03,2,0,0,2253.52,,0.0
20260117,2026-01-17,2026-01-12,2026-01-01,3,Meta Ads,Paid Social,1,113981,860,8924.92,1,1,13700,8924.92,8924.92,1.535
20260206,2026-02-06,2026-02-02,2026-02-01,3,Meta Ads,Paid Social,1,37490,426,5158.64,0,0,0,,,0.0
20260307,2026-03-07,2026-03-02,2026-03-01,3,Meta Ads,Paid Social,1,50695,533,6319.49,0,0,0,,,0.0
20260312,2026-03-12,2026-03-09,2026-03-01,3,Meta Ads,Paid Social,1,32295,388,5510.71,0,0,0,,,0.0
20260316,2026-03-16,2026-03-16,2026-03-01,3,Meta Ads,Paid Social,1,42766,477,5201.21,0,0,0,,,0.0
20260425,2026-04-25,2026-04-20,2026-04-01,3,Meta Ads,Paid Social,1,47930,633,8193.69,1,0,0,8193.69,,0.0
20260528,2026-05-28,2026-05-25,2026-05-01,3,Meta Ads,Paid Social,1,52143,645,8044.71,0,0,0,,,0.0
20260529,2026-05-29,2026-05-25,2026-05-01,3,Meta Ads,Paid Social,1,55277,707,9684.66,0,0,0,,,0.0
20260606,2026-06-06,2026-06-01,2026-06-01,3,Meta Ads,Paid Social,1,52042,679,10800.64,1,0,0,10800.64,,0.0
20260615,2026-06-15,2026-06-15,2026-06-01,3,Meta Ads,Paid Social,1,43307,564,8184.83,0,0,0,,,0.0
20260111,2026-01-11,2026-01-05,2026-01-01,1,Google Ads,Paid Search,1,12585,549,38828.05,9,3,44600,4314.23,12942.68,1.1487
20260119,2026-01-19,2026-01-19,2026-01-01,1,Google Ads,Paid Search,1,13946,618,41515.65,15,3,40400,2767.71,13838.55,0.9731
20260127,2026-01-27,2026-01-26,2026-01-01,1,Google Ads,Paid Search,1,13311,605,46810.09,15,4,46700,3120.67,11702.52,0.9976
20260209,2026-02-09,2026-02-09,2026-02-01,1,Google Ads,Paid Search,1,21572,890,61428.61,20,7,97900,3071.43,8775.52,1.5937
20260301,2026-03-01,2026-02-23,2026-03-01,1,Google Ads,Paid Search,1,11191,519,33954.65,12,4,50000,2829.55,8488.66,1.4726
20260324,2026-03-24,2026-03-23,2026-03-01,1,Google Ads,Paid Search,1,17432,757,50919.28,16,9,129400,3182.46,5657.7,2.5413
20260411,2026-04-11,2026-04-06,2026-04-01,1,Google Ads,Paid Search,1,15160,630,49245.47,14,3,44300,3517.53,16415.16,0.8996
20260512,2026-05-12,2026-05-11,2026-05-01,1,Google Ads,Paid Search,1,23435,952,66258.42,17,6,76500,3897.55,11043.07,1.1546
20260525,2026-05-25,2026-05-25,2026-05-01,1,Google Ads,Paid Search,1,23810,902,59765.68,19,9,123000,3145.56,6640.63,2.058
20260609,2026-06-09,2026-06-08,2026-06-01,1,Google Ads,Paid Search,1,20884,891,54786.53,21,4,57200,2608.88,13696.63,1.0441
20260616,2026-06-16,2026-06-15,2026-06-01,1,Google Ads,Paid Search,1,26845,1037,62194.34,23,6,85500,2704.1,10365.72,1.3747
20260617,2026-06-17,2026-06-15,2026-06-01,1,Google Ads,Paid Search,1,22584,832,48338.89,21,6,84900,2301.85,8056.48,1.7563
20260119,2026-01-19,2026-01-19,2026-01-01,2,Microsoft Ads,Paid Search,1,2614,142,4916.36,0,0,0,,,0.0
20260126,2026-01-26,2026-01-26,2026-01-01,2,Microsoft Ads,Paid Search,1,937,75,1589.64,0,0,0,,,0.0
20260208,2026-02-08,2026-02-02,2026-02-01,2,Microsoft Ads,Paid Search,1,810,58,1282.36,0,0,0,,,0.0
20260225,2026-02-25,2026-02-23,2026-02-01,2,Microsoft Ads,Paid Search,1,1651,100,2745.12,0,0,0,,,0.0
20260301,2026-03-01,2026-02-23,2026-03-01,2,Microsoft Ads,Paid Search,1,446,25,1059.93,0,0,0,,,0.0
20260329,2026-03-29,2026-03-23,2026-03-01,2,Microsoft Ads,Paid Search,1,1301,83,2575.53,0,0,0,,,0.0
20260330,2026-03-30,2026-03-30,2026-03-01,2,Microsoft Ads,Paid Search,1,1079,50,1818.27,0,0,0,,,0.0
20260417,2026-04-17,2026-04-13,2026-04-01,2,Microsoft Ads,Paid Search,1,1150,67,2100.74,0,0,0,,,0.0
20260419,2026-04-19,2026-04-13,2026-04-01,2,Microsoft Ads,Paid Search,1,638,42,1123.61,0,0,0,,,0.0
20260426,2026-04-26,2026-04-20,2026-04-01,2,Microsoft Ads,Paid Search,1,643,42,1209.15,0,0,0,,,0.0
20260427,2026-04-27,2026-04-27,2026-04-01,2,Microsoft Ads,Paid Search,1,1361,83,2313.67,0,0,0,,,0.0
20260430,2026-04-30,2026-04-27,2026-04-01,2,Microsoft Ads,Paid Search,1,2439,150,5057.05,0,0,0,,,0.0
20260511,2026-05-11,2026-05-11,2026-05-01,2,Microsoft Ads,Paid Search,1,935,50,1763.27,0,0,0,,,0.0
20260512,2026-05-12,2026-05-11,2026-05-01,2,Microsoft Ads,Paid Search,1,682,42,1091.81,0,0,0,,,0.0
20260521,2026-05-21,2026-05-18,2026-05-01,2,Microsoft Ads,Paid Search,1,828,58,1348.4,0,0,0,,,0.0
20260523,2026-05-23,2026-05-18,2026-05-01,2,Microsoft Ads,Paid Search,1,1364,83,2488.16,0,0,0,,,0.0
20260530,2026-05-30,2026-05-25,2026-05-01,2,Microsoft Ads,Paid Search,1,1509,100,2724.52,0,0,0,,,0.0
20260603,2026-06-03,2026-06-01,2026-06-01,2,Microsoft Ads,Paid Search,1,477,25,852.68,0,0,0,,,0.0
20260614,2026-06-14,2026-06-08,2026-06-01,2,Microsoft Ads,Paid Search,1,500,50,717.5,0,0,0,,,0.0
20260120,2026-01-20,2026-01-19,2026-01-01,4,YouTube Ads,Paid Video,1,247280,1000,5823.0,0,0,0,,,0.0
20260125,2026-01-25,2026-01-19,2026-01-01,4,YouTube Ads,Paid Video,1,291750,1125,7380.85,0,0,0,,,0.0
20260204,2026-02-04,2026-02-02,2026-02-01,4,YouTube Ads,Paid Video,1,214332,875,5109.83,0,0,0,,,0.0
20260227,2026-02-27,2026-02-23,2026-02-01,4,YouTube Ads,Paid Video,1,152974,625,3473.63,0,0,0,,,0.0
20260302,2026-03-02,2026-03-02,2026-03-01,4,YouTube Ads,Paid Video,1,192332,1000,8538.46,0,0,0,,,0.0
20260316,2026-03-16,2026-03-16,2026-03-01,4,YouTube Ads,Paid Video,1,178158,917,7702.52,0,0,0,,,0.0
20260320,2026-03-20,2026-03-16,2026-03-01,4,YouTube Ads,Paid Video,1,211119,1042,8440.58,0,0,0,,,0.0
20260329,2026-03-29,2026-03-23,2026-03-01,4,YouTube Ads,Paid Video,1,297653,1417,11815.08,0,0,0,,,0.0
20260402,2026-04-02,2026-03-30,2026-04-01,4,YouTube Ads,Paid Video,1,379510,1667,14287.62,0,0,0,,,0.0
20260407,2026-04-07,2026-04-06,2026-04-01,4,YouTube Ads,Paid Video,1,231250,1125,8325.8,0,0,0,,,0.0
20260414,2026-04-14,2026-04-13,2026-04-01,4,YouTube Ads,Paid Video,1,269984,1375,10692.66,0,0,0,,,0.0
20260416,2026-04-16,2026-04-13,2026-04-01,4,YouTube Ads,Paid Video,1,132054,875,9517.33,0,0,0,,,0.0
20260417,2026-04-17,2026-04-13,2026-04-01,4,YouTube Ads,Paid Video,1,284381,1167,7458.18,0,0,0,,,0.0
20260418,2026-04-18,2026-04-13,2026-04-01,4,YouTube Ads,Paid Video,1,160264,708,4279.45,0,0,0,,,0.0
20260423,2026-04-23,2026-04-20,2026-04-01,4,YouTube Ads,Paid Video,1,278409,1167,9457.2,0,0,0,,,0.0
20260425,2026-04-25,2026-04-20,2026-04-01,4,YouTube Ads,Paid Video,1,209766,1167,10521.4,0,0,0,,,0.0
20260510,2026-05-10,2026-05-04,2026-05-01,4,YouTube Ads,Paid Video,1,249037,1250,10614.66,0,0,0,,,0.0
20260512,2026-05-12,2026-05-11,2026-05-01,4,YouTube Ads,Paid Video,1,185984,875,6136.86,0,0,0,,,0.0
20260517,2026-05-17,2026-05-11,2026-05-01,4,YouTube Ads,Paid Video,1,411873,1875,14835.0,0,0,0,,,0.0
20260528,2026-05-28,2026-05-25,2026-05-01,4,YouTube Ads,Paid Video,1,101778,583,5433.92,0,0,0,,,0.0
20260603,2026-06-03,2026-06-01,2026-06-01,4,YouTube Ads,Paid Video,1,165663,958,8650.44,0,0,0,,,0.0
20260608,2026-06-08,2026-06-08,2026-06-01,4,YouTube Ads,Paid Video,1,212949,1000,8194.28,0,0,0,,,0.0
20260619,2026-06-19,2026-06-15,2026-06-01,4,YouTube Ads,Paid Video,1,119046,542,3934.0,0,0,0,,,0.0
20260620,2026-06-20,2026-06-15,2026-06-01,4,YouTube Ads,Paid Video,1,214193,1042,7849.18,0,0,0,,,0.0
20260107,2026-01-07,2026-01-05,2026-01-01,7,Referral,Referral,0,0,0,0.0,4,3,44800,0.0,0.0,
20260107,2026-01-07,2026-01-05,2026-01-01,6,Direct,Direct,0,0,0,0.0,17,7,99700,0.0,0.0,
20260105,2026-01-05,2026-01-05,2026-01-01,5,Organic Search,Organic,0,0,0,0.0,4,1,11100,0.0,0.0,
20260118,2026-01-18,2026-01-12,2026-01-01,9,Website Chat,Direct,0,0,0,0.0,4,0,0,0.0,,
20260113,2026-01-13,2026-01-12,2026-01-01,5,Organic Search,Organic,0,0,0,0.0,6,3,40100,0.0,0.0,
20260115,2026-01-15,2026-01-12,2026-01-01,7,Referral,Referral,0,0,0,0.0,7,6,80200,0.0,0.0,
20260127,2026-01-27,2026-01-26,2026-01-01,6,Direct,Direct,0,0,0,0.0,13,4,53200,0.0,0.0,
20260127,2026-01-27,2026-01-26,2026-01-01,5,Organic Search,Organic,0,0,0,0.0,6,3,34500,0.0,0.0,
20260120,2026-01-20,2026-01-19,2026-01-01,5,Organic Search,Organic,0,0,0,0.0,3,2,20400,0.0,0.0,
20260120,2026-01-20,2026-01-19,2026-01-01,7,Referral,Referral,0,0,0,0.0,4,3,37800,0.0,0.0,
20260122,2026-01-22,2026-01-19,2026-01-01,7,Referral,Referral,0,0,0,0.0,3,3,40900,0.0,0.0,
20260123,2026-01-23,2026-01-19,2026-01-01,9,Website Chat,Direct,0,0,0,0.0,9,3,40800,0.0,0.0,
20260123,2026-01-23,2026-01-19,2026-01-01,6,Direct,Direct,0,0,0,0.0,8,3,44600,0.0,0.0,
20260123,2026-01-23,2026-01-19,2026-01-01,7,Referral,Referral,0,0,0,0.0,2,1,12400,0.0,0.0,
20260124,2026-01-24,2026-01-19,2026-01-01,6,Direct,Direct,0,0,0,0.0,7,4,54300,0.0,0.0,
20260131,2026-01-31,2026-01-26,2026-01-01,7,Referral,Referral,0,0,0,0.0,6,3,36700,0.0,0.0,
20260201,2026-02-01,2026-01-26,2026-02-01,7,Referral,Referral,0,0,0,0.0,4,3,35500,0.0,0.0,
20260203,2026-02-03,2026-02-02,2026-02-01,10,Click2Call,Direct,0,0,0,0.0,1,1,14600,0.0,0.0,
20260207,2026-02-07,2026-02-02,2026-02-01,5,Organic Search,Organic,0,0,0,0.0,6,3,36900,0.0,0.0,
20260207,2026-02-07,2026-02-02,2026-02-01,8,Partner Website,Referral,0,0,0,0.0,2,2,21600,0.0,0.0,
20260208,2026-02-08,2026-02-02,2026-02-01,6,Direct,Direct,0,0,0,0.0,11,3,55800,0.0,0.0,
20260209,2026-02-09,2026-02-09,2026-02-01,5,Organic Search,Organic,0,0,0,0.0,7,4,54400,0.0,0.0,
20260212,2026-02-12,2026-02-09,2026-02-01,8,Partner Website,Referral,0,0,0,0.0,3,3,33400,0.0,0.0,
20260212,2026-02-12,2026-02-09,2026-02-01,6,Direct,Direct,0,0,0,0.0,15,5,74900,0.0,0.0,
20260217,2026-02-17,2026-02-16,2026-02-01,5,Organic Search,Organic,0,0,0,0.0,4,3,44100,0.0,0.0,
20260218,2026-02-18,2026-02-16,2026-02-01,6,Direct,Direct,0,0,0,0.0,18,6,79400,0.0,0.0,
20260218,2026-02-18,2026-02-16,2026-02-01,9,Website Chat,Direct,0,0,0,0.0,7,2,20500,0.0,0.0,
20260220,2026-02-20,2026-02-16,2026-02-01,6,Direct,Direct,0,0,0,0.0,16,5,69500,0.0,0.0,
20260220,2026-02-20,2026-02-16,2026-02-01,5,Organic Search,Organic,0,0,0,0.0,10,4,48800,0.0,0.0,
20260221,2026-02-21,2026-02-16,2026-02-01,7,Referral,Referral,0,0,0,0.0,3,2,21400,0.0,0.0,
20260303,2026-03-03,2026-03-02,2026-03-01,6,Direct,Direct,0,0,0,0.0,15,2,24400,0.0,0.0,
20260227,2026-02-27,2026-02-23,2026-02-01,5,Organic Search,Organic,0,0,0,0.0,7,4,56000,0.0,0.0,
20260228,2026-02-28,2026-02-23,2026-02-01,7,Referral,Referral,0,0,0,0.0,4,3,36800,0.0,0.0,
20260307,2026-03-07,2026-03-02,2026-03-01,5,Organic Search,Organic,0,0,0,0.0,6,3,39900,0.0,0.0,
20260310,2026-03-10,2026-03-09,2026-03-01,8,Partner Website,Referral,0,0,0,0.0,2,2,22700,0.0,0.0,
20260312,2026-03-12,2026-03-09,2026-03-01,6,Direct,Direct,0,0,0,0.0,12,5,83900,0.0,0.0,
20260320,2026-03-20,2026-03-16,2026-03-01,5,Organic Search,Organic,0,0,0,0.0,9,3,44200,0.0,0.0,
20260320,2026-03-20,2026-03-16,2026-03-01,8,Partner Website,Referral,0,0,0,0.0,3,3,39300,0.0,0.0,
20260321,2026-03-21,2026-03-16,2026-03-01,5,Organic Search,Organic,0,0,0,0.0,6,2,33800,0.0,0.0,
20260322,2026-03-22,2026-03-16,2026-03-01,5,Organic Search,Organic,0,0,0,0.0,4,1,15900,0.0,0.0,
20260315,2026-03-15,2026-03-09,2026-03-01,7,Referral,Referral,0,0,0,0.0,2,2,25500,0.0,0.0,
20260317,2026-03-17,2026-03-16,2026-03-01,7,Referral,Referral,0,0,0,0.0,2,2,27400,0.0,0.0,
20260318,2026-03-18,2026-03-16,2026-03-01,7,Referral,Referral,0,0,0,0.0,8,5,65400,0.0,0.0,
20260319,2026-03-19,2026-03-16,2026-03-01,5,Organic Search,Organic,0,0,0,0.0,5,0,0,0.0,,
20260325,2026-03-25,2026-03-23,2026-03-01,7,Referral,Referral,0,0,0,0.0,4,2,32600,0.0,0.0,
20260325,2026-03-25,2026-03-23,2026-03-01,9,Website Chat,Direct,0,0,0,0.0,10,3,40500,0.0,0.0,
20260331,2026-03-31,2026-03-30,2026-03-01,7,Referral,Referral,0,0,0,0.0,4,4,52100,0.0,0.0,
20260328,2026-03-28,2026-03-23,2026-03-01,6,Direct,Direct,0,0,0,0.0,10,0,0,0.0,,
20260328,2026-03-28,2026-03-23,2026-03-01,9,Website Chat,Direct,0,0,0,0.0,3,0,0,0.0,,
20260330,2026-03-30,2026-03-30,2026-03-01,9,Website Chat,Direct,0,0,0,0.0,4,1,12700,0.0,0.0,
20260402,2026-04-02,2026-03-30,2026-04-01,15,Unknown,Other,0,0,0,0.0,1,1,13500,0.0,0.0,
20260403,2026-04-03,2026-03-30,2026-04-01,15,Unknown,Other,0,0,0,0.0,1,1,13600,0.0,0.0,
20260406,2026-04-06,2026-04-06,2026-04-01,7,Referral,Referral,0,0,0,0.0,1,1,10900,0.0,0.0,
20260409,2026-04-09,2026-04-06,2026-04-01,7,Referral,Referral,0,0,0,0.0,4,4,63800,0.0,0.0,
20260410,2026-04-10,2026-04-06,2026-04-01,8,Partner Website,Referral,0,0,0,0.0,2,2,25100,0.0,0.0,
20260410,2026-04-10,2026-04-06,2026-04-01,15,Unknown,Other,0,0,0,0.0,1,1,15500,0.0,0.0,
20260411,2026-04-11,2026-04-06,2026-04-01,9,Website Chat,Direct,0,0,0,0.0,7,2,22800,0.0,0.0,
20260420,2026-04-20,2026-04-20,2026-04-01,7,Referral,Referral,0,0,0,0.0,2,1,16100,0.0,0.0,
20260420,2026-04-20,2026-04-20,2026-04-01,9,Website Chat,Direct,0,0,0,0.0,7,3,36400,0.0,0.0,
20260420,2026-04-20,2026-04-20,2026-04-01,15,Unknown,Other,0,0,0,0.0,1,1,12400,0.0,0.0,
20260420,2026-04-20,2026-04-20,2026-04-01,8,Partner Website,Referral,0,0,0,0.0,1,1,10900,0.0,0.0,
20260421,2026-04-21,2026-04-20,2026-04-01,5,Organic Search,Organic,0,0,0,0.0,6,2,27100,0.0,0.0,
20260415,2026-04-15,2026-04-13,2026-04-01,5,Organic Search,Organic,0,0,0,0.0,2,1,15200,0.0,0.0,
20260417,2026-04-17,2026-04-13,2026-04-01,9,Website Chat,Direct,0,0,0,0.0,11,1,12200,0.0,0.0,
20260417,2026-04-17,2026-04-13,2026-04-01,6,Direct,Direct,0,0,0,0.0,13,1,13000,0.0,0.0,
20260423,2026-04-23,2026-04-20,2026-04-01,8,Partner Website,Referral,0,0,0,0.0,1,1,9400,0.0,0.0,
20260425,2026-04-25,2026-04-20,2026-04-01,5,Organic Search,Organic,0,0,0,0.0,5,3,39700,0.0,0.0,
20260426,2026-04-26,2026-04-20,2026-04-01,7,Referral,Referral,0,0,0,0.0,6,5,68300,0.0,0.0,
20260427,2026-04-27,2026-04-27,2026-04-01,9,Website Chat,Direct,0,0,0,0.0,21,5,63000,0.0,0.0,
20260505,2026-05-05,2026-05-04,2026-05-01,7,Referral,Referral,0,0,0,0.0,3,3,37700,0.0,0.0,
20260501,2026-05-01,2026-04-27,2026-05-01,7,Referral,Referral,0,0,0,0.0,2,2,31400,0.0,0.0,
20260501,2026-05-01,2026-04-27,2026-05-01,8,Partner Website,Referral,0,0,0,0.0,1,0,0,0.0,,
20260504,2026-05-04,2026-05-04,2026-05-01,7,Referral,Referral,0,0,0,0.0,4,4,45800,0.0,0.0,
20260504,2026-05-04,2026-05-04,2026-05-01,8,Partner Website,Referral,0,0,0,0.0,3,3,35800,0.0,0.0,
20260514,2026-05-14,2026-05-11,2026-05-01,5,Organic Search,Organic,0,0,0,0.0,9,4,58800,0.0,0.0,
20260514,2026-05-14,2026-05-11,2026-05-01,7,Referral,Referral,0,0,0,0.0,5,4,56400,0.0,0.0,
20260508,2026-05-08,2026-05-04,2026-05-01,8,Partner Website,Referral,0,0,0,0.0,1,1,12100,0.0,0.0,
20260509,2026-05-09,2026-05-04,2026-05-01,8,Partner Website,Referral,0,0,0,0.0,1,1,11500,0.0,0.0,
20260510,2026-05-10,2026-05-04,2026-05-01,7,Referral,Referral,0,0,0,0.0,1,1,19300,0.0,0.0,
20260510,2026-05-10,2026-05-04,2026-05-01,8,Partner Website,Referral,0,0,0,0.0,1,1,12900,0.0,0.0,
20260613,2026-06-13,2026-06-08,2026-06-01,7,Referral,Referral,0,0,0,0.0,3,2,26700,0.0,0.0,
20260615,2026-06-15,2026-06-15,2026-06-01,7,Referral,Referral,0,0,0,0.0,3,2,26000,0.0,0.0,
20260515,2026-05-15,2026-05-11,2026-05-01,8,Partner Website,Referral,0,0,0,0.0,1,1,15400,0.0,0.0,
20260531,2026-05-31,2026-05-25,2026-05-01,6,Direct,Direct,0,0,0,0.0,9,0,0,0.0,,
20260616,2026-06-16,2026-06-15,2026-06-01,6,Direct,Direct,0,0,0,0.0,29,12,189300,0.0,0.0,
20260516,2026-05-16,2026-05-11,2026-05-01,7,Referral,Referral,0,0,0,0.0,5,5,75800,0.0,0.0,
20260601,2026-06-01,2026-06-01,2026-06-01,7,Referral,Referral,0,0,0,0.0,3,2,33400,0.0,0.0,
20260602,2026-06-02,2026-06-01,2026-06-01,7,Referral,Referral,0,0,0,0.0,1,1,11800,0.0,0.0,
20260602,2026-06-02,2026-06-01,2026-06-01,9,Website Chat,Direct,0,0,0,0.0,14,3,44500,0.0,0.0,
20260617,2026-06-17,2026-06-15,2026-06-01,5,Organic Search,Organic,0,0,0,0.0,14,7,91100,0.0,0.0,
20260519,2026-05-19,2026-05-18,2026-05-01,5,Organic Search,Organic,0,0,0,0.0,10,2,29800,0.0,0.0,
20260618,2026-06-18,2026-06-15,2026-06-01,8,Partner Website,Referral,0,0,0,0.0,1,1,11800,0.0,0.0,
20260520,2026-05-20,2026-05-18,2026-05-01,9,Website Chat,Direct,0,0,0,0.0,23,4,57300,0.0,0.0,
20260619,2026-06-19,2026-06-15,2026-06-01,14,Other,Other,0,0,0,0.0,1,0,0,0.0,,
20260620,2026-06-20,2026-06-15,2026-06-01,6,Direct,Direct,0,0,0,0.0,10,4,60600,0.0,0.0,
20260622,2026-06-22,2026-06-22,2026-06-01,9,Website Chat,Direct,0,0,0,0.0,14,4,52100,0.0,0.0,
20260522,2026-05-22,2026-05-18,2026-05-01,5,Organic Search,Organic,0,0,0,0.0,6,1,14600,0.0,0.0,
20260522,2026-05-22,2026-05-18,2026-05-01,8,Partner Website,Referral,0,0,0,0.0,1,1,11800,0.0,0.0,
20260523,2026-05-23,2026-05-18,2026-05-01,7,Referral,Referral,0,0,0,0.0,4,4,59400,0.0,0.0,
20260524,2026-05-24,2026-05-18,2026-05-01,5,Organic Search,Organic,0,0,0,0.0,8,2,25400,0.0,0.0,
20260624,2026-06-24,2026-06-22,2026-06-01,5,Organic Search,Organic,0,0,0,0.0,8,1,17400,0.0,0.0,
20260525,2026-05-25,2026-05-25,2026-05-01,6,Direct,Direct,0,0,0,0.0,11,4,51500,0.0,0.0,
20260525,2026-05-25,2026-05-25,2026-05-01,8,Partner Website,Referral,0,0,0,0.0,3,3,38400,0.0,0.0,
20260610,2026-06-10,2026-06-08,2026-06-01,8,Partner Website,Referral,0,0,0,0.0,1,1,10400,0.0,0.0,
20260625,2026-06-25,2026-06-22,2026-06-01,8,Partner Website,Referral,0,0,0,0.0,1,1,14000,0.0,0.0,
20260526,2026-05-26,2026-05-25,2026-05-01,9,Website Chat,Direct,0,0,0,0.0,13,2,26100,0.0,0.0,
20260626,2026-06-26,2026-06-22,2026-06-01,7,Referral,Referral,0,0,0,0.0,3,2,25300,0.0,0.0,
20260527,2026-05-27,2026-05-25,2026-05-01,5,Organic Search,Organic,0,0,0,0.0,10,6,83300,0.0,0.0,
20260527,2026-05-27,2026-05-25,2026-05-01,6,Direct,Direct,0,0,0,0.0,11,5,78300,0.0,0.0,
20260527,2026-05-27,2026-05-25,2026-05-01,7,Referral,Referral,0,0,0,0.0,5,5,64900,0.0,0.0,
20260627,2026-06-27,2026-06-22,2026-06-01,5,Organic Search,Organic,0,0,0,0.0,4,1,12900,0.0,0.0,
20260528,2026-05-28,2026-05-25,2026-05-01,8,Partner Website,Referral,0,0,0,0.0,1,1,13400,0.0,0.0,
20260118,2026-01-18,2026-01-12,2026-01-01,3,Meta Ads,Paid Social,1,56827,527,5977.22,0,0,0,,,0.0
20260124,2026-01-24,2026-01-19,2026-01-01,3,Meta Ads,Paid Social,1,66735,536,5340.18,0,0,0,,,0.0
20260129,2026-01-29,2026-01-26,2026-01-01,3,Meta Ads,Paid Social,1,83786,793,9541.65,0,0,0,,,0.0
20260211,2026-02-11,2026-02-09,2026-02-01,3,Meta Ads,Paid Social,1,51551,529,6984.29,0,0,0,,,0.0
20260228,2026-02-28,2026-02-23,2026-02-01,3,Meta Ads,Paid Social,1,66586,666,6687.72,0,0,0,,,0.0
20260302,2026-03-02,2026-03-02,2026-03-01,3,Meta Ads,Paid Social,1,60029,532,6678.53,0,0,0,,,0.0
20260317,2026-03-17,2026-03-16,2026-03-01,3,Meta Ads,Paid Social,1,94105,865,10999.99,1,0,0,10999.99,,0.0
20260318,2026-03-18,2026-03-16,2026-03-01,3,Meta Ads,Paid Social,1,97821,1020,12712.74,0,0,0,,,0.0
20260327,2026-03-27,2026-03-23,2026-03-01,3,Meta Ads,Paid Social,1,66265,598,6127.54,0,0,0,,,0.0
20260402,2026-04-02,2026-03-30,2026-04-01,3,Meta Ads,Paid Social,1,90955,860,11253.24,1,0,0,11253.24,,0.0
20260407,2026-04-07,2026-04-06,2026-04-01,3,Meta Ads,Paid Social,1,107937,1147,15986.51,1,1,15500,15986.51,15986.51,0.9696
20260410,2026-04-10,2026-04-06,2026-04-01,3,Meta Ads,Paid Social,1,69293,686,8711.44,0,0,0,,,0.0
20260416,2026-04-16,2026-04-13,2026-04-01,3,Meta Ads,Paid Social,1,51877,679,10239.93,0,0,0,,,0.0
20260421,2026-04-21,2026-04-20,2026-04-01,3,Meta Ads,Paid Social,1,52284,667,9704.54,2,0,0,4852.27,,0.0
20260426,2026-04-26,2026-04-20,2026-04-01,3,Meta Ads,Paid Social,1,56505,707,9778.28,0,0,0,,,0.0
20260428,2026-04-28,2026-04-27,2026-04-01,3,Meta Ads,Paid Social,1,61671,747,11142.32,2,1,18000,5571.16,11142.32,1.6155
20260502,2026-05-02,2026-04-27,2026-05-01,3,Meta Ads,Paid Social,1,26666,382,5281.03,0,0,0,,,0.0
20260503,2026-05-03,2026-04-27,2026-05-01,3,Meta Ads,Paid Social,1,37130,542,6023.57,0,0,0,,,0.0
20260506,2026-05-06,2026-05-04,2026-05-01,3,Meta Ads,Paid Social,1,36953,496,6260.11,0,0,0,,,0.0
20260518,2026-05-18,2026-05-18,2026-05-01,3,Meta Ads,Paid Social,1,59150,758,10242.75,0,0,0,,,0.0
20260521,2026-05-21,2026-05-18,2026-05-01,3,Meta Ads,Paid Social,1,55252,684,8373.43,0,0,0,,,0.0
20260603,2026-06-03,2026-06-01,2026-06-01,3,Meta Ads,Paid Social,1,53395,701,10203.51,0,0,0,,,0.0
20260609,2026-06-09,2026-06-08,2026-06-01,3,Meta Ads,Paid Social,1,52394,696,9063.99,0,0,0,,,0.0
20260614,2026-06-14,2026-06-08,2026-06-01,3,Meta Ads,Paid Social,1,76373,888,13791.89,0,0,0,,,0.0
20260623,2026-06-23,2026-06-22,2026-06-01,3,Meta Ads,Paid Social,1,27317,388,4029.16,0,0,0,,,0.0
20260624,2026-06-24,2026-06-22,2026-06-01,3,Meta Ads,Paid Social,1,35683,411,6144.78,0,0,0,,,0.0
20260102,2026-01-02,2025-12-29,2026-01-01,1,Google Ads,Paid Search,1,9279,447,26155.94,12,7,98600,2179.66,3736.56,3.7697
20260106,2026-01-06,2026-01-05,2026-01-01,1,Google Ads,Paid Search,1,11733,499,37843.66,10,3,37700,3784.37,12614.55,0.9962
20260107,2026-01-07,2026-01-05,2026-01-01,1,Google Ads,Paid Search,1,14172,634,44756.32,15,10,146700,2983.75,4475.63,3.2777
20260125,2026-01-25,2026-01-19,2026-01-01,1,Google Ads,Paid Search,1,9565,428,26675.21,3,2,28500,8891.74,13337.61,1.0684
20260128,2026-01-28,2026-01-26,2026-01-01,1,Google Ads,Paid Search,1,12845,596,38093.04,16,8,105800,2380.82,4761.63,2.7774
20260130,2026-01-30,2026-01-26,2026-01-01,1,Google Ads,Paid Search,1,12185,541,37731.91,14,6,84900,2695.14,6288.65,2.2501
20260206,2026-02-06,2026-02-02,2026-02-01,1,Google Ads,Paid Search,1,16323,688,42056.57,12,8,99300,3504.71,5257.07,2.3611
20260213,2026-02-13,2026-02-09,2026-02-01,1,Google Ads,Paid Search,1,15036,599,42124.63,10,3,36300,4212.46,14041.54,0.8617
20260214,2026-02-14,2026-02-09,2026-02-01,1,Google Ads,Paid Search,1,10930,489,29273.68,13,6,74000,2251.82,4878.95,2.5279
20260224,2026-02-24,2026-02-23,2026-02-01,1,Google Ads,Paid Search,1,13341,585,38200.09,12,4,64800,3183.34,9550.02,1.6963
20260302,2026-03-02,2026-03-02,2026-03-01,1,Google Ads,Paid Search,1,22218,842,48486.56,16,6,88400,3030.41,8081.09,1.8232
20260306,2026-03-06,2026-03-02,2026-03-01,1,Google Ads,Paid Search,1,20875,738,47117.05,16,4,57200,2944.82,11779.26,1.214
20260307,2026-03-07,2026-03-02,2026-03-01,1,Google Ads,Paid Search,1,13207,556,33300.67,9,5,70200,3700.07,6660.13,2.1081
20260319,2026-03-19,2026-03-16,2026-03-01,1,Google Ads,Paid Search,1,14466,593,36446.59,7,2,29300,5206.66,18223.3,0.8039
20260323,2026-03-23,2026-03-23,2026-03-01,1,Google Ads,Paid Search,1,17649,663,39878.41,13,7,95600,3067.57,5696.92,2.3973
20260401,2026-04-01,2026-03-30,2026-04-01,1,Google Ads,Paid Search,1,31609,1273,81266.3,35,16,207100,2321.89,5079.14,2.5484
20260405,2026-04-05,2026-03-30,2026-04-01,1,Google Ads,Paid Search,1,17370,675,42445.72,15,4,54300,2829.71,10611.43,1.2793
20260429,2026-04-29,2026-04-27,2026-04-01,1,Google Ads,Paid Search,1,26701,993,52448.49,24,9,107000,2185.35,5827.61,2.0401
20260507,2026-05-07,2026-05-04,2026-05-01,1,Google Ads,Paid Search,1,22682,886,47384.73,24,9,130500,1974.36,5264.97,2.7541
20260511,2026-05-11,2026-05-11,2026-05-01,1,Google Ads,Paid Search,1,19439,771,47330.64,17,5,66300,2784.16,9466.13,1.4008
20260526,2026-05-26,2026-05-25,2026-05-01,1,Google Ads,Paid Search,1,18850,757,44171.86,19,8,114900,2324.83,5521.48,2.6012
20260531,2026-05-31,2026-05-25,2026-05-01,1,Google Ads,Paid Search,1,17577,671,36942.63,13,6,95500,2841.74,6157.11,2.5851
20260619,2026-06-19,2026-06-15,2026-06-01,1,Google Ads,Paid Search,1,24877,874,46998.71,20,7,93000,2349.94,6714.1,1.9788
20260620,2026-06-20,2026-06-15,2026-06-01,1,Google Ads,Paid Search,1,19566,690,41449.29,12,1,16100,3454.11,41449.29,0.3884
20260625,2026-06-25,2026-06-22,2026-06-01,1,Google Ads,Paid Search,1,19336,759,48874.56,17,7,95100,2874.97,6982.08,1.9458
20260113,2026-01-13,2026-01-12,2026-01-01,2,Microsoft Ads,Paid Search,1,513,25,890.87,0,0,0,,,0.0
20260115,2026-01-15,2026-01-12,2026-01-01,2,Microsoft Ads,Paid Search,1,512,25,943.87,1,0,0,943.87,,0.0
20260129,2026-01-29,2026-01-26,2026-01-01,2,Microsoft Ads,Paid Search,1,496,25,879.13,0,0,0,,,0.0
20260206,2026-02-06,2026-02-02,2026-02-01,2,Microsoft Ads,Paid Search,1,964,75,1642.93,0,0,0,,,0.0
20260214,2026-02-14,2026-02-09,2026-02-01,2,Microsoft Ads,Paid Search,1,2476,150,4958.86,0,0,0,,,0.0
20260216,2026-02-16,2026-02-16,2026-02-01,2,Microsoft Ads,Paid Search,1,1160,92,1778.29,0,0,0,,,0.0
20260223,2026-02-23,2026-02-23,2026-02-01,2,Microsoft Ads,Paid Search,1,521,25,948.24,0,0,0,,,0.0
20260302,2026-03-02,2026-03-02,2026-03-01,2,Microsoft Ads,Paid Search,1,2078,100,3322.97,0,0,0,,,0.0
20260303,2026-03-03,2026-03-02,2026-03-01,2,Microsoft Ads,Paid Search,1,1172,67,1966.0,0,0,0,,,0.0
20260310,2026-03-10,2026-03-09,2026-03-01,2,Microsoft Ads,Paid Search,1,2643,142,5176.45,0,0,0,,,0.0
20260313,2026-03-13,2026-03-09,2026-03-01,2,Microsoft Ads,Paid Search,1,687,42,1149.86,0,0,0,,,0.0
20260317,2026-03-17,2026-03-16,2026-03-01,2,Microsoft Ads,Paid Search,1,1004,75,1771.26,0,0,0,,,0.0
20260401,2026-04-01,2026-03-30,2026-04-01,2,Microsoft Ads,Paid Search,1,1366,83,2383.99,0,0,0,,,0.0
20260402,2026-04-02,2026-03-30,2026-04-01,2,Microsoft Ads,Paid Search,1,919,50,1683.77,0,0,0,,,0.0
20260403,2026-04-03,2026-03-30,2026-04-01,2,Microsoft Ads,Paid Search,1,1065,75,1966.14,0,0,0,,,0.0
20260407,2026-04-07,2026-04-06,2026-04-01,2,Microsoft Ads,Paid Search,1,1322,83,2267.25,0,0,0,,,0.0
20260415,2026-04-15,2026-04-13,2026-04-01,2,Microsoft Ads,Paid Search,1,549,50,846.9,0,0,0,,,0.0
20260514,2026-05-14,2026-05-11,2026-05-01,2,Microsoft Ads,Paid Search,1,1000,50,1442.09,0,0,0,,,0.0
20260515,2026-05-15,2026-05-11,2026-05-01,2,Microsoft Ads,Paid Search,1,154,17,217.68,0,0,0,,,0.0
20260516,2026-05-16,2026-05-11,2026-05-01,2,Microsoft Ads,Paid Search,1,183,17,236.31,0,0,0,,,0.0
20260517,2026-05-17,2026-05-11,2026-05-01,2,Microsoft Ads,Paid Search,1,1393,83,2173.88,0,0,0,,,0.0
20260527,2026-05-27,2026-05-25,2026-05-01,2,Microsoft Ads,Paid Search,1,0,0,0.0,0,0,0,,,
20260602,2026-06-02,2026-06-01,2026-06-01,2,Microsoft Ads,Paid Search,1,487,50,659.93,0,0,0,,,0.0
20260613,2026-06-13,2026-06-08,2026-06-01,2,Microsoft Ads,Paid Search,1,0,0,0.0,0,0,0,,,
20260627,2026-06-27,2026-06-22,2026-06-01,2,Microsoft Ads,Paid Search,1,0,0,0.0,0,0,0,,,
20260127,2026-01-27,2026-01-26,2026-01-01,4,YouTube Ads,Paid Video,1,365103,1375,9421.89,0,0,0,,,0.0
20260201,2026-02-01,2026-01-26,2026-02-01,4,YouTube Ads,Paid Video,1,314850,1250,7832.24,0,0,0,,,0.0
20260214,2026-02-14,2026-02-09,2026-02-01,4,YouTube Ads,Paid Video,1,207323,875,4906.15,0,0,0,,,0.0
20260303,2026-03-03,2026-03-02,2026-03-01,4,YouTube Ads,Paid Video,1,338452,1583,13715.55,0,0,0,,,0.0
20260310,2026-03-10,2026-03-09,2026-03-01,4,YouTube Ads,Paid Video,1,83539,417,3559.91,0,0,0,,,0.0
20260317,2026-03-17,2026-03-16,2026-03-01,4,YouTube Ads,Paid Video,1,202350,1042,8549.48,0,0,0,,,0.0
20260319,2026-03-19,2026-03-16,2026-03-01,4,YouTube Ads,Paid Video,1,80519,583,8311.08,0,0,0,,,0.0
20260326,2026-03-26,2026-03-23,2026-03-01,4,YouTube Ads,Paid Video,1,258071,1292,10562.25,0,0,0,,,0.0
20260331,2026-03-31,2026-03-30,2026-03-01,4,YouTube Ads,Paid Video,1,332486,1458,9484.45,0,0,0,,,0.0
20260501,2026-05-01,2026-04-27,2026-05-01,4,YouTube Ads,Paid Video,1,272115,1375,9967.15,0,0,0,,,0.0
20260502,2026-05-02,2026-04-27,2026-05-01,4,YouTube Ads,Paid Video,1,263262,1292,9728.15,0,0,0,,,0.0
20260508,2026-05-08,2026-05-04,2026-05-01,4,YouTube Ads,Paid Video,1,115701,625,5019.54,0,0,0,,,0.0
20260516,2026-05-16,2026-05-11,2026-05-01,4,YouTube Ads,Paid Video,1,332771,1375,9297.01,0,0,0,,,0.0
20260522,2026-05-22,2026-05-18,2026-05-01,4,YouTube Ads,Paid Video,1,227484,1000,6040.17,0,0,0,,,0.0
20260523,2026-05-23,2026-05-18,2026-05-01,4,YouTube Ads,Paid Video,1,273638,1250,9095.28,0,0,0,,,0.0
20260530,2026-05-30,2026-05-25,2026-05-01,4,YouTube Ads,Paid Video,1,149147,667,4823.26,0,0,0,,,0.0
20260531,2026-05-31,2026-05-25,2026-05-01,4,YouTube Ads,Paid Video,1,133209,583,4190.49,0,0,0,,,0.0
20260609,2026-06-09,2026-06-08,2026-06-01,4,YouTube Ads,Paid Video,1,269038,1250,10577.51,0,0,0,,,0.0
20260615,2026-06-15,2026-06-15,2026-06-01,4,YouTube Ads,Paid Video,1,195312,958,8071.46,0,0,0,,,0.0
20260625,2026-06-25,2026-06-22,2026-06-01,4,YouTube Ads,Paid Video,1,81101,417,3429.64,0,0,0,,,0.0
20260106,2026-01-06,2026-01-05,2026-01-01,8,Partner Website,Referral,0,0,0,0.0,1,1,12600,0.0,0.0,
20260108,2026-01-08,2026-01-05,2026-01-01,7,Referral,Referral,0,0,0,0.0,3,3,48400,0.0,0.0,
20260101,2026-01-01,2025-12-29,2026-01-01,9,Website Chat,Direct,0,0,0,0.0,9,2,25900,0.0,0.0,
20260104,2026-01-04,2025-12-29,2026-01-01,8,Partner Website,Referral,0,0,0,0.0,1,1,12200,0.0,0.0,
20260116,2026-01-16,2026-01-12,2026-01-01,6,Direct,Direct,0,0,0,0.0,8,3,43300,0.0,0.0,
20260117,2026-01-17,2026-01-12,2026-01-01,5,Organic Search,Organic,0,0,0,0.0,9,1,12900,0.0,0.0,
20260117,2026-01-17,2026-01-12,2026-01-01,7,Referral,Referral,0,0,0,0.0,3,2,33600,0.0,0.0,
20260110,2026-01-10,2026-01-05,2026-01-01,6,Direct,Direct,0,0,0,0.0,9,3,44300,0.0,0.0,
20260112,2026-01-12,2026-01-12,2026-01-01,7,Referral,Referral,0,0,0,0.0,4,3,42100,0.0,0.0,
20260113,2026-01-13,2026-01-12,2026-01-01,7,Referral,Referral,0,0,0,0.0,4,3,36400,0.0,0.0,
20260114,2026-01-14,2026-01-12,2026-01-01,7,Referral,Referral,0,0,0,0.0,5,4,54800,0.0,0.0,
20260128,2026-01-28,2026-01-26,2026-01-01,6,Direct,Direct,0,0,0,0.0,14,2,30000,0.0,0.0,
20260129,2026-01-29,2026-01-26,2026-01-01,7,Referral,Referral,0,0,0,0.0,4,4,44800,0.0,0.0,
20260121,2026-01-21,2026-01-19,2026-01-01,6,Direct,Direct,0,0,0,0.0,13,2,30500,0.0,0.0,
20260121,2026-01-21,2026-01-19,2026-01-01,9,Website Chat,Direct,0,0,0,0.0,4,0,0,0.0,,
20260122,2026-01-22,2026-01-19,2026-01-01,9,Website Chat,Direct,0,0,0,0.0,8,4,46100,0.0,0.0,
20260129,2026-01-29,2026-01-26,2026-01-01,9,Website Chat,Direct,0,0,0,0.0,13,3,35800,0.0,0.0,
20260205,2026-02-05,2026-02-02,2026-02-01,5,Organic Search,Organic,0,0,0,0.0,7,2,26200,0.0,0.0,
20260207,2026-02-07,2026-02-02,2026-02-01,7,Referral,Referral,0,0,0,0.0,3,2,26600,0.0,0.0,
20260131,2026-01-31,2026-01-26,2026-01-01,8,Partner Website,Referral,0,0,0,0.0,1,1,12300,0.0,0.0,
20260201,2026-02-01,2026-01-26,2026-02-01,9,Website Chat,Direct,0,0,0,0.0,7,1,12100,0.0,0.0,
20260201,2026-02-01,2026-01-26,2026-02-01,6,Direct,Direct,0,0,0,0.0,5,1,15000,0.0,0.0,
20260201,2026-02-01,2026-01-26,2026-02-01,5,Organic Search,Organic,0,0,0,0.0,3,1,10900,0.0,0.0,
20260213,2026-02-13,2026-02-09,2026-02-01,15,Unknown,Other,0,0,0,0.0,2,2,22900,0.0,0.0,
20260215,2026-02-15,2026-02-09,2026-02-01,7,Referral,Referral,0,0,0,0.0,2,2,29200,0.0,0.0,
20260209,2026-02-09,2026-02-09,2026-02-01,6,Direct,Direct,0,0,0,0.0,12,8,100800,0.0,0.0,
20260210,2026-02-10,2026-02-09,2026-02-01,7,Referral,Referral,0,0,0,0.0,5,5,57500,0.0,0.0,
20260210,2026-02-10,2026-02-09,2026-02-01,15,Unknown,Other,0,0,0,0.0,2,1,11600,0.0,0.0,
20260211,2026-02-11,2026-02-09,2026-02-01,7,Referral,Referral,0,0,0,0.0,4,4,57600,0.0,0.0,
20260216,2026-02-16,2026-02-16,2026-02-01,7,Referral,Referral,0,0,0,0.0,3,3,44800,0.0,0.0,
20260225,2026-02-25,2026-02-23,2026-02-01,9,Website Chat,Direct,0,0,0,0.0,13,3,47700,0.0,0.0,
20260218,2026-02-18,2026-02-16,2026-02-01,7,Referral,Referral,0,0,0,0.0,7,7,97100,0.0,0.0,
20260219,2026-02-19,2026-02-16,2026-02-01,6,Direct,Direct,0,0,0,0.0,5,3,41300,0.0,0.0,
20260219,2026-02-19,2026-02-16,2026-02-01,5,Organic Search,Organic,0,0,0,0.0,5,3,39900,0.0,0.0,
20260220,2026-02-20,2026-02-16,2026-02-01,9,Website Chat,Direct,0,0,0,0.0,4,1,15900,0.0,0.0,
20260222,2026-02-22,2026-02-16,2026-02-01,6,Direct,Direct,0,0,0,0.0,11,4,57700,0.0,0.0,
20260305,2026-03-05,2026-03-02,2026-03-01,5,Organic Search,Organic,0,0,0,0.0,3,1,13400,0.0,0.0,
20260226,2026-02-26,2026-02-23,2026-02-01,7,Referral,Referral,0,0,0,0.0,2,2,23200,0.0,0.0,
20260226,2026-02-26,2026-02-23,2026-02-01,6,Direct,Direct,0,0,0,0.0,14,6,92900,0.0,0.0,
20260228,2026-02-28,2026-02-23,2026-02-01,9,Website Chat,Direct,0,0,0,0.0,12,1,10800,0.0,0.0,
20260301,2026-03-01,2026-02-23,2026-03-01,5,Organic Search,Organic,0,0,0,0.0,5,2,28700,0.0,0.0,
20260307,2026-03-07,2026-03-02,2026-03-01,9,Website Chat,Direct,0,0,0,0.0,9,3,38800,0.0,0.0,
20260310,2026-03-10,2026-03-09,2026-03-01,5,Organic Search,Organic,0,0,0,0.0,11,7,98000,0.0,0.0,
20260321,2026-03-21,2026-03-16,2026-03-01,6,Direct,Direct,0,0,0,0.0,6,1,14500,0.0,0.0,
20260322,2026-03-22,2026-03-16,2026-03-01,6,Direct,Direct,0,0,0,0.0,14,4,55400,0.0,0.0,
20260323,2026-03-23,2026-03-23,2026-03-01,9,Website Chat,Direct,0,0,0,0.0,11,1,12400,0.0,0.0,
20260323,2026-03-23,2026-03-23,2026-03-01,8,Partner Website,Referral,0,0,0,0.0,3,3,39700,0.0,0.0,
20260315,2026-03-15,2026-03-09,2026-03-01,6,Direct,Direct,0,0,0,0.0,10,1,10900,0.0,0.0,
20260317,2026-03-17,2026-03-16,2026-03-01,5,Organic Search,Organic,0,0,0,0.0,5,2,27000,0.0,0.0,
20260318,2026-03-18,2026-03-16,2026-03-01,5,Organic Search,Organic,0,0,0,0.0,8,5,72500,0.0,0.0,
20260331,2026-03-31,2026-03-30,2026-03-01,8,Partner Website,Referral,0,0,0,0.0,1,1,11300,0.0,0.0,
20260325,2026-03-25,2026-03-23,2026-03-01,8,Partner Website,Referral,0,0,0,0.0,2,2,28000,0.0,0.0,
20260326,2026-03-26,2026-03-23,2026-03-01,9,Website Chat,Direct,0,0,0,0.0,7,1,13000,0.0,0.0,
20260326,2026-03-26,2026-03-23,2026-03-01,7,Referral,Referral,0,0,0,0.0,3,2,25500,0.0,0.0,
20260326,2026-03-26,2026-03-23,2026-03-01,8,Partner Website,Referral,0,0,0,0.0,2,2,24200,0.0,0.0,
20260327,2026-03-27,2026-03-23,2026-03-01,6,Direct,Direct,0,0,0,0.0,24,10,134300,0.0,0.0,
20260404,2026-04-04,2026-03-30,2026-04-01,5,Organic Search,Organic,0,0,0,0.0,5,3,43900,0.0,0.0,
20260404,2026-04-04,2026-03-30,2026-04-01,14,Other,Other,0,0,0,0.0,1,1,15600,0.0,0.0,
20260404,2026-04-04,2026-03-30,2026-04-01,8,Partner Website,Referral,0,0,0,0.0,1,1,12500,0.0,0.0,
20260402,2026-04-02,2026-03-30,2026-04-01,5,Organic Search,Organic,0,0,0,0.0,10,1,13700,0.0,0.0,
20260403,2026-04-03,2026-03-30,2026-04-01,7,Referral,Referral,0,0,0,0.0,4,4,52300,0.0,0.0,
20260414,2026-04-14,2026-04-13,2026-04-01,5,Organic Search,Organic,0,0,0,0.0,13,1,17000,0.0,0.0,
20260408,2026-04-08,2026-04-06,2026-04-01,5,Organic Search,Organic,0,0,0,0.0,9,6,83500,0.0,0.0,
20260412,2026-04-12,2026-04-06,2026-04-01,9,Website Chat,Direct,0,0,0,0.0,5,1,15300,0.0,0.0,
20260412,2026-04-12,2026-04-06,2026-04-01,5,Organic Search,Organic,0,0,0,0.0,3,1,12700,0.0,0.0,
20260415,2026-04-15,2026-04-13,2026-04-01,6,Direct,Direct,0,0,0,0.0,12,3,50000,0.0,0.0,
20260415,2026-04-15,2026-04-13,2026-04-01,8,Partner Website,Referral,0,0,0,0.0,1,1,15400,0.0,0.0,
20260416,2026-04-16,2026-04-13,2026-04-01,7,Referral,Referral,0,0,0,0.0,4,2,22000,0.0,0.0,
20260416,2026-04-16,2026-04-13,2026-04-01,6,Direct,Direct,0,0,0,0.0,6,2,28100,0.0,0.0,
20260418,2026-04-18,2026-04-13,2026-04-01,6,Direct,Direct,0,0,0,0.0,21,6,87300,0.0,0.0,
20260422,2026-04-22,2026-04-20,2026-04-01,5,Organic Search,Organic,0,0,0,0.0,5,3,53300,0.0,0.0,
20260424,2026-04-24,2026-04-20,2026-04-01,5,Organic Search,Organic,0,0,0,0.0,2,1,12900,0.0,0.0,
20260506,2026-05-06,2026-05-04,2026-05-01,5,Organic Search,Organic,0,0,0,0.0,6,4,56400,0.0,0.0,
20260504,2026-05-04,2026-05-04,2026-05-01,5,Organic Search,Organic,0,0,0,0.0,11,4,54000,0.0,0.0,
20260504,2026-05-04,2026-05-04,2026-05-01,9,Website Chat,Direct,0,0,0,0.0,13,4,45400,0.0,0.0,
20260507,2026-05-07,2026-05-04,2026-05-01,9,Website Chat,Direct,0,0,0,0.0,12,3,34000,0.0,0.0,
20260508,2026-05-08,2026-05-04,2026-05-01,5,Organic Search,Organic,0,0,0,0.0,6,2,22200,0.0,0.0,
20260508,2026-05-08,2026-05-04,2026-05-01,7,Referral,Referral,0,0,0,0.0,3,2,29700,0.0,0.0,
20260509,2026-05-09,2026-05-04,2026-05-01,6,Direct,Direct,0,0,0,0.0,10,4,60200,0.0,0.0,
20260511,2026-05-11,2026-05-11,2026-05-01,8,Partner Website,Referral,0,0,0,0.0,2,2,27800,0.0,0.0,
20260512,2026-05-12,2026-05-11,2026-05-01,5,Organic Search,Organic,0,0,0,0.0,5,0,0,0.0,,
20260512,2026-05-12,2026-05-11,2026-05-01,6,Direct,Direct,0,0,0,0.0,12,6,76500,0.0,0.0,
20260513,2026-05-13,2026-05-11,2026-05-01,5,Organic Search,Organic,0,0,0,0.0,6,1,15600,0.0,0.0,
20260528,2026-05-28,2026-05-25,2026-05-01,5,Organic Search,Organic,0,0,0,0.0,12,3,39600,0.0,0.0,
20260613,2026-06-13,2026-06-08,2026-06-01,6,Direct,Direct,0,0,0,0.0,11,3,37800,0.0,0.0,
20260628,2026-06-28,2026-06-22,2026-06-01,5,Organic Search,Organic,0,0,0,0.0,6,1,15700,0.0,0.0,
20260629,2026-06-29,2026-06-29,2026-06-01,5,Organic Search,Organic,0,0,0,0.0,8,5,63400,0.0,0.0,
20260530,2026-05-30,2026-05-25,2026-05-01,9,Website Chat,Direct,0,0,0,0.0,6,0,0,0.0,,
20260515,2026-05-15,2026-05-11,2026-05-01,9,Website Chat,Direct,0,0,0,0.0,13,4,55900,0.0,0.0,
20260531,2026-05-31,2026-05-25,2026-05-01,5,Organic Search,Organic,0,0,0,0.0,4,2,29000,0.0,0.0,
20260601,2026-06-01,2026-06-01,2026-06-01,5,Organic Search,Organic,0,0,0,0.0,7,0,0,0.0,,
20260518,2026-05-18,2026-05-18,2026-05-01,7,Referral,Referral,0,0,0,0.0,4,3,46300,0.0,0.0,
20260518,2026-05-18,2026-05-18,2026-05-01,6,Direct,Direct,0,0,0,0.0,20,3,36200,0.0,0.0,
20260602,2026-06-02,2026-06-01,2026-06-01,8,Partner Website,Referral,0,0,0,0.0,1,1,11500,0.0,0.0,
20260603,2026-06-03,2026-06-01,2026-06-01,8,Partner Website,Referral,0,0,0,0.0,1,1,8200,0.0,0.0,
20260604,2026-06-04,2026-06-01,2026-06-01,15,Unknown,Other,0,0,0,0.0,1,1,11400,0.0,0.0,
20260620,2026-06-20,2026-06-15,2026-06-01,7,Referral,Referral,0,0,0,0.0,4,4,61700,0.0,0.0,
20260520,2026-05-20,2026-05-18,2026-05-01,8,Partner Website,Referral,0,0,0,0.0,1,1,10400,0.0,0.0,
20260521,2026-05-21,2026-05-18,2026-05-01,5,Organic Search,Organic,0,0,0,0.0,9,5,60900,0.0,0.0,
20260521,2026-05-21,2026-05-18,2026-05-01,9,Website Chat,Direct,0,0,0,0.0,10,4,45900,0.0,0.0,
20260521,2026-05-21,2026-05-18,2026-05-01,8,Partner Website,Referral,0,0,0,0.0,1,1,14200,0.0,0.0,
20260521,2026-05-21,2026-05-18,2026-05-01,11,Social Organic,Organic,0,0,0,0.0,1,1,14300,0.0,0.0,
20260622,2026-06-22,2026-06-22,2026-06-01,5,Organic Search,Organic,0,0,0,0.0,16,4,53200,0.0,0.0,
20260522,2026-05-22,2026-05-18,2026-05-01,9,Website Chat,Direct,0,0,0,0.0,15,4,45600,0.0,0.0,
20260523,2026-05-23,2026-05-18,2026-05-01,9,Website Chat,Direct,0,0,0,0.0,5,2,21300,0.0,0.0,
20260608,2026-06-08,2026-06-08,2026-06-01,6,Direct,Direct,0,0,0,0.0,20,8,115500,0.0,0.0,
20260608,2026-06-08,2026-06-08,2026-06-01,7,Referral,Referral,0,0,0,0.0,3,3,53200,0.0,0.0,
20260623,2026-06-23,2026-06-22,2026-06-01,5,Organic Search,Organic,0,0,0,0.0,5,1,15500,0.0,0.0,
20260523,2026-05-23,2026-05-18,2026-05-01,6,Direct,Direct,0,0,0,0.0,9,3,43900,0.0,0.0,
20260609,2026-06-09,2026-06-08,2026-06-01,5,Organic Search,Organic,0,0,0,0.0,10,5,68900,0.0,0.0,
20260624,2026-06-24,2026-06-22,2026-06-01,9,Website Chat,Direct,0,0,0,0.0,12,2,28000,0.0,0.0,
20260610,2026-06-10,2026-06-08,2026-06-01,5,Organic Search,Organic,0,0,0,0.0,5,0,0,0.0,,
20260625,2026-06-25,2026-06-22,2026-06-01,5,Organic Search,Organic,0,0,0,0.0,8,1,12800,0.0,0.0,
20260625,2026-06-25,2026-06-22,2026-06-01,7,Referral,Referral,0,0,0,0.0,3,3,41400,0.0,0.0,
20260611,2026-06-11,2026-06-08,2026-06-01,6,Direct,Direct,0,0,0,0.0,25,8,111200,0.0,0.0,
20260611,2026-06-11,2026-06-08,2026-06-01,5,Organic Search,Organic,0,0,0,0.0,9,4,45900,0.0,0.0,
20260611,2026-06-11,2026-06-08,2026-06-01,8,Partner Website,Referral,0,0,0,0.0,3,3,40200,0.0,0.0,
20260102,2026-01-02,2025-12-29,2026-01-01,3,Meta Ads,Paid Social,1,70189,570,5939.22,1,1,9600,5939.22,5939.22,1.6164
20260104,2026-01-04,2025-12-29,2026-01-01,3,Meta Ads,Paid Social,1,84802,697,6403.29,0,0,0,,,0.0
20260110,2026-01-10,2026-01-05,2026-01-01,3,Meta Ads,Paid Social,1,61120,567,7235.45,1,0,0,7235.45,,0.0
20260123,2026-01-23,2026-01-19,2026-01-01,3,Meta Ads,Paid Social,1,44373,489,5963.38,0,0,0,,,0.0
20260128,2026-01-28,2026-01-26,2026-01-01,3,Meta Ads,Paid Social,1,52715,493,5431.28,0,0,0,,,0.0
20260131,2026-01-31,2026-01-26,2026-01-01,3,Meta Ads,Paid Social,1,31218,423,4999.45,0,0,0,,,0.0
20260213,2026-02-13,2026-02-09,2026-02-01,3,Meta Ads,Paid Social,1,82349,770,7623.64,0,0,0,,,0.0
20260223,2026-02-23,2026-02-23,2026-02-01,3,Meta Ads,Paid Social,1,138215,1090,11512.58,0,0,0,,,0.0
20260305,2026-03-05,2026-03-02,2026-03-01,3,Meta Ads,Paid Social,1,61835,664,8332.96,0,0,0,,,0.0
20260323,2026-03-23,2026-03-23,2026-03-01,3,Meta Ads,Paid Social,1,50237,574,6273.58,1,0,0,6273.58,,0.0
20260510,2026-05-10,2026-05-04,2026-05-01,3,Meta Ads,Paid Social,1,76270,975,13571.46,1,1,10800,13571.46,13571.46,0.7958
20260527,2026-05-27,2026-05-25,2026-05-01,3,Meta Ads,Paid Social,1,73772,958,12086.49,1,0,0,12086.49,,0.0
20260530,2026-05-30,2026-05-25,2026-05-01,3,Meta Ads,Paid Social,1,27830,376,4984.23,0,0,0,,,0.0
20260601,2026-06-01,2026-06-01,2026-06-01,3,Meta Ads,Paid Social,1,28890,388,5003.75,1,0,0,5003.75,,0.0
20260616,2026-06-16,2026-06-15,2026-06-01,3,Meta Ads,Paid Social,1,71946,970,13434.52,0,0,0,,,0.0
20260625,2026-06-25,2026-06-22,2026-06-01,3,Meta Ads,Paid Social,1,24890,291,4459.35,0,0,0,,,0.0
20260628,2026-06-28,2026-06-22,2026-06-01,3,Meta Ads,Paid Social,1,19353,216,2878.27,0,0,0,,,0.0
20260104,2026-01-04,2025-12-29,2026-01-01,1,Google Ads,Paid Search,1,6514,332,20929.95,8,2,25200,2616.24,10464.98,1.204
20260105,2026-01-05,2026-01-05,2026-01-01,1,Google Ads,Paid Search,1,5204,248,17127.64,4,1,15800,4281.91,17127.64,0.9225
20260115,2026-01-15,2026-01-12,2026-01-01,1,Google Ads,Paid Search,1,12014,549,35948.38,13,7,97500,2765.26,5135.48,2.7122
20260122,2026-01-22,2026-01-19,2026-01-01,1,Google Ads,Paid Search,1,10381,450,34141.34,12,4,62300,2845.11,8535.34,1.8248
20260204,2026-02-04,2026-02-02,2026-02-01,1,Google Ads,Paid Search,1,20743,915,62233.77,23,7,95800,2705.82,8890.54,1.5394
20260313,2026-03-13,2026-03-09,2026-03-01,1,Google Ads,Paid Search,1,17355,739,48125.8,14,4,50200,3437.56,12031.45,1.0431
20260314,2026-03-14,2026-03-09,2026-03-01,1,Google Ads,Paid Search,1,14635,560,30560.92,12,7,115200,2546.74,4365.85,3.7695
20260320,2026-03-20,2026-03-16,2026-03-01,1,Google Ads,Paid Search,1,20153,760,45462.44,21,12,158500,2164.88,3788.54,3.4864
20260329,2026-03-29,2026-03-23,2026-03-01,1,Google Ads,Paid Search,1,17458,618,40402.97,12,3,42800,3366.91,13467.66,1.0593
20260407,2026-04-07,2026-04-06,2026-04-01,1,Google Ads,Paid Search,1,19383,838,49222.56,22,8,118700,2237.39,6152.82,2.4115
20260412,2026-04-12,2026-04-06,2026-04-01,1,Google Ads,Paid Search,1,9957,467,30006.59,10,5,73200,3000.66,6001.32,2.4395
20260413,2026-04-13,2026-04-13,2026-04-01,1,Google Ads,Paid Search,1,22017,840,55860.72,18,9,123300,3103.37,6206.75,2.2073
20260418,2026-04-18,2026-04-13,2026-04-01,1,Google Ads,Paid Search,1,19053,717,45526.49,16,6,83600,2845.41,7587.75,1.8363
20260423,2026-04-23,2026-04-20,2026-04-01,1,Google Ads,Paid Search,1,13088,487,27730.83,9,2,30200,3081.2,13865.42,1.089
20260510,2026-05-10,2026-05-04,2026-05-01,1,Google Ads,Paid Search,1,17179,656,39432.83,16,11,157800,2464.55,3584.8,4.0017
20260515,2026-05-15,2026-05-11,2026-05-01,1,Google Ads,Paid Search,1,18780,700,43914.63,14,4,55000,3136.76,10978.66,1.2524
20260516,2026-05-16,2026-05-11,2026-05-01,1,Google Ads,Paid Search,1,16388,661,43179.2,10,6,79000,4317.92,7196.53,1.8296
20260517,2026-05-17,2026-05-11,2026-05-01,1,Google Ads,Paid Search,1,13285,545,34790.75,10,5,70000,3479.08,6958.15,2.012
20260518,2026-05-18,2026-05-18,2026-05-01,1,Google Ads,Paid Search,1,31337,1161,71202.06,25,9,105400,2848.08,7911.34,1.4803
20260528,2026-05-28,2026-05-25,2026-05-01,1,Google Ads,Paid Search,1,16594,655,42150.66,13,6,77200,3242.36,7025.11,1.8315
20260605,2026-06-05,2026-06-01,2026-06-01,1,Google Ads,Paid Search,1,31124,1144,63763.93,29,14,182900,2198.76,4554.57,2.8684
20260606,2026-06-06,2026-06-01,2026-06-01,1,Google Ads,Paid Search,1,22332,848,43180.48,18,5,83100,2398.92,8636.1,1.9245
20260608,2026-06-08,2026-06-08,2026-06-01,1,Google Ads,Paid Search,1,17709,757,42148.22,15,7,92500,2809.88,6021.17,2.1946
20260610,2026-06-10,2026-06-08,2026-06-01,1,Google Ads,Paid Search,1,13039,466,27012.85,12,4,54500,2251.07,6753.21,2.0176
20260626,2026-06-26,2026-06-22,2026-06-01,1,Google Ads,Paid Search,1,28155,964,49925.74,35,12,159800,1426.45,4160.48,3.2008
20260111,2026-01-11,2026-01-05,2026-01-01,2,Microsoft Ads,Paid Search,1,2271,117,5020.6,0,0,0,,,0.0
20260118,2026-01-18,2026-01-12,2026-01-01,2,Microsoft Ads,Paid Search,1,1722,92,3306.89,0,0,0,,,0.0
20260121,2026-01-21,2026-01-19,2026-01-01,2,Microsoft Ads,Paid Search,1,825,58,1319.74,0,0,0,,,0.0
20260125,2026-01-25,2026-01-19,2026-01-01,2,Microsoft Ads,Paid Search,1,322,33,544.2,0,0,0,,,0.0
20260205,2026-02-05,2026-02-02,2026-02-01,2,Microsoft Ads,Paid Search,1,520,25,846.94,0,0,0,,,0.0
20260211,2026-02-11,2026-02-09,2026-02-01,2,Microsoft Ads,Paid Search,1,315,33,394.65,0,0,0,,,0.0
20260217,2026-02-17,2026-02-16,2026-02-01,2,Microsoft Ads,Paid Search,1,1027,50,2055.09,0,0,0,,,0.0
20260218,2026-02-18,2026-02-16,2026-02-01,2,Microsoft Ads,Paid Search,1,0,0,0.0,0,0,0,,,
20260220,2026-02-20,2026-02-16,2026-02-01,2,Microsoft Ads,Paid Search,1,493,25,1085.32,0,0,0,,,0.0
20260226,2026-02-26,2026-02-23,2026-02-01,2,Microsoft Ads,Paid Search,1,674,42,1174.08,0,0,0,,,0.0
20260305,2026-03-05,2026-03-02,2026-03-01,2,Microsoft Ads,Paid Search,1,1586,92,3461.9,0,0,0,,,0.0
20260410,2026-04-10,2026-04-06,2026-04-01,2,Microsoft Ads,Paid Search,1,531,25,923.23,0,0,0,,,0.0
20260501,2026-05-01,2026-04-27,2026-05-01,2,Microsoft Ads,Paid Search,1,1604,100,2909.94,0,0,0,,,0.0
20260505,2026-05-05,2026-05-04,2026-05-01,2,Microsoft Ads,Paid Search,1,2139,100,4529.46,0,0,0,,,0.0
20260507,2026-05-07,2026-05-04,2026-05-01,2,Microsoft Ads,Paid Search,1,310,33,530.03,0,0,0,,,0.0
20260510,2026-05-10,2026-05-04,2026-05-01,2,Microsoft Ads,Paid Search,1,812,58,1385.21,0,0,0,,,0.0
20260519,2026-05-19,2026-05-18,2026-05-01,2,Microsoft Ads,Paid Search,1,171,17,237.05,0,0,0,,,0.0
20260520,2026-05-20,2026-05-18,2026-05-01,2,Microsoft Ads,Paid Search,1,978,50,1634.53,0,0,0,,,0.0
20260526,2026-05-26,2026-05-25,2026-05-01,2,Microsoft Ads,Paid Search,1,0,0,0.0,0,0,0,,,
20260605,2026-06-05,2026-06-01,2026-06-01,2,Microsoft Ads,Paid Search,1,1205,67,1915.87,1,0,0,1915.87,,0.0
20260610,2026-06-10,2026-06-08,2026-06-01,2,Microsoft Ads,Paid Search,1,1180,67,2256.94,0,0,0,,,0.0
20260612,2026-06-12,2026-06-08,2026-06-01,2,Microsoft Ads,Paid Search,1,1567,100,2595.98,0,0,0,,,0.0
20260621,2026-06-21,2026-06-15,2026-06-01,2,Microsoft Ads,Paid Search,1,151,17,330.59,0,0,0,,,0.0
20260626,2026-06-26,2026-06-22,2026-06-01,2,Microsoft Ads,Paid Search,1,176,17,211.17,0,0,0,,,0.0
20260118,2026-01-18,2026-01-12,2026-01-01,4,YouTube Ads,Paid Video,1,94954,375,2404.58,0,0,0,,,0.0
20260119,2026-01-19,2026-01-19,2026-01-01,4,YouTube Ads,Paid Video,1,256410,1000,6919.09,0,0,0,,,0.0
20260124,2026-01-24,2026-01-19,2026-01-01,4,YouTube Ads,Paid Video,1,198242,750,4089.89,0,0,0,,,0.0
20260126,2026-01-26,2026-01-26,2026-01-01,4,YouTube Ads,Paid Video,1,375605,1625,8971.92,0,0,0,,,0.0
20260207,2026-02-07,2026-02-02,2026-02-01,4,YouTube Ads,Paid Video,1,125911,500,2939.56,0,0,0,,,0.0
20260213,2026-02-13,2026-02-09,2026-02-01,4,YouTube Ads,Paid Video,1,182298,750,4509.92,0,0,0,,,0.0
20260223,2026-02-23,2026-02-23,2026-02-01,4,YouTube Ads,Paid Video,1,390122,1375,9056.34,0,0,0,,,0.0
20260226,2026-02-26,2026-02-23,2026-02-01,4,YouTube Ads,Paid Video,1,115824,500,2968.89,0,0,0,,,0.0
20260309,2026-03-09,2026-03-09,2026-03-01,4,YouTube Ads,Paid Video,1,200810,833,4211.73,0,0,0,,,0.0
20260312,2026-03-12,2026-03-09,2026-03-01,4,YouTube Ads,Paid Video,1,212504,1042,8246.08,0,0,0,,,0.0
20260314,2026-03-14,2026-03-09,2026-03-01,4,YouTube Ads,Paid Video,1,255630,1125,8269.7,0,0,0,,,0.0
20260315,2026-03-15,2026-03-09,2026-03-01,4,YouTube Ads,Paid Video,1,81858,417,3354.14,0,0,0,,,0.0
20260323,2026-03-23,2026-03-23,2026-03-01,4,YouTube Ads,Paid Video,1,222536,1000,6935.4,0,0,0,,,0.0
20260401,2026-04-01,2026-03-30,2026-04-01,4,YouTube Ads,Paid Video,1,263489,1208,9007.82,0,0,0,,,0.0
20260403,2026-04-03,2026-03-30,2026-04-01,4,YouTube Ads,Paid Video,1,155450,750,5909.55,0,0,0,,,0.0
20260404,2026-04-04,2026-03-30,2026-04-01,4,YouTube Ads,Paid Video,1,139219,708,5056.29,0,0,0,,,0.0
20260406,2026-04-06,2026-04-06,2026-04-01,4,YouTube Ads,Paid Video,1,258615,1125,8532.07,0,0,0,,,0.0
20260413,2026-04-13,2026-04-13,2026-04-01,4,YouTube Ads,Paid Video,1,221581,1083,8490.57,0,0,0,,,0.0
20260422,2026-04-22,2026-04-20,2026-04-01,4,YouTube Ads,Paid Video,1,205212,917,6998.6,0,0,0,,,0.0
20260426,2026-04-26,2026-04-20,2026-04-01,4,YouTube Ads,Paid Video,1,216453,1042,8084.8,0,0,0,,,0.0
20260507,2026-05-07,2026-05-04,2026-05-01,4,YouTube Ads,Paid Video,1,297936,1333,9685.57,0,0,0,,,0.0
20260526,2026-05-26,2026-05-25,2026-05-01,4,YouTube Ads,Paid Video,1,157414,875,7938.06,0,0,0,,,0.0
20260622,2026-06-22,2026-06-22,2026-06-01,4,YouTube Ads,Paid Video,1,230842,1042,7801.82,0,0,0,,,0.0
20260624,2026-06-24,2026-06-22,2026-06-01,4,YouTube Ads,Paid Video,1,299174,1292,8181.1,0,0,0,,,0.0
20260626,2026-06-26,2026-06-22,2026-06-01,4,YouTube Ads,Paid Video,1,52039,292,2581.35,0,0,0,,,0.0
20260102,2026-01-02,2025-12-29,2026-01-01,6,Direct,Direct,0,0,0,0.0,11,2,24400,0.0,0.0,
20260105,2026-01-05,2026-01-05,2026-01-01,8,Partner Website,Referral,0,0,0,0.0,1,1,16300,0.0,0.0,
20260116,2026-01-16,2026-01-12,2026-01-01,7,Referral,Referral,0,0,0,0.0,7,6,85500,0.0,0.0,
20260118,2026-01-18,2026-01-12,2026-01-01,5,Organic Search,Organic,0,0,0,0.0,2,1,10500,0.0,0.0,
20260119,2026-01-19,2026-01-19,2026-01-01,5,Organic Search,Organic,0,0,0,0.0,4,2,22700,0.0,0.0,
20260111,2026-01-11,2026-01-05,2026-01-01,7,Referral,Referral,0,0,0,0.0,3,3,40400,0.0,0.0,
20260111,2026-01-11,2026-01-05,2026-01-01,5,Organic Search,Organic,0,0,0,0.0,6,2,25100,0.0,0.0,
20260112,2026-01-12,2026-01-12,2026-01-01,9,Website Chat,Direct,0,0,0,0.0,19,6,74300,0.0,0.0,
20260113,2026-01-13,2026-01-12,2026-01-01,12,Email,Email,0,0,0,0.0,1,1,15200,0.0,0.0,
20260115,2026-01-15,2026-01-12,2026-01-01,9,Website Chat,Direct,0,0,0,0.0,14,4,53000,0.0,0.0,
20260127,2026-01-27,2026-01-26,2026-01-01,7,Referral,Referral,0,0,0,0.0,6,3,38800,0.0,0.0,
20260127,2026-01-27,2026-01-26,2026-01-01,8,Partner Website,Referral,0,0,0,0.0,2,2,26400,0.0,0.0,
20260120,2026-01-20,2026-01-19,2026-01-01,6,Direct,Direct,0,0,0,0.0,9,4,57400,0.0,0.0,
20260120,2026-01-20,2026-01-19,2026-01-01,8,Partner Website,Referral,0,0,0,0.0,1,1,10000,0.0,0.0,
20260130,2026-01-30,2026-01-26,2026-01-01,7,Referral,Referral,0,0,0,0.0,3,2,22000,0.0,0.0,
20260206,2026-02-06,2026-02-02,2026-02-01,9,Website Chat,Direct,0,0,0,0.0,7,2,24500,0.0,0.0,
20260206,2026-02-06,2026-02-02,2026-02-01,7,Referral,Referral,0,0,0,0.0,2,0,0,0.0,,
20260213,2026-02-13,2026-02-09,2026-02-01,5,Organic Search,Organic,0,0,0,0.0,9,5,71300,0.0,0.0,
20260213,2026-02-13,2026-02-09,2026-02-01,8,Partner Website,Referral,0,0,0,0.0,1,1,12800,0.0,0.0,
20260213,2026-02-13,2026-02-09,2026-02-01,6,Direct,Direct,0,0,0,0.0,13,4,54500,0.0,0.0,
20260209,2026-02-09,2026-02-09,2026-02-01,9,Website Chat,Direct,0,0,0,0.0,9,1,15600,0.0,0.0,
20260216,2026-02-16,2026-02-16,2026-02-01,6,Direct,Direct,0,0,0,0.0,13,6,91400,0.0,0.0,
20260217,2026-02-17,2026-02-16,2026-02-01,7,Referral,Referral,0,0,0,0.0,1,1,18900,0.0,0.0,
20260224,2026-02-24,2026-02-23,2026-02-01,7,Referral,Referral,0,0,0,0.0,4,3,40700,0.0,0.0,
20260224,2026-02-24,2026-02-23,2026-02-01,9,Website Chat,Direct,0,0,0,0.0,8,2,23400,0.0,0.0,
20260221,2026-02-21,2026-02-16,2026-02-01,5,Organic Search,Organic,0,0,0,0.0,2,1,16600,0.0,0.0,
20260222,2026-02-22,2026-02-16,2026-02-01,9,Website Chat,Direct,0,0,0,0.0,6,2,24800,0.0,0.0,
20260304,2026-03-04,2026-03-02,2026-03-01,9,Website Chat,Direct,0,0,0,0.0,4,0,0,0.0,,
20260226,2026-02-26,2026-02-23,2026-02-01,9,Website Chat,Direct,0,0,0,0.0,11,5,62000,0.0,0.0,
20260302,2026-03-02,2026-03-02,2026-03-01,6,Direct,Direct,0,0,0,0.0,9,4,48900,0.0,0.0,
20260313,2026-03-13,2026-03-09,2026-03-01,6,Direct,Direct,0,0,0,0.0,16,7,101000,0.0,0.0,
20260314,2026-03-14,2026-03-09,2026-03-01,5,Organic Search,Organic,0,0,0,0.0,3,2,23500,0.0,0.0,
20260308,2026-03-08,2026-03-02,2026-03-01,9,Website Chat,Direct,0,0,0,0.0,5,1,14100,0.0,0.0,
20260308,2026-03-08,2026-03-02,2026-03-01,6,Direct,Direct,0,0,0,0.0,9,4,67800,0.0,0.0,
20260312,2026-03-12,2026-03-09,2026-03-01,5,Organic Search,Organic,0,0,0,0.0,4,1,13800,0.0,0.0,
20260312,2026-03-12,2026-03-09,2026-03-01,8,Partner Website,Referral,0,0,0,0.0,2,2,27600,0.0,0.0,
20260319,2026-03-19,2026-03-16,2026-03-01,7,Referral,Referral,0,0,0,0.0,7,5,70800,0.0,0.0,
20260330,2026-03-30,2026-03-30,2026-03-01,6,Direct,Direct,0,0,0,0.0,20,7,100000,0.0,0.0,
20260404,2026-04-04,2026-03-30,2026-04-01,7,Referral,Referral,0,0,0,0.0,5,3,38400,0.0,0.0,
20260405,2026-04-05,2026-03-30,2026-04-01,9,Website Chat,Direct,0,0,0,0.0,8,3,36000,0.0,0.0,
20260405,2026-04-05,2026-03-30,2026-04-01,6,Direct,Direct,0,0,0,0.0,12,5,64300,0.0,0.0,
20260401,2026-04-01,2026-03-30,2026-04-01,5,Organic Search,Organic,0,0,0,0.0,15,8,109100,0.0,0.0,
20260407,2026-04-07,2026-04-06,2026-04-01,7,Referral,Referral,0,0,0,0.0,3,3,41400,0.0,0.0,
20260413,2026-04-13,2026-04-13,2026-04-01,7,Referral,Referral,0,0,0,0.0,3,2,26600,0.0,0.0,
20260408,2026-04-08,2026-04-06,2026-04-01,6,Direct,Direct,0,0,0,0.0,8,4,52900,0.0,0.0,
20260410,2026-04-10,2026-04-06,2026-04-01,5,Organic Search,Organic,0,0,0,0.0,5,2,23600,0.0,0.0,
20260410,2026-04-10,2026-04-06,2026-04-01,9,Website Chat,Direct,0,0,0,0.0,12,3,32900,0.0,0.0,
20260410,2026-04-10,2026-04-06,2026-04-01,7,Referral,Referral,0,0,0,0.0,6,5,70500,0.0,0.0,
20260422,2026-04-22,2026-04-20,2026-04-01,7,Referral,Referral,0,0,0,0.0,3,2,25400,0.0,0.0,
20260423,2026-04-23,2026-04-20,2026-04-01,7,Referral,Referral,0,0,0,0.0,5,4,53400,0.0,0.0,
20260429,2026-04-29,2026-04-27,2026-04-01,6,Direct,Direct,0,0,0,0.0,22,6,86200,0.0,0.0,
20260425,2026-04-25,2026-04-20,2026-04-01,9,Website Chat,Direct,0,0,0,0.0,5,0,0,0.0,,
20260426,2026-04-26,2026-04-20,2026-04-01,9,Website Chat,Direct,0,0,0,0.0,9,2,28500,0.0,0.0,
20260426,2026-04-26,2026-04-20,2026-04-01,5,Organic Search,Organic,0,0,0,0.0,2,2,23900,0.0,0.0,
20260427,2026-04-27,2026-04-27,2026-04-01,5,Organic Search,Organic,0,0,0,0.0,15,9,122300,0.0,0.0,
20260427,2026-04-27,2026-04-27,2026-04-01,7,Referral,Referral,0,0,0,0.0,5,2,27300,0.0,0.0,
20260428,2026-04-28,2026-04-27,2026-04-01,9,Website Chat,Direct,0,0,0,0.0,12,2,20900,0.0,0.0,
20260430,2026-04-30,2026-04-27,2026-04-01,6,Direct,Direct,0,0,0,0.0,15,6,98200,0.0,0.0,
20260502,2026-05-02,2026-04-27,2026-05-01,15,Unknown,Other,0,0,0,0.0,1,1,13300,0.0,0.0,
20260507,2026-05-07,2026-05-04,2026-05-01,6,Direct,Direct,0,0,0,0.0,19,5,69200,0.0,0.0,
20260514,2026-05-14,2026-05-11,2026-05-01,15,Unknown,Other,0,0,0,0.0,1,1,10100,0.0,0.0,
20260509,2026-05-09,2026-05-04,2026-05-01,9,Website Chat,Direct,0,0,0,0.0,7,2,23200,0.0,0.0,
20260509,2026-05-09,2026-05-04,2026-05-01,7,Referral,Referral,0,0,0,0.0,3,3,40800,0.0,0.0,
20260528,2026-05-28,2026-05-25,2026-05-01,9,Website Chat,Direct,0,0,0,0.0,12,6,70500,0.0,0.0,
20260612,2026-06-12,2026-06-08,2026-06-01,6,Direct,Direct,0,0,0,0.0,28,8,109500,0.0,0.0,
20260613,2026-06-13,2026-06-08,2026-06-01,5,Organic Search,Organic,0,0,0,0.0,6,3,46900,0.0,0.0,
20260613,2026-06-13,2026-06-08,2026-06-01,9,Website Chat,Direct,0,0,0,0.0,3,1,9900,0.0,0.0,
20260629,2026-06-29,2026-06-29,2026-06-01,9,Website Chat,Direct,0,0,0,0.0,22,7,99100,0.0,0.0,
20260614,2026-06-14,2026-06-08,2026-06-01,8,Partner Website,Referral,0,0,0,0.0,1,1,12900,0.0,0.0,
20260616,2026-06-16,2026-06-15,2026-06-01,9,Website Chat,Direct,0,0,0,0.0,11,1,11600,0.0,0.0,
20260616,2026-06-16,2026-06-15,2026-06-01,7,Referral,Referral,0,0,0,0.0,6,4,61500,0.0,0.0,
20260517,2026-05-17,2026-05-11,2026-05-01,8,Partner Website,Referral,0,0,0,0.0,2,2,24100,0.0,0.0,
20260602,2026-06-02,2026-06-01,2026-06-01,6,Direct,Direct,0,0,0,0.0,17,5,73700,0.0,0.0,
20260617,2026-06-17,2026-06-15,2026-06-01,7,Referral,Referral,0,0,0,0.0,5,5,74100,0.0,0.0,
20260518,2026-05-18,2026-05-18,2026-05-01,5,Organic Search,Organic,0,0,0,0.0,6,5,67700,0.0,0.0,
20260603,2026-06-03,2026-06-01,2026-06-01,6,Direct,Direct,0,0,0,0.0,13,4,56500,0.0,0.0,
20260603,2026-06-03,2026-06-01,2026-06-01,15,Unknown,Other,0,0,0,0.0,1,0,0,0.0,,
20260605,2026-06-05,2026-06-01,2026-06-01,9,Website Chat,Direct,0,0,0,0.0,16,2,24500,0.0,0.0,
20260605,2026-06-05,2026-06-01,2026-06-01,5,Organic Search,Organic,0,0,0,0.0,7,2,24800,0.0,0.0,
20260521,2026-05-21,2026-05-18,2026-05-01,6,Direct,Direct,0,0,0,0.0,22,5,71900,0.0,0.0,
20260606,2026-06-06,2026-06-01,2026-06-01,6,Direct,Direct,0,0,0,0.0,12,3,51100,0.0,0.0,
20260621,2026-06-21,2026-06-15,2026-06-01,6,Direct,Direct,0,0,0,0.0,16,8,115700,0.0,0.0,
20260621,2026-06-21,2026-06-15,2026-06-01,8,Partner Website,Referral,0,0,0,0.0,1,1,11800,0.0,0.0,
20260607,2026-06-07,2026-06-01,2026-06-01,8,Partner Website,Referral,0,0,0,0.0,1,1,11100,0.0,0.0,
20260524,2026-05-24,2026-05-18,2026-05-01,7,Referral,Referral,0,0,0,0.0,2,2,34100,0.0,0.0,
20260609,2026-06-09,2026-06-08,2026-06-01,6,Direct,Direct,0,0,0,0.0,14,1,12200,0.0,0.0,
20260525,2026-05-25,2026-05-25,2026-05-01,9,Website Chat,Direct,0,0,0,0.0,16,2,24100,0.0,0.0,
20260526,2026-05-26,2026-05-25,2026-05-01,5,Organic Search,Organic,0,0,0,0.0,5,1,12400,0.0,0.0,
20260527,2026-05-27,2026-05-25,2026-05-01,9,Website Chat,Direct,0,0,0,0.0,6,2,21400,0.0,0.0,
20260527,2026-05-27,2026-05-25,2026-05-01,8,Partner Website,Referral,0,0,0,0.0,1,1,14600,0.0,0.0,
20260611,2026-06-11,2026-06-08,2026-06-01,15,Unknown,Other,0,0,0,0.0,1,1,12800,0.0,0.0,
20260612,2026-06-12,2026-06-08,2026-06-01,15,Unknown,Other,0,0,0,0.0,2,2,22700,0.0,0.0,
20260627,2026-06-27,2026-06-22,2026-06-01,10,Click2Call,Direct,0,0,0,0.0,1,1,12400,0.0,0.0,
20260103,2026-01-03,2025-12-29,2026-01-01,3,Meta Ads,Paid Social,1,45896,483,7492.47,0,0,0,,,0.0
20260115,2026-01-15,2026-01-12,2026-01-01,3,Meta Ads,Paid Social,1,50058,407,3773.34,0,0,0,,,0.0
20260116,2026-01-16,2026-01-12,2026-01-01,3,Meta Ads,Paid Social,1,77330,650,6768.87,0,0,0,,,0.0
20260126,2026-01-26,2026-01-26,2026-01-01,3,Meta Ads,Paid Social,1,100609,933,9405.0,1,1,13000,9405.0,9405.0,1.3822
20260205,2026-02-05,2026-02-02,2026-02-01,3,Meta Ads,Paid Social,1,35391,352,4437.25,1,0,0,4437.25,,0.0
20260220,2026-02-20,2026-02-16,2026-02-01,3,Meta Ads,Paid Social,1,58722,601,7726.83,0,0,0,,,0.0
20260221,2026-02-21,2026-02-16,2026-02-01,3,Meta Ads,Paid Social,1,74418,714,9369.15,1,0,0,9369.15,,0.0
20260224,2026-02-24,2026-02-23,2026-02-01,3,Meta Ads,Paid Social,1,64417,575,6438.74,1,0,0,6438.74,,0.0
20260226,2026-02-26,2026-02-23,2026-02-01,3,Meta Ads,Paid Social,1,59427,664,8028.65,0,0,0,,,0.0
20260310,2026-03-10,2026-03-09,2026-03-01,3,Meta Ads,Paid Social,1,60792,677,8435.05,0,0,0,,,0.0
20260314,2026-03-14,2026-03-09,2026-03-01,3,Meta Ads,Paid Social,1,55989,608,8318.29,0,0,0,,,0.0
20260319,2026-03-19,2026-03-16,2026-03-01,3,Meta Ads,Paid Social,1,38224,462,7033.24,1,0,0,7033.24,,0.0
20260326,2026-03-26,2026-03-23,2026-03-01,3,Meta Ads,Paid Social,1,55494,644,9518.42,0,0,0,,,0.0
20260328,2026-03-28,2026-03-23,2026-03-01,3,Meta Ads,Paid Social,1,63067,566,7198.33,0,0,0,,,0.0
20260404,2026-04-04,2026-03-30,2026-04-01,3,Meta Ads,Paid Social,1,86712,909,10954.73,1,0,0,10954.73,,0.0
20260408,2026-04-08,2026-04-06,2026-04-01,3,Meta Ads,Paid Social,1,117816,1051,11498.84,1,0,0,11498.84,,0.0
20260413,2026-04-13,2026-04-13,2026-04-01,3,Meta Ads,Paid Social,1,42617,508,6939.3,0,0,0,,,0.0
20260414,2026-04-14,2026-04-13,2026-04-01,3,Meta Ads,Paid Social,1,38987,479,7114.97,1,0,0,7114.97,,0.0
20260505,2026-05-05,2026-05-04,2026-05-01,3,Meta Ads,Paid Social,1,33638,450,5926.27,0,0,0,,,0.0
20260507,2026-05-07,2026-05-04,2026-05-01,3,Meta Ads,Paid Social,1,53425,678,8951.26,0,0,0,,,0.0
20260512,2026-05-12,2026-05-11,2026-05-01,3,Meta Ads,Paid Social,1,67526,717,11565.61,0,0,0,,,0.0
20260516,2026-05-16,2026-05-11,2026-05-01,3,Meta Ads,Paid Social,1,57185,729,11631.5,0,0,0,,,0.0
20260517,2026-05-17,2026-05-11,2026-05-01,3,Meta Ads,Paid Social,1,46427,547,8248.65,0,0,0,,,0.0
20260519,2026-05-19,2026-05-18,2026-05-01,3,Meta Ads,Paid Social,1,49638,621,9587.74,0,0,0,,,0.0
20260604,2026-06-04,2026-06-01,2026-06-01,3,Meta Ads,Paid Social,1,61182,867,10509.94,0,0,0,,,0.0
20260610,2026-06-10,2026-06-08,2026-06-01,3,Meta Ads,Paid Social,1,45327,627,8300.93,0,0,0,,,0.0
20260110,2026-01-10,2026-01-05,2026-01-01,1,Google Ads,Paid Search,1,10665,503,31378.28,13,4,51200,2413.71,7844.57,1.6317
20260113,2026-01-13,2026-01-12,2026-01-01,1,Google Ads,Paid Search,1,11623,523,38376.74,11,6,78300,3488.79,6396.12,2.0403
20260129,2026-01-29,2026-01-26,2026-01-01,1,Google Ads,Paid Search,1,14306,635,43552.24,17,4,61300,2561.9,10888.06,1.4075
20260203,2026-02-03,2026-02-02,2026-02-01,1,Google Ads,Paid Search,1,14179,601,41678.0,7,2,24900,5954.0,20839.0,0.5974
20260208,2026-02-08,2026-02-02,2026-02-01,1,Google Ads,Paid Search,1,18727,828,56307.03,14,6,88800,4021.93,9384.51,1.5771
20260210,2026-02-10,2026-02-09,2026-02-01,1,Google Ads,Paid Search,1,10951,480,33014.89,11,5,66500,3001.35,6602.98,2.0142
20260211,2026-02-11,2026-02-09,2026-02-01,1,Google Ads,Paid Search,1,16965,753,42593.24,20,9,139600,2129.66,4732.58,3.2775
20260221,2026-02-21,2026-02-16,2026-02-01,1,Google Ads,Paid Search,1,19186,850,54367.0,23,11,138300,2363.78,4942.45,2.5438
20260222,2026-02-22,2026-02-16,2026-02-01,1,Google Ads,Paid Search,1,12069,524,33798.16,10,4,58000,3379.82,8449.54,1.7161
20260223,2026-02-23,2026-02-23,2026-02-01,1,Google Ads,Paid Search,1,20791,912,63258.34,20,10,132100,3162.92,6325.83,2.0883
20260226,2026-02-26,2026-02-23,2026-02-01,1,Google Ads,Paid Search,1,20318,851,53053.88,18,7,87200,2947.44,7579.13,1.6436
20260227,2026-02-27,2026-02-23,2026-02-01,1,Google Ads,Paid Search,1,14214,600,35315.56,16,10,139000,2207.22,3531.56,3.9359
20260303,2026-03-03,2026-03-02,2026-03-01,1,Google Ads,Paid Search,1,16108,577,31660.05,10,7,102700,3166.01,4522.86,3.2438
20260305,2026-03-05,2026-03-02,2026-03-01,1,Google Ads,Paid Search,1,19580,743,45938.08,20,9,131100,2296.9,5104.23,2.8538
20260309,2026-03-09,2026-03-09,2026-03-01,1,Google Ads,Paid Search,1,17746,739,49936.49,20,6,71800,2496.82,8322.75,1.4378
20260317,2026-03-17,2026-03-16,2026-03-01,1,Google Ads,Paid Search,1,16037,706,42868.08,18,8,111100,2381.56,5358.51,2.5917
20260318,2026-03-18,2026-03-16,2026-03-01,1,Google Ads,Paid Search,1,13673,594,37825.45,9,4,58900,4202.83,9456.36,1.5572
20260416,2026-04-16,2026-04-13,2026-04-01,1,Google Ads,Paid Search,1,20149,771,46805.69,14,3,46000,3343.26,15601.9,0.9828
20260421,2026-04-21,2026-04-20,2026-04-01,1,Google Ads,Paid Search,1,19562,828,48582.08,21,8,100800,2313.43,6072.76,2.0748
20260502,2026-05-02,2026-04-27,2026-05-01,1,Google Ads,Paid Search,1,16915,691,41129.49,11,3,42600,3739.04,13709.83,1.0358
20260503,2026-05-03,2026-04-27,2026-05-01,1,Google Ads,Paid Search,1,17538,624,35638.14,7,4,50400,5091.16,8909.54,1.4142
20260504,2026-05-04,2026-05-04,2026-05-01,1,Google Ads,Paid Search,1,22612,990,72650.66,22,9,126800,3302.3,8072.3,1.7453
20260506,2026-05-06,2026-05-04,2026-05-01,1,Google Ads,Paid Search,1,32922,1313,82505.59,35,14,212400,2357.3,5893.26,2.5744
20260519,2026-05-19,2026-05-18,2026-05-01,1,Google Ads,Paid Search,1,24021,980,73288.37,23,9,143500,3186.45,8143.15,1.958
20260523,2026-05-23,2026-05-18,2026-05-01,1,Google Ads,Paid Search,1,14522,638,40901.43,12,4,51700,3408.45,10225.36,1.264
20260529,2026-05-29,2026-05-25,2026-05-01,1,Google Ads,Paid Search,1,24906,1027,64308.69,25,11,144200,2572.35,5846.24,2.2423
20260607,2026-06-07,2026-06-01,2026-06-01,1,Google Ads,Paid Search,1,14745,627,37638.29,16,3,43500,2352.39,12546.1,1.1557
20260612,2026-06-12,2026-06-08,2026-06-01,1,Google Ads,Paid Search,1,29210,1221,72737.08,36,17,250700,2020.47,4278.65,3.4467
20260614,2026-06-14,2026-06-08,2026-06-01,1,Google Ads,Paid Search,1,17015,618,37699.24,14,5,59200,2692.8,7539.85,1.5703
20260623,2026-06-23,2026-06-22,2026-06-01,1,Google Ads,Paid Search,1,14889,530,31197.0,12,1,13400,2599.75,31197.0,0.4295
20260627,2026-06-27,2026-06-22,2026-06-01,1,Google Ads,Paid Search,1,16231,614,35719.98,19,7,99200,1880.0,5102.85,2.7772
20260116,2026-01-16,2026-01-12,2026-01-01,2,Microsoft Ads,Paid Search,1,524,25,1011.68,0,0,0,,,0.0
20260117,2026-01-17,2026-01-12,2026-01-01,2,Microsoft Ads,Paid Search,1,1159,67,1900.86,0,0,0,,,0.0
20260120,2026-01-20,2026-01-19,2026-01-01,2,Microsoft Ads,Paid Search,1,1001,75,1545.34,0,0,0,,,0.0
20260210,2026-02-10,2026-02-09,2026-02-01,2,Microsoft Ads,Paid Search,1,1198,67,2160.14,0,0,0,,,0.0
20260222,2026-02-22,2026-02-16,2026-02-01,2,Microsoft Ads,Paid Search,1,2290,142,3264.04,0,0,0,,,0.0
20260311,2026-03-11,2026-03-09,2026-03-01,2,Microsoft Ads,Paid Search,1,349,33,543.92,0,0,0,,,0.0
20260324,2026-03-24,2026-03-23,2026-03-01,2,Microsoft Ads,Paid Search,1,844,58,1476.08,0,0,0,,,0.0
20260408,2026-04-08,2026-04-06,2026-04-01,2,Microsoft Ads,Paid Search,1,1918,100,4068.89,0,0,0,,,0.0
20260409,2026-04-09,2026-04-06,2026-04-01,2,Microsoft Ads,Paid Search,1,2008,125,3573.52,0,0,0,,,0.0
20260411,2026-04-11,2026-04-06,2026-04-01,2,Microsoft Ads,Paid Search,1,1708,92,3065.03,0,0,0,,,0.0
20260506,2026-05-06,2026-05-04,2026-05-01,2,Microsoft Ads,Paid Search,1,2785,142,4870.59,0,0,0,,,0.0
20260508,2026-05-08,2026-05-04,2026-05-01,2,Microsoft Ads,Paid Search,1,1099,50,1565.86,0,0,0,,,0.0
20260513,2026-05-13,2026-05-11,2026-05-01,2,Microsoft Ads,Paid Search,1,1840,108,3421.67,0,0,0,,,0.0
20260531,2026-05-31,2026-05-25,2026-05-01,2,Microsoft Ads,Paid Search,1,1243,67,1933.59,0,0,0,,,0.0
20260607,2026-06-07,2026-06-01,2026-06-01,2,Microsoft Ads,Paid Search,1,1059,50,1575.2,0,0,0,,,0.0
20260615,2026-06-15,2026-06-15,2026-06-01,2,Microsoft Ads,Paid Search,1,354,33,498.27,0,0,0,,,0.0
20260617,2026-06-17,2026-06-15,2026-06-01,2,Microsoft Ads,Paid Search,1,476,25,832.15,0,0,0,,,0.0
20260618,2026-06-18,2026-06-15,2026-06-01,2,Microsoft Ads,Paid Search,1,1394,75,2543.04,0,0,0,,,0.0
20260620,2026-06-20,2026-06-15,2026-06-01,2,Microsoft Ads,Paid Search,1,167,17,253.64,0,0,0,,,0.0
20260624,2026-06-24,2026-06-22,2026-06-01,2,Microsoft Ads,Paid Search,1,178,17,242.45,0,0,0,,,0.0
20260131,2026-01-31,2026-01-26,2026-01-01,4,YouTube Ads,Paid Video,1,131510,500,2844.23,0,0,0,,,0.0
20260215,2026-02-15,2026-02-09,2026-02-01,4,YouTube Ads,Paid Video,1,242291,1000,5596.97,0,0,0,,,0.0
20260218,2026-02-18,2026-02-16,2026-02-01,4,YouTube Ads,Paid Video,1,267411,1000,6195.32,0,0,0,,,0.0
20260225,2026-02-25,2026-02-23,2026-02-01,4,YouTube Ads,Paid Video,1,233870,875,5434.64,0,0,0,,,0.0
20260228,2026-02-28,2026-02-23,2026-02-01,4,YouTube Ads,Paid Video,1,65666,250,1544.14,0,0,0,,,0.0
20260308,2026-03-08,2026-03-02,2026-03-01,4,YouTube Ads,Paid Video,1,213434,1042,7277.87,0,0,0,,,0.0
20260322,2026-03-22,2026-03-16,2026-03-01,4,YouTube Ads,Paid Video,1,296532,1333,9029.02,0,0,0,,,0.0
20260327,2026-03-27,2026-03-23,2026-03-01,4,YouTube Ads,Paid Video,1,255182,1208,8927.69,0,0,0,,,0.0
20260405,2026-04-05,2026-03-30,2026-04-01,4,YouTube Ads,Paid Video,1,199751,1167,11124.92,0,0,0,,,0.0
20260410,2026-04-10,2026-04-06,2026-04-01,4,YouTube Ads,Paid Video,1,319104,1417,11432.85,0,0,0,,,0.0
20260419,2026-04-19,2026-04-13,2026-04-01,4,YouTube Ads,Paid Video,1,152442,750,5826.56,0,0,0,,,0.0
20260429,2026-04-29,2026-04-27,2026-04-01,4,YouTube Ads,Paid Video,1,242424,1292,11462.17,0,0,0,,,0.0
20260430,2026-04-30,2026-04-27,2026-04-01,4,YouTube Ads,Paid Video,1,129534,708,5532.61,0,0,0,,,0.0
20260504,2026-05-04,2026-05-04,2026-05-01,4,YouTube Ads,Paid Video,1,106400,583,5582.53,0,0,0,,,0.0
20260518,2026-05-18,2026-05-18,2026-05-01,4,YouTube Ads,Paid Video,1,283939,1208,9701.86,0,0,0,,,0.0
20260524,2026-05-24,2026-05-18,2026-05-01,4,YouTube Ads,Paid Video,1,178879,917,7933.7,0,0,0,,,0.0
20260610,2026-06-10,2026-06-08,2026-06-01,4,YouTube Ads,Paid Video,1,169431,833,6489.29,0,0,0,,,0.0
20260629,2026-06-29,2026-06-29,2026-06-01,4,YouTube Ads,Paid Video,1,30691,125,848.19,0,0,0,,,0.0
20260108,2026-01-08,2026-01-05,2026-01-01,5,Organic Search,Organic,0,0,0,0.0,5,1,9700,0.0,0.0,
20260102,2026-01-02,2025-12-29,2026-01-01,7,Referral,Referral,0,0,0,0.0,2,2,30100,0.0,0.0,
20260102,2026-01-02,2025-12-29,2026-01-01,9,Website Chat,Direct,0,0,0,0.0,3,0,0,0.0,,
20260103,2026-01-03,2025-12-29,2026-01-01,5,Organic Search,Organic,0,0,0,0.0,5,1,13000,0.0,0.0,
20260109,2026-01-09,2026-01-05,2026-01-01,6,Direct,Direct,0,0,0,0.0,15,4,70700,0.0,0.0,
20260118,2026-01-18,2026-01-12,2026-01-01,15,Unknown,Other,0,0,0,0.0,1,1,11900,0.0,0.0,
20260111,2026-01-11,2026-01-05,2026-01-01,6,Direct,Direct,0,0,0,0.0,7,2,30100,0.0,0.0,
20260114,2026-01-14,2026-01-12,2026-01-01,6,Direct,Direct,0,0,0,0.0,17,4,59900,0.0,0.0,
20260129,2026-01-29,2026-01-26,2026-01-01,6,Direct,Direct,0,0,0,0.0,13,6,80500,0.0,0.0,
20260130,2026-01-30,2026-01-26,2026-01-01,5,Organic Search,Organic,0,0,0,0.0,5,2,24700,0.0,0.0,
20260130,2026-01-30,2026-01-26,2026-01-01,6,Direct,Direct,0,0,0,0.0,16,7,109100,0.0,0.0,
20260130,2026-01-30,2026-01-26,2026-01-01,8,Partner Website,Referral,0,0,0,0.0,1,1,12200,0.0,0.0,
20260131,2026-01-31,2026-01-26,2026-01-01,5,Organic Search,Organic,0,0,0,0.0,8,5,59300,0.0,0.0,
20260206,2026-02-06,2026-02-02,2026-02-01,5,Organic Search,Organic,0,0,0,0.0,5,3,43300,0.0,0.0,
20260203,2026-02-03,2026-02-02,2026-02-01,9,Website Chat,Direct,0,0,0,0.0,9,1,14300,0.0,0.0,
20260203,2026-02-03,2026-02-02,2026-02-01,7,Referral,Referral,0,0,0,0.0,1,1,10000,0.0,0.0,
20260214,2026-02-14,2026-02-09,2026-02-01,9,Website Chat,Direct,0,0,0,0.0,4,0,0,0.0,,
20260215,2026-02-15,2026-02-09,2026-02-01,6,Direct,Direct,0,0,0,0.0,11,2,28700,0.0,0.0,
20260212,2026-02-12,2026-02-09,2026-02-01,13,Content,Organic,0,0,0,0.0,1,0,0,0.0,,
20260224,2026-02-24,2026-02-23,2026-02-01,5,Organic Search,Organic,0,0,0,0.0,3,0,0,0.0,,
20260218,2026-02-18,2026-02-16,2026-02-01,5,Organic Search,Organic,0,0,0,0.0,5,2,35200,0.0,0.0,
20260218,2026-02-18,2026-02-16,2026-02-01,8,Partner Website,Referral,0,0,0,0.0,4,4,50100,0.0,0.0,
20260221,2026-02-21,2026-02-16,2026-02-01,6,Direct,Direct,0,0,0,0.0,9,5,65000,0.0,0.0,
20260223,2026-02-23,2026-02-23,2026-02-01,6,Direct,Direct,0,0,0,0.0,17,4,66100,0.0,0.0,
20260223,2026-02-23,2026-02-23,2026-02-01,7,Referral,Referral,0,0,0,0.0,6,5,73900,0.0,0.0,
20260303,2026-03-03,2026-03-02,2026-03-01,7,Referral,Referral,0,0,0,0.0,7,5,65800,0.0,0.0,
20260305,2026-03-05,2026-03-02,2026-03-01,9,Website Chat,Direct,0,0,0,0.0,5,3,29700,0.0,0.0,
20260227,2026-02-27,2026-02-23,2026-02-01,14,Other,Other,0,0,0,0.0,1,0,0,0.0,,
20260301,2026-03-01,2026-02-23,2026-03-01,7,Referral,Referral,0,0,0,0.0,2,1,17100,0.0,0.0,
20260302,2026-03-02,2026-03-02,2026-03-01,9,Website Chat,Direct,0,0,0,0.0,11,1,11100,0.0,0.0,
20260302,2026-03-02,2026-03-02,2026-03-01,7,Referral,Referral,0,0,0,0.0,1,1,11800,0.0,0.0,
20260306,2026-03-06,2026-03-02,2026-03-01,9,Website Chat,Direct,0,0,0,0.0,12,1,16600,0.0,0.0,
20260306,2026-03-06,2026-03-02,2026-03-01,8,Partner Website,Referral,0,0,0,0.0,2,2,22100,0.0,0.0,
20260313,2026-03-13,2026-03-09,2026-03-01,5,Organic Search,Organic,0,0,0,0.0,4,3,38600,0.0,0.0,
20260308,2026-03-08,2026-03-02,2026-03-01,5,Organic Search,Organic,0,0,0,0.0,4,3,48200,0.0,0.0,
20260309,2026-03-09,2026-03-09,2026-03-01,5,Organic Search,Organic,0,0,0,0.0,5,2,28300,0.0,0.0,
20260320,2026-03-20,2026-03-16,2026-03-01,13,Content,Organic,0,0,0,0.0,1,0,0,0.0,,
20260323,2026-03-23,2026-03-23,2026-03-01,5,Organic Search,Organic,0,0,0,0.0,11,3,53000,0.0,0.0,
20260323,2026-03-23,2026-03-23,2026-03-01,6,Direct,Direct,0,0,0,0.0,16,9,132200,0.0,0.0,
20260318,2026-03-18,2026-03-16,2026-03-01,6,Direct,Direct,0,0,0,0.0,9,3,48200,0.0,0.0,
20260319,2026-03-19,2026-03-16,2026-03-01,6,Direct,Direct,0,0,0,0.0,15,4,61400,0.0,0.0,
20260323,2026-03-23,2026-03-23,2026-03-01,15,Unknown,Other,0,0,0,0.0,1,1,14100,0.0,0.0,
20260324,2026-03-24,2026-03-23,2026-03-01,5,Organic Search,Organic,0,0,0,0.0,8,3,40500,0.0,0.0,
20260324,2026-03-24,2026-03-23,2026-03-01,7,Referral,Referral,0,0,0,0.0,4,3,36700,0.0,0.0,
20260331,2026-03-31,2026-03-30,2026-03-01,9,Website Chat,Direct,0,0,0,0.0,13,1,8800,0.0,0.0,
20260331,2026-03-31,2026-03-30,2026-03-01,15,Unknown,Other,0,0,0,0.0,1,1,14700,0.0,0.0,
20260327,2026-03-27,2026-03-23,2026-03-01,9,Website Chat,Direct,0,0,0,0.0,11,2,25500,0.0,0.0,
20260329,2026-03-29,2026-03-23,2026-03-01,7,Referral,Referral,0,0,0,0.0,3,1,14000,0.0,0.0,
20260329,2026-03-29,2026-03-23,2026-03-01,9,Website Chat,Direct,0,0,0,0.0,7,2,24800,0.0,0.0,
20260406,2026-04-06,2026-04-06,2026-04-01,5,Organic Search,Organic,0,0,0,0.0,9,4,65800,0.0,0.0,
20260406,2026-04-06,2026-04-06,2026-04-01,9,Website Chat,Direct,0,0,0,0.0,15,4,48100,0.0,0.0,
20260401,2026-04-01,2026-03-30,2026-04-01,9,Website Chat,Direct,0,0,0,0.0,16,3,36300,0.0,0.0,
20260403,2026-04-03,2026-03-30,2026-04-01,9,Website Chat,Direct,0,0,0,0.0,15,3,34400,0.0,0.0,
20260406,2026-04-06,2026-04-06,2026-04-01,6,Direct,Direct,0,0,0,0.0,16,7,95100,0.0,0.0,
20260407,2026-04-07,2026-04-06,2026-04-01,5,Organic Search,Organic,0,0,0,0.0,7,3,39000,0.0,0.0,
20260407,2026-04-07,2026-04-06,2026-04-01,6,Direct,Direct,0,0,0,0.0,14,3,43000,0.0,0.0,
20260414,2026-04-14,2026-04-13,2026-04-01,9,Website Chat,Direct,0,0,0,0.0,12,0,0,0.0,,
20260408,2026-04-08,2026-04-06,2026-04-01,8,Partner Website,Referral,0,0,0,0.0,1,1,11600,0.0,0.0,
20260411,2026-04-11,2026-04-06,2026-04-01,7,Referral,Referral,0,0,0,0.0,4,4,54400,0.0,0.0,
20260419,2026-04-19,2026-04-13,2026-04-01,5,Organic Search,Organic,0,0,0,0.0,4,0,0,0.0,,
20260421,2026-04-21,2026-04-20,2026-04-01,9,Website Chat,Direct,0,0,0,0.0,10,3,39000,0.0,0.0,
20260417,2026-04-17,2026-04-13,2026-04-01,7,Referral,Referral,0,0,0,0.0,2,1,12000,0.0,0.0,
20260424,2026-04-24,2026-04-20,2026-04-01,6,Direct,Direct,0,0,0,0.0,13,2,30600,0.0,0.0,
20260424,2026-04-24,2026-04-20,2026-04-01,9,Website Chat,Direct,0,0,0,0.0,12,3,39300,0.0,0.0,
20260428,2026-04-28,2026-04-27,2026-04-01,5,Organic Search,Organic,0,0,0,0.0,7,3,41100,0.0,0.0,
20260428,2026-04-28,2026-04-27,2026-04-01,7,Referral,Referral,0,0,0,0.0,4,4,54900,0.0,0.0,
20260428,2026-04-28,2026-04-27,2026-04-01,8,Partner Website,Referral,0,0,0,0.0,1,1,21400,0.0,0.0,
20260505,2026-05-05,2026-05-04,2026-05-01,9,Website Chat,Direct,0,0,0,0.0,8,1,9600,0.0,0.0,
20260506,2026-05-06,2026-05-04,2026-05-01,7,Referral,Referral,0,0,0,0.0,2,1,10400,0.0,0.0,
20260501,2026-05-01,2026-04-27,2026-05-01,6,Direct,Direct,0,0,0,0.0,13,1,13800,0.0,0.0,
20260502,2026-05-02,2026-04-27,2026-05-01,9,Website Chat,Direct,0,0,0,0.0,4,1,14900,0.0,0.0,
20260503,2026-05-03,2026-04-27,2026-05-01,8,Partner Website,Referral,0,0,0,0.0,1,1,13600,0.0,0.0,
20260507,2026-05-07,2026-05-04,2026-05-01,5,Organic Search,Organic,0,0,0,0.0,6,2,40800,0.0,0.0,
20260508,2026-05-08,2026-05-04,2026-05-01,6,Direct,Direct,0,0,0,0.0,13,5,60600,0.0,0.0,
20260514,2026-05-14,2026-05-11,2026-05-01,6,Direct,Direct,0,0,0,0.0,20,8,105500,0.0,0.0,
20260510,2026-05-10,2026-05-04,2026-05-01,9,Website Chat,Direct,0,0,0,0.0,10,6,80600,0.0,0.0,
20260511,2026-05-11,2026-05-11,2026-05-01,9,Website Chat,Direct,0,0,0,0.0,9,2,24700,0.0,0.0,
20260612,2026-06-12,2026-06-08,2026-06-01,9,Website Chat,Direct,0,0,0,0.0,15,5,67100,0.0,0.0,
20260529,2026-05-29,2026-05-25,2026-05-01,11,Social Organic,Organic,0,0,0,0.0,1,0,0,0.0,,
20260530,2026-05-30,2026-05-25,2026-05-01,5,Organic Search,Organic,0,0,0,0.0,3,0,0,0.0,,
20260615,2026-06-15,2026-06-15,2026-06-01,9,Website Chat,Direct,0,0,0,0.0,6,1,10400,0.0,0.0,
20260515,2026-05-15,2026-05-11,2026-05-01,7,Referral,Referral,0,0,0,0.0,5,5,64900,0.0,0.0,
20260615,2026-06-15,2026-06-15,2026-06-01,8,Partner Website,Referral,0,0,0,0.0,1,1,14000,0.0,0.0,
20260517,2026-05-17,2026-05-11,2026-05-01,9,Website Chat,Direct,0,0,0,0.0,7,0,0,0.0,,
20260601,2026-06-01,2026-06-01,2026-06-01,6,Direct,Direct,0,0,0,0.0,13,3,39400,0.0,0.0,
20260518,2026-05-18,2026-05-18,2026-05-01,8,Partner Website,Referral,0,0,0,0.0,2,2,23800,0.0,0.0,
20260603,2026-06-03,2026-06-01,2026-06-01,7,Referral,Referral,0,0,0,0.0,9,7,95600,0.0,0.0,
20260621,2026-06-21,2026-06-15,2026-06-01,7,Referral,Referral,0,0,0,0.0,2,1,12700,0.0,0.0,
20260607,2026-06-07,2026-06-01,2026-06-01,5,Organic Search,Organic,0,0,0,0.0,7,2,27000,0.0,0.0,
20260608,2026-06-08,2026-06-08,2026-06-01,9,Website Chat,Direct,0,0,0,0.0,11,0,0,0.0,,
20260608,2026-06-08,2026-06-08,2026-06-01,8,Partner Website,Referral,0,0,0,0.0,1,1,11600,0.0,0.0,
20260623,2026-06-23,2026-06-22,2026-06-01,9,Website Chat,Direct,0,0,0,0.0,14,6,73600,0.0,0.0,
20260524,2026-05-24,2026-05-18,2026-05-01,9,Website Chat,Direct,0,0,0,0.0,2,1,10400,0.0,0.0,
20260609,2026-06-09,2026-06-08,2026-06-01,7,Referral,Referral,0,0,0,0.0,4,3,42300,0.0,0.0,
20260609,2026-06-09,2026-06-08,2026-06-01,8,Partner Website,Referral,0,0,0,0.0,1,1,10600,0.0,0.0,
20260626,2026-06-26,2026-06-22,2026-06-01,9,Website Chat,Direct,0,0,0,0.0,15,0,0,0.0,,
20260627,2026-06-27,2026-06-22,2026-06-01,9,Website Chat,Direct,0,0,0,0.0,11,3,36300,0.0,0.0,
20260528,2026-05-28,2026-05-25,2026-05-01,7,Referral,Referral,0,0,0,0.0,4,2,22900,0.0,0.0,
20260107,2026-01-07,2026-01-05,2026-01-01,3,Meta Ads,Paid Social,1,70610,610,7741.04,1,0,0,7741.04,,0.0
20260112,2026-01-12,2026-01-12,2026-01-01,3,Meta Ads,Paid Social,1,36224,363,5381.64,0,0,0,,,0.0
20260113,2026-01-13,2026-01-12,2026-01-01,3,Meta Ads,Paid Social,1,111705,860,9066.48,1,0,0,9066.48,,0.0
20260114,2026-01-14,2026-01-12,2026-01-01,3,Meta Ads,Paid Social,1,65856,530,5925.09,0,0,0,,,0.0
20260201,2026-02-01,2026-01-26,2026-02-01,3,Meta Ads,Paid Social,1,46686,517,6740.61,0,0,0,,,0.0
20260202,2026-02-02,2026-02-02,2026-02-01,3,Meta Ads,Paid Social,1,81563,919,8702.74,0,0,0,,,0.0
20260204,2026-02-04,2026-02-02,2026-02-01,3,Meta Ads,Paid Social,1,27457,383,4482.69,0,0,0,,,0.0
20260208,2026-02-08,2026-02-02,2026-02-01,3,Meta Ads,Paid Social,1,38590,426,4888.84,0,0,0,,,0.0
20260209,2026-02-09,2026-02-09,2026-02-01,3,Meta Ads,Paid Social,1,63450,507,5020.12,0,0,0,,,0.0
20260216,2026-02-16,2026-02-16,2026-02-01,3,Meta Ads,Paid Social,1,62895,669,8320.22,0,0,0,,,0.0
20260303,2026-03-03,2026-03-02,2026-03-01,3,Meta Ads,Paid Social,1,92436,849,11205.99,0,0,0,,,0.0
20260308,2026-03-08,2026-03-02,2026-03-01,3,Meta Ads,Paid Social,1,50815,522,7081.14,0,0,0,,,0.0
20260309,2026-03-09,2026-03-09,2026-03-01,3,Meta Ads,Paid Social,1,57807,764,11411.36,0,0,0,,,0.0
20260321,2026-03-21,2026-03-16,2026-03-01,3,Meta Ads,Paid Social,1,130855,1079,13126.42,0,0,0,,,0.0
20260322,2026-03-22,2026-03-16,2026-03-01,3,Meta Ads,Paid Social,1,68778,720,8650.66,0,0,0,,,0.0
20260324,2026-03-24,2026-03-23,2026-03-01,3,Meta Ads,Paid Social,1,55660,648,7895.35,0,0,0,,,0.0
20260418,2026-04-18,2026-04-13,2026-04-01,3,Meta Ads,Paid Social,1,37855,473,7034.43,0,0,0,,,0.0
20260419,2026-04-19,2026-04-13,2026-04-01,3,Meta Ads,Paid Social,1,44460,587,8460.25,0,0,0,,,0.0
20260423,2026-04-23,2026-04-20,2026-04-01,3,Meta Ads,Paid Social,1,39353,518,6842.64,1,1,8700,6842.64,6842.64,1.2714
20260424,2026-04-24,2026-04-20,2026-04-01,3,Meta Ads,Paid Social,1,54589,724,10952.04,0,0,0,,,0.0
20260427,2026-04-27,2026-04-27,2026-04-01,3,Meta Ads,Paid Social,1,54000,725,8907.86,1,0,0,8907.86,,0.0
20260501,2026-05-01,2026-04-27,2026-05-01,3,Meta Ads,Paid Social,1,37886,468,6285.77,0,0,0,,,0.0
20260504,2026-05-04,2026-05-04,2026-05-01,3,Meta Ads,Paid Social,1,70267,878,11491.84,0,0,0,,,0.0
20260508,2026-05-08,2026-05-04,2026-05-01,3,Meta Ads,Paid Social,1,63297,793,9938.59,1,0,0,9938.59,,0.0
20260514,2026-05-14,2026-05-11,2026-05-01,3,Meta Ads,Paid Social,1,43324,524,7096.74,0,0,0,,,0.0
20260523,2026-05-23,2026-05-18,2026-05-01,3,Meta Ads,Paid Social,1,46226,592,8166.43,1,0,0,8166.43,,0.0
20260525,2026-05-25,2026-05-25,2026-05-01,3,Meta Ads,Paid Social,1,66102,885,11933.23,1,0,0,11933.23,,0.0
20260526,2026-05-26,2026-05-25,2026-05-01,3,Meta Ads,Paid Social,1,46650,576,7771.5,0,0,0,,,0.0
20260608,2026-06-08,2026-06-08,2026-06-01,3,Meta Ads,Paid Social,1,41548,525,7194.1,0,0,0,,,0.0
20260611,2026-06-11,2026-06-08,2026-06-01,3,Meta Ads,Paid Social,1,66778,832,10716.5,1,0,0,10716.5,,0.0
20260613,2026-06-13,2026-06-08,2026-06-01,3,Meta Ads,Paid Social,1,55279,730,9045.36,0,0,0,,,0.0
20260617,2026-06-17,2026-06-15,2026-06-01,3,Meta Ads,Paid Social,1,50706,656,9650.58,1,1,17300,9650.58,9650.58,1.7926
20260620,2026-06-20,2026-06-15,2026-06-01,3,Meta Ads,Paid Social,1,23597,302,4704.12,0,0,0,,,0.0
20260101,2026-01-01,2025-12-29,2026-01-01,1,Google Ads,Paid Search,1,12371,530,35973.31,14,7,98000,2569.52,5139.04,2.7242
20260108,2026-01-08,2026-01-05,2026-01-01,1,Google Ads,Paid Search,1,16733,766,60528.66,21,10,151400,2882.32,6052.87,2.5013
20260124,2026-01-24,2026-01-19,2026-01-01,1,Google Ads,Paid Search,1,8899,414,27625.41,12,5,71400,2302.12,5525.08,2.5846
20260207,2026-02-07,2026-02-02,2026-02-01,1,Google Ads,Paid Search,1,8513,385,22503.69,10,7,96300,2250.37,3214.81,4.2793
20260216,2026-02-16,2026-02-16,2026-02-01,1,Google Ads,Paid Search,1,8360,421,26892.55,11,6,76700,2444.78,4482.09,2.8521
20260219,2026-02-19,2026-02-16,2026-02-01,1,Google Ads,Paid Search,1,14905,650,44269.82,17,10,130900,2604.11,4426.98,2.9569
20260310,2026-03-10,2026-03-09,2026-03-01,1,Google Ads,Paid Search,1,23300,926,56562.48,19,11,147600,2976.97,5142.04,2.6095
20260321,2026-03-21,2026-03-16,2026-03-01,1,Google Ads,Paid Search,1,17548,713,43598.16,13,6,78700,3353.7,7266.36,1.8051
20260327,2026-03-27,2026-03-23,2026-03-01,1,Google Ads,Paid Search,1,14438,546,32241.01,15,3,32600,2149.4,10747.0,1.0111
20260404,2026-04-04,2026-03-30,2026-04-01,1,Google Ads,Paid Search,1,28663,1015,64057.3,20,5,75100,3202.87,12811.46,1.1724
20260410,2026-04-10,2026-04-06,2026-04-01,1,Google Ads,Paid Search,1,18988,704,46567.54,17,5,71400,2739.27,9313.51,1.5333
20260415,2026-04-15,2026-04-13,2026-04-01,1,Google Ads,Paid Search,1,20467,787,52794.23,19,9,126800,2778.64,5866.03,2.4018
20260422,2026-04-22,2026-04-20,2026-04-01,1,Google Ads,Paid Search,1,25403,993,60152.77,22,9,128200,2734.22,6683.64,2.1312
20260424,2026-04-24,2026-04-20,2026-04-01,1,Google Ads,Paid Search,1,14054,593,34679.43,13,8,124200,2667.65,4334.93,3.5814
20260427,2026-04-27,2026-04-27,2026-04-01,1,Google Ads,Paid Search,1,23675,875,53481.5,24,6,79900,2228.4,8913.58,1.494
20260505,2026-05-05,2026-05-04,2026-05-01,1,Google Ads,Paid Search,1,23329,990,72183.41,27,8,111900,2673.46,9022.93,1.5502
20260521,2026-05-21,2026-05-18,2026-05-01,1,Google Ads,Paid Search,1,25947,997,57219.11,21,12,160900,2724.72,4768.26,2.812
20260522,2026-05-22,2026-05-18,2026-05-01,1,Google Ads,Paid Search,1,15154,625,44568.41,14,8,108000,3183.46,5571.05,2.4232
20260524,2026-05-24,2026-05-18,2026-05-01,1,Google Ads,Paid Search,1,17364,688,40731.56,8,3,44200,5091.45,13577.19,1.0852
20260527,2026-05-27,2026-05-25,2026-05-01,1,Google Ads,Paid Search,1,23974,986,76106.61,22,7,88800,3459.39,10872.37,1.1668
20260621,2026-06-21,2026-06-15,2026-06-01,1,Google Ads,Paid Search,1,13063,516,35353.95,11,7,105400,3214.0,5050.56,2.9813
20260622,2026-06-22,2026-06-22,2026-06-01,1,Google Ads,Paid Search,1,15232,659,39058.28,14,5,81400,2789.88,7811.66,2.0841
20260201,2026-02-01,2026-01-26,2026-02-01,2,Microsoft Ads,Paid Search,1,677,42,1301.64,0,0,0,,,0.0
20260207,2026-02-07,2026-02-02,2026-02-01,2,Microsoft Ads,Paid Search,1,1143,67,2070.15,0,0,0,,,0.0
20260209,2026-02-09,2026-02-09,2026-02-01,2,Microsoft Ads,Paid Search,1,1218,67,2271.24,0,0,0,,,0.0
20260219,2026-02-19,2026-02-16,2026-02-01,2,Microsoft Ads,Paid Search,1,675,42,1204.22,0,0,0,,,0.0
20260221,2026-02-21,2026-02-16,2026-02-01,2,Microsoft Ads,Paid Search,1,835,58,1490.79,0,0,0,,,0.0
20260326,2026-03-26,2026-03-23,2026-03-01,2,Microsoft Ads,Paid Search,1,327,33,534.53,0,0,0,,,0.0
20260328,2026-03-28,2026-03-23,2026-03-01,2,Microsoft Ads,Paid Search,1,1809,133,3266.0,0,0,0,,,0.0
20260414,2026-04-14,2026-04-13,2026-04-01,2,Microsoft Ads,Paid Search,1,171,17,249.18,0,0,0,,,0.0
20260418,2026-04-18,2026-04-13,2026-04-01,2,Microsoft Ads,Paid Search,1,1484,100,2649.16,0,0,0,,,0.0
20260420,2026-04-20,2026-04-20,2026-04-01,2,Microsoft Ads,Paid Search,1,970,50,1915.72,0,0,0,,,0.0
20260504,2026-05-04,2026-05-04,2026-05-01,2,Microsoft Ads,Paid Search,1,1621,117,3190.5,0,0,0,,,0.0
20260522,2026-05-22,2026-05-18,2026-05-01,2,Microsoft Ads,Paid Search,1,525,50,785.49,0,0,0,,,0.0
20260623,2026-06-23,2026-06-22,2026-06-01,2,Microsoft Ads,Paid Search,1,848,58,1314.24,0,0,0,,,0.0
20260625,2026-06-25,2026-06-22,2026-06-01,2,Microsoft Ads,Paid Search,1,810,58,1415.02,0,0,0,,,0.0
20260117,2026-01-17,2026-01-12,2026-01-01,4,YouTube Ads,Paid Video,1,229827,1000,5641.1,0,0,0,,,0.0
20260128,2026-01-28,2026-01-26,2026-01-01,4,YouTube Ads,Paid Video,1,310779,1250,7422.24,0,0,0,,,0.0
20260206,2026-02-06,2026-02-02,2026-02-01,4,YouTube Ads,Paid Video,1,300543,1125,6942.84,0,0,0,,,0.0
20260219,2026-02-19,2026-02-16,2026-02-01,4,YouTube Ads,Paid Video,1,314691,1250,7575.29,0,0,0,,,0.0
20260221,2026-02-21,2026-02-16,2026-02-01,4,YouTube Ads,Paid Video,1,267353,1250,7927.49,0,0,0,,,0.0
20260313,2026-03-13,2026-03-09,2026-03-01,4,YouTube Ads,Paid Video,1,338663,1375,9611.51,0,0,0,,,0.0
20260409,2026-04-09,2026-04-06,2026-04-01,4,YouTube Ads,Paid Video,1,329586,1500,11915.36,0,0,0,,,0.0
20260427,2026-04-27,2026-04-27,2026-04-01,4,YouTube Ads,Paid Video,1,392368,1792,13921.2,0,0,0,,,0.0
20260428,2026-04-28,2026-04-27,2026-04-01,4,YouTube Ads,Paid Video,1,268747,1208,7693.6,0,0,0,,,0.0
20260511,2026-05-11,2026-05-11,2026-05-01,4,YouTube Ads,Paid Video,1,255765,1250,9617.05,0,0,0,,,0.0
20260514,2026-05-14,2026-05-11,2026-05-01,4,YouTube Ads,Paid Video,1,150114,750,5372.89,0,0,0,,,0.0
20260515,2026-05-15,2026-05-11,2026-05-01,4,YouTube Ads,Paid Video,1,169888,750,6211.78,0,0,0,,,0.0
20260519,2026-05-19,2026-05-18,2026-05-01,4,YouTube Ads,Paid Video,1,355822,1542,11688.54,0,0,0,,,0.0
20260521,2026-05-21,2026-05-18,2026-05-01,4,YouTube Ads,Paid Video,1,237793,1042,6522.89,0,0,0,,,0.0
20260605,2026-06-05,2026-06-01,2026-06-01,4,YouTube Ads,Paid Video,1,279592,1458,11571.82,0,0,0,,,0.0
20260607,2026-06-07,2026-06-01,2026-06-01,4,YouTube Ads,Paid Video,1,213394,1042,8232.53,0,0,0,,,0.0
20260106,2026-01-06,2026-01-05,2026-01-01,6,Direct,Direct,0,0,0,0.0,5,1,13800,0.0,0.0,
20260106,2026-01-06,2026-01-05,2026-01-01,15,Unknown,Other,0,0,0,0.0,1,1,11700,0.0,0.0,
20260107,2026-01-07,2026-01-05,2026-01-01,9,Website Chat,Direct,0,0,0,0.0,8,4,53800,0.0,0.0,
20260108,2026-01-08,2026-01-05,2026-01-01,6,Direct,Direct,0,0,0,0.0,7,0,0,0.0,,
20260101,2026-01-01,2025-12-29,2026-01-01,7,Referral,Referral,0,0,0,0.0,4,3,37900,0.0,0.0,
20260102,2026-01-02,2025-12-29,2026-01-01,2,Microsoft Ads,Paid Search,1,0,0,0.0,1,0,0,0.0,,
20260103,2026-01-03,2025-12-29,2026-01-01,9,Website Chat,Direct,0,0,0,0.0,10,3,42600,0.0,0.0,
20260109,2026-01-09,2026-01-05,2026-01-01,8,Partner Website,Referral,0,0,0,0.0,1,1,11400,0.0,0.0,
20260116,2026-01-16,2026-01-12,2026-01-01,9,Website Chat,Direct,0,0,0,0.0,9,4,57300,0.0,0.0,
20260119,2026-01-19,2026-01-19,2026-01-01,7,Referral,Referral,0,0,0,0.0,3,3,39600,0.0,0.0,
20260110,2026-01-10,2026-01-05,2026-01-01,7,Referral,Referral,0,0,0,0.0,1,1,14200,0.0,0.0,
20260114,2026-01-14,2026-01-12,2026-01-01,9,Website Chat,Direct,0,0,0,0.0,7,3,33100,0.0,0.0,
20260129,2026-01-29,2026-01-26,2026-01-01,5,Organic Search,Organic,0,0,0,0.0,11,5,60500,0.0,0.0,
20260120,2026-01-20,2026-01-19,2026-01-01,9,Website Chat,Direct,0,0,0,0.0,6,0,0,0.0,,
20260121,2026-01-21,2026-01-19,2026-01-01,8,Partner Website,Referral,0,0,0,0.0,1,1,11400,0.0,0.0,
20260121,2026-01-21,2026-01-19,2026-01-01,5,Organic Search,Organic,0,0,0,0.0,4,0,0,0.0,,
20260123,2026-01-23,2026-01-19,2026-01-01,5,Organic Search,Organic,0,0,0,0.0,8,2,26300,0.0,0.0,
20260123,2026-01-23,2026-01-19,2026-01-01,8,Partner Website,Referral,0,0,0,0.0,1,1,15400,0.0,0.0,
20260131,2026-01-31,2026-01-26,2026-01-01,9,Website Chat,Direct,0,0,0,0.0,11,2,23800,0.0,0.0,
20260205,2026-02-05,2026-02-02,2026-02-01,9,Website Chat,Direct,0,0,0,0.0,13,4,49100,0.0,0.0,
20260206,2026-02-06,2026-02-02,2026-02-01,6,Direct,Direct,0,0,0,0.0,16,4,48100,0.0,0.0,
20260207,2026-02-07,2026-02-02,2026-02-01,6,Direct,Direct,0,0,0,0.0,6,2,30400,0.0,0.0,
20260131,2026-01-31,2026-01-26,2026-01-01,15,Unknown,Other,0,0,0,0.0,2,0,0,0.0,,
20260202,2026-02-02,2026-02-02,2026-02-01,7,Referral,Referral,0,0,0,0.0,2,2,24400,0.0,0.0,
20260203,2026-02-03,2026-02-02,2026-02-01,6,Direct,Direct,0,0,0,0.0,13,4,54500,0.0,0.0,
20260204,2026-02-04,2026-02-02,2026-02-01,9,Website Chat,Direct,0,0,0,0.0,14,6,70400,0.0,0.0,
20260213,2026-02-13,2026-02-09,2026-02-01,9,Website Chat,Direct,0,0,0,0.0,18,6,74800,0.0,0.0,
20260207,2026-02-07,2026-02-02,2026-02-01,9,Website Chat,Direct,0,0,0,0.0,2,1,14800,0.0,0.0,
20260209,2026-02-09,2026-02-09,2026-02-01,7,Referral,Referral,0,0,0,0.0,5,3,38000,0.0,0.0,
20260210,2026-02-10,2026-02-09,2026-02-01,5,Organic Search,Organic,0,0,0,0.0,8,2,29600,0.0,0.0,
20260211,2026-02-11,2026-02-09,2026-02-01,9,Website Chat,Direct,0,0,0,0.0,16,3,39800,0.0,0.0,
20260211,2026-02-11,2026-02-09,2026-02-01,15,Unknown,Other,0,0,0,0.0,1,1,13300,0.0,0.0,
20260212,2026-02-12,2026-02-09,2026-02-01,5,Organic Search,Organic,0,0,0,0.0,5,1,14800,0.0,0.0,
20260217,2026-02-17,2026-02-16,2026-02-01,9,Website Chat,Direct,0,0,0,0.0,8,2,21500,0.0,0.0,
20260225,2026-02-25,2026-02-23,2026-02-01,6,Direct,Direct,0,0,0,0.0,14,4,56700,0.0,0.0,
20260223,2026-02-23,2026-02-23,2026-02-01,5,Organic Search,Organic,0,0,0,0.0,7,2,28300,0.0,0.0,
20260305,2026-03-05,2026-03-02,2026-03-01,6,Direct,Direct,0,0,0,0.0,16,4,61200,0.0,0.0,
20260227,2026-02-27,2026-02-23,2026-02-01,7,Referral,Referral,0,0,0,0.0,5,3,49100,0.0,0.0,
20260227,2026-02-27,2026-02-23,2026-02-01,9,Website Chat,Direct,0,0,0,0.0,10,2,25400,0.0,0.0,
20260228,2026-02-28,2026-02-23,2026-02-01,5,Organic Search,Organic,0,0,0,0.0,2,1,12100,0.0,0.0,
20260301,2026-03-01,2026-02-23,2026-03-01,6,Direct,Direct,0,0,0,0.0,12,2,35700,0.0,0.0,
20260302,2026-03-02,2026-03-02,2026-03-01,5,Organic Search,Organic,0,0,0,0.0,2,0,0,0.0,,
20260306,2026-03-06,2026-03-02,2026-03-01,5,Organic Search,Organic,0,0,0,0.0,9,5,63400,0.0,0.0,
20260314,2026-03-14,2026-03-09,2026-03-01,9,Website Chat,Direct,0,0,0,0.0,14,7,99000,0.0,0.0,
20260310,2026-03-10,2026-03-09,2026-03-01,9,Website Chat,Direct,0,0,0,0.0,13,4,49600,0.0,0.0,
20260311,2026-03-11,2026-03-09,2026-03-01,9,Website Chat,Direct,0,0,0,0.0,11,2,19500,0.0,0.0,
20260311,2026-03-11,2026-03-09,2026-03-01,5,Organic Search,Organic,0,0,0,0.0,3,0,0,0.0,,
20260321,2026-03-21,2026-03-16,2026-03-01,8,Partner Website,Referral,0,0,0,0.0,1,1,16600,0.0,0.0,
20260322,2026-03-22,2026-03-16,2026-03-01,7,Referral,Referral,0,0,0,0.0,1,1,15000,0.0,0.0,
20260315,2026-03-15,2026-03-09,2026-03-01,5,Organic Search,Organic,0,0,0,0.0,3,2,23000,0.0,0.0,
20260316,2026-03-16,2026-03-16,2026-03-01,7,Referral,Referral,0,0,0,0.0,4,4,50800,0.0,0.0,
20260324,2026-03-24,2026-03-23,2026-03-01,9,Website Chat,Direct,0,0,0,0.0,11,2,31000,0.0,0.0,
20260325,2026-03-25,2026-03-23,2026-03-01,6,Direct,Direct,0,0,0,0.0,13,4,52700,0.0,0.0,
20260405,2026-04-05,2026-03-30,2026-04-01,5,Organic Search,Organic,0,0,0,0.0,6,4,58100,0.0,0.0,
20260405,2026-04-05,2026-03-30,2026-04-01,7,Referral,Referral,0,0,0,0.0,2,2,22100,0.0,0.0,
20260402,2026-04-02,2026-03-30,2026-04-01,9,Website Chat,Direct,0,0,0,0.0,18,5,67400,0.0,0.0,
20260413,2026-04-13,2026-04-13,2026-04-01,5,Organic Search,Organic,0,0,0,0.0,7,1,12500,0.0,0.0,
20260409,2026-04-09,2026-04-06,2026-04-01,5,Organic Search,Organic,0,0,0,0.0,10,7,98500,0.0,0.0,
20260411,2026-04-11,2026-04-06,2026-04-01,6,Direct,Direct,0,0,0,0.0,14,4,51700,0.0,0.0,
20260412,2026-04-12,2026-04-06,2026-04-01,6,Direct,Direct,0,0,0,0.0,15,10,160900,0.0,0.0,
20260420,2026-04-20,2026-04-20,2026-04-01,5,Organic Search,Organic,0,0,0,0.0,3,2,25700,0.0,0.0,
20260415,2026-04-15,2026-04-13,2026-04-01,7,Referral,Referral,0,0,0,0.0,1,1,15700,0.0,0.0,
20260418,2026-04-18,2026-04-13,2026-04-01,9,Website Chat,Direct,0,0,0,0.0,6,3,34000,0.0,0.0,
20260418,2026-04-18,2026-04-13,2026-04-01,15,Unknown,Other,0,0,0,0.0,1,1,11100,0.0,0.0,
20260423,2026-04-23,2026-04-20,2026-04-01,9,Website Chat,Direct,0,0,0,0.0,10,5,71400,0.0,0.0,
20260425,2026-04-25,2026-04-20,2026-04-01,6,Direct,Direct,0,0,0,0.0,14,6,96600,0.0,0.0,
20260426,2026-04-26,2026-04-20,2026-04-01,6,Direct,Direct,0,0,0,0.0,9,2,23200,0.0,0.0,
20260427,2026-04-27,2026-04-27,2026-04-01,6,Direct,Direct,0,0,0,0.0,16,5,67700,0.0,0.0,
20260505,2026-05-05,2026-05-04,2026-05-01,5,Organic Search,Organic,0,0,0,0.0,14,6,74500,0.0,0.0,
20260506,2026-05-06,2026-05-04,2026-05-01,6,Direct,Direct,0,0,0,0.0,24,8,106000,0.0,0.0,
20260430,2026-04-30,2026-04-27,2026-04-01,5,Organic Search,Organic,0,0,0,0.0,8,3,36400,0.0,0.0,
20260501,2026-05-01,2026-04-27,2026-05-01,9,Website Chat,Direct,0,0,0,0.0,11,3,35700,0.0,0.0,
20260502,2026-05-02,2026-04-27,2026-05-01,6,Direct,Direct,0,0,0,0.0,13,4,52800,0.0,0.0,
20260502,2026-05-02,2026-04-27,2026-05-01,7,Referral,Referral,0,0,0,0.0,2,2,23100,0.0,0.0,
20260504,2026-05-04,2026-05-04,2026-05-01,6,Direct,Direct,0,0,0,0.0,18,6,95000,0.0,0.0,
20260511,2026-05-11,2026-05-11,2026-05-01,5,Organic Search,Organic,0,0,0,0.0,8,3,36800,0.0,0.0,
20260512,2026-05-12,2026-05-11,2026-05-01,15,Unknown,Other,0,0,0,0.0,1,1,11600,0.0,0.0,
20260512,2026-05-12,2026-05-11,2026-05-01,9,Website Chat,Direct,0,0,0,0.0,8,2,26900,0.0,0.0,
20260529,2026-05-29,2026-05-25,2026-05-01,7,Referral,Referral,0,0,0,0.0,8,4,55000,0.0,0.0,
20260614,2026-06-14,2026-06-08,2026-06-01,7,Referral,Referral,0,0,0,0.0,2,1,13200,0.0,0.0,
20260628,2026-06-28,2026-06-22,2026-06-01,9,Website Chat,Direct,0,0,0,0.0,11,2,25800,0.0,0.0,
20260629,2026-06-29,2026-06-29,2026-06-01,7,Referral,Referral,0,0,0,0.0,4,4,51100,0.0,0.0,
20260529,2026-05-29,2026-05-25,2026-05-01,15,Unknown,Other,0,0,0,0.0,1,1,11900,0.0,0.0,
20260515,2026-05-15,2026-05-11,2026-05-01,6,Direct,Direct,0,0,0,0.0,15,5,64900,0.0,0.0,
20260531,2026-05-31,2026-05-25,2026-05-01,7,Referral,Referral,0,0,0,0.0,2,2,32400,0.0,0.0,
20260531,2026-05-31,2026-05-25,2026-05-01,9,Website Chat,Direct,0,0,0,0.0,7,3,44700,0.0,0.0,
20260616,2026-06-16,2026-06-15,2026-06-01,5,Organic Search,Organic,0,0,0,0.0,9,3,39100,0.0,0.0,
20260516,2026-05-16,2026-05-11,2026-05-01,9,Website Chat,Direct,0,0,0,0.0,9,2,22200,0.0,0.0,
20260601,2026-06-01,2026-06-01,2026-06-01,9,Website Chat,Direct,0,0,0,0.0,10,3,39800,0.0,0.0,
20260518,2026-05-18,2026-05-18,2026-05-01,9,Website Chat,Direct,0,0,0,0.0,16,4,49600,0.0,0.0,
20260603,2026-06-03,2026-06-01,2026-06-01,9,Website Chat,Direct,0,0,0,0.0,11,1,10400,0.0,0.0,
20260618,2026-06-18,2026-06-15,2026-06-01,7,Referral,Referral,0,0,0,0.0,4,4,61600,0.0,0.0,
20260618,2026-06-18,2026-06-15,2026-06-01,5,Organic Search,Organic,0,0,0,0.0,6,1,12700,0.0,0.0,
20260604,2026-06-04,2026-06-01,2026-06-01,9,Website Chat,Direct,0,0,0,0.0,7,3,37400,0.0,0.0,
20260619,2026-06-19,2026-06-15,2026-06-01,9,Website Chat,Direct,0,0,0,0.0,12,4,55300,0.0,0.0,
20260520,2026-05-20,2026-05-18,2026-05-01,6,Direct,Direct,0,0,0,0.0,28,9,129700,0.0,0.0,
20260621,2026-06-21,2026-06-15,2026-06-01,9,Website Chat,Direct,0,0,0,0.0,8,2,24300,0.0,0.0,
20260607,2026-06-07,2026-06-01,2026-06-01,7,Referral,Referral,0,0,0,0.0,4,4,59300,0.0,0.0,
20260522,2026-05-22,2026-05-18,2026-05-01,6,Direct,Direct,0,0,0,0.0,12,2,22700,0.0,0.0,
20260624,2026-06-24,2026-06-22,2026-06-01,6,Direct,Direct,0,0,0,0.0,13,5,80800,0.0,0.0,
20260525,2026-05-25,2026-05-25,2026-05-01,7,Referral,Referral,0,0,0,0.0,2,2,23400,0.0,0.0,
20260526,2026-05-26,2026-05-25,2026-05-01,8,Partner Website,Referral,0,0,0,0.0,1,1,10300,0.0,0.0,
20260611,2026-06-11,2026-06-08,2026-06-01,7,Referral,Referral,0,0,0,0.0,3,2,29000,0.0,0.0,
20260626,2026-06-26,2026-06-22,2026-06-01,5,Organic Search,Organic,0,0,0,0.0,12,5,79500,0.0,0.0,
20260612,2026-06-12,2026-06-08,2026-06-01,7,Referral,Referral,0,0,0,0.0,4,3,43700,0.0,0.0,
20260127,2026-01-27,2026-01-26,2026-01-01,3,Meta Ads,Paid Social,1,26087,366,4950.21,0,0,0,,,0.0
20260207,2026-02-07,2026-02-02,2026-02-01,3,Meta Ads,Paid Social,1,38359,437,4755.49,0,0,0,,,0.0
20260214,2026-02-14,2026-02-09,2026-02-01,3,Meta Ads,Paid Social,1,73678,596,5073.56,0,0,0,,,0.0
20260215,2026-02-15,2026-02-09,2026-02-01,3,Meta Ads,Paid Social,1,48268,487,6157.2,0,0,0,,,0.0
20260217,2026-02-17,2026-02-16,2026-02-01,3,Meta Ads,Paid Social,1,83069,735,8123.29,0,0,0,,,0.0
20260219,2026-02-19,2026-02-16,2026-02-01,3,Meta Ads,Paid Social,1,22429,273,3943.9,0,0,0,,,0.0
20260227,2026-02-27,2026-02-23,2026-02-01,3,Meta Ads,Paid Social,1,58030,467,4768.35,1,0,0,4768.35,,0.0
20260306,2026-03-06,2026-03-02,2026-03-01,3,Meta Ads,Paid Social,1,50711,616,9647.64,0,0,0,,,0.0
20260325,2026-03-25,2026-03-23,2026-03-01,3,Meta Ads,Paid Social,1,65298,685,7671.59,0,0,0,,,0.0
20260330,2026-03-30,2026-03-30,2026-03-01,3,Meta Ads,Paid Social,1,86896,874,11560.75,0,0,0,,,0.0
20260405,2026-04-05,2026-03-30,2026-04-01,3,Meta Ads,Paid Social,1,94996,1103,12986.5,1,0,0,12986.5,,0.0
20260513,2026-05-13,2026-05-11,2026-05-01,3,Meta Ads,Paid Social,1,53161,702,10001.61,0,0,0,,,0.0
20260522,2026-05-22,2026-05-18,2026-05-01,3,Meta Ads,Paid Social,1,20908,291,3648.16,0,0,0,,,0.0
20260531,2026-05-31,2026-05-25,2026-05-01,3,Meta Ads,Paid Social,1,55272,713,9329.9,0,0,0,,,0.0
20260605,2026-06-05,2026-06-01,2026-06-01,3,Meta Ads,Paid Social,1,64565,718,8774.43,0,0,0,,,0.0
20260607,2026-06-07,2026-06-01,2026-06-01,3,Meta Ads,Paid Social,1,56044,661,9051.81,3,1,13600,3017.27,9051.81,1.5025
20260618,2026-06-18,2026-06-15,2026-06-01,3,Meta Ads,Paid Social,1,62591,741,10054.0,3,1,13600,3351.33,10054.0,1.3527
20260103,2026-01-03,2025-12-29,2026-01-01,1,Google Ads,Paid Search,1,7269,359,22037.06,7,4,49300,3148.15,5509.27,2.2371
20260112,2026-01-12,2026-01-12,2026-01-01,1,Google Ads,Paid Search,1,10436,502,32070.91,11,5,76000,2915.54,6414.18,2.3697
20260116,2026-01-16,2026-01-12,2026-01-01,1,Google Ads,Paid Search,1,9970,480,29439.83,13,5,68000,2264.6,5887.97,2.3098
20260117,2026-01-17,2026-01-12,2026-01-01,1,Google Ads,Paid Search,1,8453,403,24602.93,8,2,27000,3075.37,12301.47,1.0974
20260121,2026-01-21,2026-01-19,2026-01-01,1,Google Ads,Paid Search,1,12114,576,37590.5,17,9,115000,2211.21,4176.72,3.0593
20260201,2026-02-01,2026-01-26,2026-02-01,1,Google Ads,Paid Search,1,16077,656,41947.31,9,5,71500,4660.81,8389.46,1.7045
20260212,2026-02-12,2026-02-09,2026-02-01,1,Google Ads,Paid Search,1,16688,702,45635.22,15,9,121900,3042.35,5070.58,2.6712
20260217,2026-02-17,2026-02-16,2026-02-01,1,Google Ads,Paid Search,1,23003,954,73705.49,25,12,174100,2948.22,6142.12,2.3621
20260220,2026-02-20,2026-02-16,2026-02-01,1,Google Ads,Paid Search,1,12106,509,35022.47,10,6,88200,3502.25,5837.08,2.5184
20260228,2026-02-28,2026-02-23,2026-02-01,1,Google Ads,Paid Search,1,14568,646,42433.51,16,3,33000,2652.09,14144.5,0.7777
20260308,2026-03-08,2026-03-02,2026-03-01,1,Google Ads,Paid Search,1,12974,499,31355.28,8,2,29800,3919.41,15677.64,0.9504
20260311,2026-03-11,2026-03-09,2026-03-01,1,Google Ads,Paid Search,1,20158,799,53474.45,21,7,84800,2546.4,7639.21,1.5858
20260312,2026-03-12,2026-03-09,2026-03-01,1,Google Ads,Paid Search,1,18640,696,41114.4,14,8,103800,2936.74,5139.3,2.5247
20260325,2026-03-25,2026-03-23,2026-03-01,1,Google Ads,Paid Search,1,13020,550,36123.27,13,6,84400,2778.71,6020.55,2.3364
20260406,2026-04-06,2026-04-06,2026-04-01,1,Google Ads,Paid Search,1,26496,1092,65333.89,26,7,105100,2512.84,9333.41,1.6087
20260408,2026-04-08,2026-04-06,2026-04-01,1,Google Ads,Paid Search,1,19953,847,50177.96,21,7,96600,2389.43,7168.28,1.9251
20260414,2026-04-14,2026-04-13,2026-04-01,1,Google Ads,Paid Search,1,23333,832,48148.6,18,9,123700,2674.92,5349.84,2.5691
20260417,2026-04-17,2026-04-13,2026-04-01,1,Google Ads,Paid Search,1,13538,499,32120.74,12,5,60500,2676.73,6424.15,1.8835
20260420,2026-04-20,2026-04-20,2026-04-01,1,Google Ads,Paid Search,1,13879,534,30446.57,10,5,69900,3044.66,6089.31,2.2958
20260426,2026-04-26,2026-04-20,2026-04-01,1,Google Ads,Paid Search,1,14275,641,41386.44,11,2,23900,3762.4,20693.22,0.5775
20260508,2026-05-08,2026-05-04,2026-05-01,1,Google Ads,Paid Search,1,19221,695,40513.61,14,4,57000,2893.83,10128.4,1.4069
20260513,2026-05-13,2026-05-11,2026-05-01,1,Google Ads,Paid Search,1,26351,1007,61733.43,23,10,130000,2684.06,6173.34,2.1058
20260618,2026-06-18,2026-06-15,2026-06-01,1,Google Ads,Paid Search,1,24691,884,61571.99,24,9,120100,2565.5,6841.33,1.9506
20260112,2026-01-12,2026-01-12,2026-01-01,2,Microsoft Ads,Paid Search,1,165,17,294.27,0,0,0,,,0.0
20260122,2026-01-22,2026-01-19,2026-01-01,2,Microsoft Ads,Paid Search,1,637,42,1273.05,0,0,0,,,0.0
20260127,2026-01-27,2026-01-26,2026-01-01,2,Microsoft Ads,Paid Search,1,0,0,0.0,0,0,0,,,
20260204,2026-02-04,2026-02-02,2026-02-01,2,Microsoft Ads,Paid Search,1,1207,67,2367.44,0,0,0,,,0.0
20260224,2026-02-24,2026-02-23,2026-02-01,2,Microsoft Ads,Paid Search,1,2478,117,3867.97,0,0,0,,,0.0
20260227,2026-02-27,2026-02-23,2026-02-01,2,Microsoft Ads,Paid Search,1,1474,100,2541.09,0,0,0,,,0.0
20260228,2026-02-28,2026-02-23,2026-02-01,2,Microsoft Ads,Paid Search,1,1915,108,3421.05,0,0,0,,,0.0
20260307,2026-03-07,2026-03-02,2026-03-01,2,Microsoft Ads,Paid Search,1,480,25,942.96,0,0,0,,,0.0
20260315,2026-03-15,2026-03-09,2026-03-01,2,Microsoft Ads,Paid Search,1,1385,108,2186.03,0,0,0,,,0.0
20260316,2026-03-16,2026-03-16,2026-03-01,2,Microsoft Ads,Paid Search,1,1923,125,4008.13,0,0,0,,,0.0
20260323,2026-03-23,2026-03-23,2026-03-01,2,Microsoft Ads,Paid Search,1,2760,158,5762.79,0,0,0,,,0.0
20260325,2026-03-25,2026-03-23,2026-03-01,2,Microsoft Ads,Paid Search,1,1299,83,2477.84,0,0,0,,,0.0
20260404,2026-04-04,2026-03-30,2026-04-01,2,Microsoft Ads,Paid Search,1,855,58,1433.41,1,1,8700,1433.41,1433.41,6.0694
20260412,2026-04-12,2026-04-06,2026-04-01,2,Microsoft Ads,Paid Search,1,2081,125,3640.33,0,0,0,,,0.0
20260416,2026-04-16,2026-04-13,2026-04-01,2,Microsoft Ads,Paid Search,1,1194,67,1948.72,0,0,0,,,0.0
20260422,2026-04-22,2026-04-20,2026-04-01,2,Microsoft Ads,Paid Search,1,481,50,641.54,0,0,0,,,0.0
20260428,2026-04-28,2026-04-27,2026-04-01,2,Microsoft Ads,Paid Search,1,698,42,1250.53,0,0,0,,,0.0
20260525,2026-05-25,2026-05-25,2026-05-01,2,Microsoft Ads,Paid Search,1,359,33,481.11,0,0,0,,,0.0
20260528,2026-05-28,2026-05-25,2026-05-01,2,Microsoft Ads,Paid Search,1,1332,83,2416.44,0,0,0,,,0.0
20260529,2026-05-29,2026-05-25,2026-05-01,2,Microsoft Ads,Paid Search,1,1087,50,1797.08,0,0,0,,,0.0
20260606,2026-06-06,2026-06-01,2026-06-01,2,Microsoft Ads,Paid Search,1,172,17,295.52,0,0,0,,,0.0
20260609,2026-06-09,2026-06-08,2026-06-01,2,Microsoft Ads,Paid Search,1,1207,67,2026.77,0,0,0,,,0.0
20260611,2026-06-11,2026-06-08,2026-06-01,2,Microsoft Ads,Paid Search,1,786,58,1433.32,0,0,0,,,0.0
20260619,2026-06-19,2026-06-15,2026-06-01,2,Microsoft Ads,Paid Search,1,1502,100,2823.12,0,0,0,,,0.0
20260628,2026-06-28,2026-06-22,2026-06-01,2,Microsoft Ads,Paid Search,1,617,42,1139.03,0,0,0,,,0.0
20260629,2026-06-29,2026-06-29,2026-06-01,2,Microsoft Ads,Paid Search,1,640,42,1283.65,0,0,0,,,0.0
20260122,2026-01-22,2026-01-19,2026-01-01,4,YouTube Ads,Paid Video,1,354116,1375,7504.94,0,0,0,,,0.0
20260209,2026-02-09,2026-02-09,2026-02-01,4,YouTube Ads,Paid Video,1,250233,1000,6265.55,0,0,0,,,0.0
20260212,2026-02-12,2026-02-09,2026-02-01,4,YouTube Ads,Paid Video,1,308099,1125,7019.74,0,0,0,,,0.0
20260220,2026-02-20,2026-02-16,2026-02-01,4,YouTube Ads,Paid Video,1,376547,1625,10304.02,0,0,0,,,0.0
20260222,2026-02-22,2026-02-16,2026-02-01,4,YouTube Ads,Paid Video,1,188161,750,4523.85,0,0,0,,,0.0
20260301,2026-03-01,2026-02-23,2026-03-01,4,YouTube Ads,Paid Video,1,262619,1125,7280.81,0,0,0,,,0.0
20260306,2026-03-06,2026-03-02,2026-03-01,4,YouTube Ads,Paid Video,1,272314,1333,11997.72,0,0,0,,,0.0
20260307,2026-03-07,2026-03-02,2026-03-01,4,YouTube Ads,Paid Video,1,282555,1458,10805.49,0,0,0,,,0.0
20260311,2026-03-11,2026-03-09,2026-03-01,4,YouTube Ads,Paid Video,1,182907,792,6616.32,0,0,0,,,0.0
20260318,2026-03-18,2026-03-16,2026-03-01,4,YouTube Ads,Paid Video,1,174133,875,6129.93,0,0,0,,,0.0
20260411,2026-04-11,2026-04-06,2026-04-01,4,YouTube Ads,Paid Video,1,171703,1042,10233.39,0,0,0,,,0.0
20260505,2026-05-05,2026-05-04,2026-05-01,4,YouTube Ads,Paid Video,1,245068,1042,7504.18,0,0,0,,,0.0
20260520,2026-05-20,2026-05-18,2026-05-01,4,YouTube Ads,Paid Video,1,185743,917,7127.38,0,0,0,,,0.0
20260529,2026-05-29,2026-05-25,2026-05-01,4,YouTube Ads,Paid Video,1,272354,1375,11271.52,1,0,0,11271.52,,0.0
20260602,2026-06-02,2026-06-01,2026-06-01,4,YouTube Ads,Paid Video,1,162970,667,5073.85,0,0,0,,,0.0
20260612,2026-06-12,2026-06-08,2026-06-01,4,YouTube Ads,Paid Video,1,294677,1250,8170.38,0,0,0,,,0.0
20260613,2026-06-13,2026-06-08,2026-06-01,4,YouTube Ads,Paid Video,1,131334,708,5046.96,0,0,0,,,0.0
20260616,2026-06-16,2026-06-15,2026-06-01,4,YouTube Ads,Paid Video,1,108377,375,1995.65,0,0,0,,,0.0
20260617,2026-06-17,2026-06-15,2026-06-01,4,YouTube Ads,Paid Video,1,356527,1375,8685.26,0,0,0,,,0.0
20260623,2026-06-23,2026-06-22,2026-06-01,4,YouTube Ads,Paid Video,1,206009,1042,7721.17,0,0,0,,,0.0
20260627,2026-06-27,2026-06-22,2026-06-01,4,YouTube Ads,Paid Video,1,0,0,0.0,0,0,0,,,
20260101,2026-01-01,2025-12-29,2026-01-01,5,Organic Search,Organic,0,0,0,0.0,10,2,23300,0.0,0.0,
20260102,2026-01-02,2025-12-29,2026-01-01,5,Organic Search,Organic,0,0,0,0.0,4,2,25200,0.0,0.0,
20260104,2026-01-04,2025-12-29,2026-01-01,9,Website Chat,Direct,0,0,0,0.0,3,2,24300,0.0,0.0,
20260104,2026-01-04,2025-12-29,2026-01-01,5,Organic Search,Organic,0,0,0,0.0,3,2,26300,0.0,0.0,
20260109,2026-01-09,2026-01-05,2026-01-01,5,Organic Search,Organic,0,0,0,0.0,7,2,27800,0.0,0.0,
20260117,2026-01-17,2026-01-12,2026-01-01,9,Website Chat,Direct,0,0,0,0.0,6,0,0,0.0,,
20260117,2026-01-17,2026-01-12,2026-01-01,6,Direct,Direct,0,0,0,0.0,9,2,33700,0.0,0.0,
20260118,2026-01-18,2026-01-12,2026-01-01,6,Direct,Direct,0,0,0,0.0,6,1,12200,0.0,0.0,
20260110,2026-01-10,2026-01-05,2026-01-01,9,Website Chat,Direct,0,0,0,0.0,6,1,14000,0.0,0.0,
20260112,2026-01-12,2026-01-12,2026-01-01,8,Partner Website,Referral,0,0,0,0.0,1,1,11700,0.0,0.0,
20260113,2026-01-13,2026-01-12,2026-01-01,9,Website Chat,Direct,0,0,0,0.0,7,3,42100,0.0,0.0,
20260114,2026-01-14,2026-01-12,2026-01-01,5,Organic Search,Organic,0,0,0,0.0,9,4,56400,0.0,0.0,
20260126,2026-01-26,2026-01-26,2026-01-01,6,Direct,Direct,0,0,0,0.0,14,4,60600,0.0,0.0,
20260122,2026-01-22,2026-01-19,2026-01-01,6,Direct,Direct,0,0,0,0.0,12,4,54100,0.0,0.0,
20260124,2026-01-24,2026-01-19,2026-01-01,9,Website Chat,Direct,0,0,0,0.0,7,2,27700,0.0,0.0,
20260125,2026-01-25,2026-01-19,2026-01-01,6,Direct,Direct,0,0,0,0.0,9,2,23800,0.0,0.0,
20260205,2026-02-05,2026-02-02,2026-02-01,6,Direct,Direct,0,0,0,0.0,17,5,64500,0.0,0.0,
20260202,2026-02-02,2026-02-02,2026-02-01,5,Organic Search,Organic,0,0,0,0.0,6,1,16400,0.0,0.0,
20260202,2026-02-02,2026-02-02,2026-02-01,9,Website Chat,Direct,0,0,0,0.0,8,2,24500,0.0,0.0,
20260204,2026-02-04,2026-02-02,2026-02-01,7,Referral,Referral,0,0,0,0.0,3,3,43500,0.0,0.0,
20260214,2026-02-14,2026-02-09,2026-02-01,6,Direct,Direct,0,0,0,0.0,12,4,59400,0.0,0.0,
20260215,2026-02-15,2026-02-09,2026-02-01,9,Website Chat,Direct,0,0,0,0.0,4,0,0,0.0,,
20260208,2026-02-08,2026-02-02,2026-02-01,7,Referral,Referral,0,0,0,0.0,2,2,23900,0.0,0.0,
20260209,2026-02-09,2026-02-09,2026-02-01,8,Partner Website,Referral,0,0,0,0.0,1,1,12400,0.0,0.0,
20260211,2026-02-11,2026-02-09,2026-02-01,6,Direct,Direct,0,0,0,0.0,7,0,0,0.0,,
20260211,2026-02-11,2026-02-09,2026-02-01,5,Organic Search,Organic,0,0,0,0.0,3,1,10100,0.0,0.0,
20260212,2026-02-12,2026-02-09,2026-02-01,9,Website Chat,Direct,0,0,0,0.0,6,3,35400,0.0,0.0,
20260216,2026-02-16,2026-02-16,2026-02-01,5,Organic Search,Organic,0,0,0,0.0,11,4,54200,0.0,0.0,
20260217,2026-02-17,2026-02-16,2026-02-01,8,Partner Website,Referral,0,0,0,0.0,1,1,24000,0.0,0.0,
20260225,2026-02-25,2026-02-23,2026-02-01,8,Partner Website,Referral,0,0,0,0.0,1,1,10200,0.0,0.0,
20260219,2026-02-19,2026-02-16,2026-02-01,9,Website Chat,Direct,0,0,0,0.0,9,3,40700,0.0,0.0,
20260222,2026-02-22,2026-02-16,2026-02-01,5,Organic Search,Organic,0,0,0,0.0,4,1,12400,0.0,0.0,
20260303,2026-03-03,2026-03-02,2026-03-01,5,Organic Search,Organic,0,0,0,0.0,8,3,40200,0.0,0.0,
20260303,2026-03-03,2026-03-02,2026-03-01,9,Website Chat,Direct,0,0,0,0.0,11,3,35100,0.0,0.0,
20260304,2026-03-04,2026-03-02,2026-03-01,8,Partner Website,Referral,0,0,0,0.0,4,4,42100,0.0,0.0,
20260304,2026-03-04,2026-03-02,2026-03-01,6,Direct,Direct,0,0,0,0.0,14,3,45500,0.0,0.0,
20260228,2026-02-28,2026-02-23,2026-02-01,6,Direct,Direct,0,0,0,0.0,13,8,115100,0.0,0.0,
20260306,2026-03-06,2026-03-02,2026-03-01,6,Direct,Direct,0,0,0,0.0,17,7,99000,0.0,0.0,
20260306,2026-03-06,2026-03-02,2026-03-01,7,Referral,Referral,0,0,0,0.0,2,1,15000,0.0,0.0,
20260314,2026-03-14,2026-03-09,2026-03-01,6,Direct,Direct,0,0,0,0.0,17,5,68800,0.0,0.0,
20260310,2026-03-10,2026-03-09,2026-03-01,6,Direct,Direct,0,0,0,0.0,17,5,68700,0.0,0.0,
20260310,2026-03-10,2026-03-09,2026-03-01,7,Referral,Referral,0,0,0,0.0,3,3,45000,0.0,0.0,
20260312,2026-03-12,2026-03-09,2026-03-01,7,Referral,Referral,0,0,0,0.0,2,2,26700,0.0,0.0,
20260313,2026-03-13,2026-03-09,2026-03-01,9,Website Chat,Direct,0,0,0,0.0,4,1,14600,0.0,0.0,
20260320,2026-03-20,2026-03-16,2026-03-01,6,Direct,Direct,0,0,0,0.0,14,3,45600,0.0,0.0,
20260316,2026-03-16,2026-03-16,2026-03-01,5,Organic Search,Organic,0,0,0,0.0,10,5,69400,0.0,0.0,
20260317,2026-03-17,2026-03-16,2026-03-01,9,Website Chat,Direct,0,0,0,0.0,13,4,58400,0.0,0.0,
20260319,2026-03-19,2026-03-16,2026-03-01,9,Website Chat,Direct,0,0,0,0.0,15,3,40000,0.0,0.0,
20260319,2026-03-19,2026-03-16,2026-03-01,8,Partner Website,Referral,0,0,0,0.0,1,1,10600,0.0,0.0,
20260326,2026-03-26,2026-03-23,2026-03-01,5,Organic Search,Organic,0,0,0,0.0,6,1,14700,0.0,0.0,
20260330,2026-03-30,2026-03-30,2026-03-01,5,Organic Search,Organic,0,0,0,0.0,9,4,53500,0.0,0.0,
20260404,2026-04-04,2026-03-30,2026-04-01,9,Website Chat,Direct,0,0,0,0.0,15,3,30000,0.0,0.0,
20260401,2026-04-01,2026-03-30,2026-04-01,6,Direct,Direct,0,0,0,0.0,25,13,178800,0.0,0.0,
20260401,2026-04-01,2026-03-30,2026-04-01,15,Unknown,Other,0,0,0,0.0,1,1,11400,0.0,0.0,
20260402,2026-04-02,2026-03-30,2026-04-01,7,Referral,Referral,0,0,0,0.0,4,4,60900,0.0,0.0,
20260403,2026-04-03,2026-03-30,2026-04-01,5,Organic Search,Organic,0,0,0,0.0,14,5,70400,0.0,0.0,
20260413,2026-04-13,2026-04-13,2026-04-01,6,Direct,Direct,0,0,0,0.0,14,3,40000,0.0,0.0,
20260408,2026-04-08,2026-04-06,2026-04-01,9,Website Chat,Direct,0,0,0,0.0,9,4,60800,0.0,0.0,
20260408,2026-04-08,2026-04-06,2026-04-01,7,Referral,Referral,0,0,0,0.0,1,1,19900,0.0,0.0,
20260410,2026-04-10,2026-04-06,2026-04-01,6,Direct,Direct,0,0,0,0.0,17,5,61000,0.0,0.0,
20260411,2026-04-11,2026-04-06,2026-04-01,5,Organic Search,Organic,0,0,0,0.0,2,1,8400,0.0,0.0,
20260412,2026-04-12,2026-04-06,2026-04-01,7,Referral,Referral,0,0,0,0.0,3,2,28800,0.0,0.0,
20260419,2026-04-19,2026-04-13,2026-04-01,6,Direct,Direct,0,0,0,0.0,21,8,117400,0.0,0.0,
20260419,2026-04-19,2026-04-13,2026-04-01,9,Website Chat,Direct,0,0,0,0.0,7,2,25400,0.0,0.0,
20260421,2026-04-21,2026-04-20,2026-04-01,6,Direct,Direct,0,0,0,0.0,24,10,129200,0.0,0.0,
20260415,2026-04-15,2026-04-13,2026-04-01,9,Website Chat,Direct,0,0,0,0.0,12,2,27500,0.0,0.0,
20260422,2026-04-22,2026-04-20,2026-04-01,9,Website Chat,Direct,0,0,0,0.0,11,3,39400,0.0,0.0,
20260425,2026-04-25,2026-04-20,2026-04-01,7,Referral,Referral,0,0,0,0.0,6,5,69800,0.0,0.0,
20260430,2026-04-30,2026-04-27,2026-04-01,7,Referral,Referral,0,0,0,0.0,6,6,76100,0.0,0.0,
20260504,2026-05-04,2026-05-04,2026-05-01,15,Unknown,Other,0,0,0,0.0,1,1,12000,0.0,0.0,
20260507,2026-05-07,2026-05-04,2026-05-01,8,Partner Website,Referral,0,0,0,0.0,1,1,12000,0.0,0.0,
20260514,2026-05-14,2026-05-11,2026-05-01,9,Website Chat,Direct,0,0,0,0.0,12,3,42000,0.0,0.0,
20260508,2026-05-08,2026-05-04,2026-05-01,9,Website Chat,Direct,0,0,0,0.0,6,4,49300,0.0,0.0,
20260509,2026-05-09,2026-05-04,2026-05-01,5,Organic Search,Organic,0,0,0,0.0,8,2,27000,0.0,0.0,
20260510,2026-05-10,2026-05-04,2026-05-01,6,Direct,Direct,0,0,0,0.0,6,1,11500,0.0,0.0,
20260510,2026-05-10,2026-05-04,2026-05-01,5,Organic Search,Organic,0,0,0,0.0,3,1,11900,0.0,0.0,
20260511,2026-05-11,2026-05-11,2026-05-01,7,Referral,Referral,0,0,0,0.0,3,2,25200,0.0,0.0,
20260512,2026-05-12,2026-05-11,2026-05-01,8,Partner Website,Referral,0,0,0,0.0,3,3,31700,0.0,0.0,
20260529,2026-05-29,2026-05-25,2026-05-01,5,Organic Search,Organic,0,0,0,0.0,9,0,0,0.0,,
20260529,2026-05-29,2026-05-25,2026-05-01,6,Direct,Direct,0,0,0,0.0,17,7,93700,0.0,0.0,
20260612,2026-06-12,2026-06-08,2026-06-01,5,Organic Search,Organic,0,0,0,0.0,8,4,57800,0.0,0.0,
20260614,2026-06-14,2026-06-08,2026-06-01,6,Direct,Direct,0,0,0,0.0,8,3,50200,0.0,0.0,
20260628,2026-06-28,2026-06-22,2026-06-01,7,Referral,Referral,0,0,0,0.0,2,2,23600,0.0,0.0,
20260615,2026-06-15,2026-06-15,2026-06-01,6,Direct,Direct,0,0,0,0.0,15,4,45000,0.0,0.0,
20260615,2026-06-15,2026-06-15,2026-06-01,5,Organic Search,Organic,0,0,0,0.0,3,1,17200,0.0,0.0,
20260515,2026-05-15,2026-05-11,2026-05-01,5,Organic Search,Organic,0,0,0,0.0,5,3,39400,0.0,0.0,
20260530,2026-05-30,2026-05-25,2026-05-01,8,Partner Website,Referral,0,0,0,0.0,1,1,12900,0.0,0.0,
20260517,2026-05-17,2026-05-11,2026-05-01,6,Direct,Direct,0,0,0,0.0,17,5,72300,0.0,0.0,
20260617,2026-06-17,2026-06-15,2026-06-01,8,Partner Website,Referral,0,0,0,0.0,2,2,24500,0.0,0.0,
20260517,2026-05-17,2026-05-11,2026-05-01,5,Organic Search,Organic,0,0,0,0.0,1,0,0,0.0,,
20260618,2026-06-18,2026-06-15,2026-06-01,9,Website Chat,Direct,0,0,0,0.0,7,2,25800,0.0,0.0,
20260618,2026-06-18,2026-06-15,2026-06-01,6,Direct,Direct,0,0,0,0.0,18,4,68200,0.0,0.0,
20260519,2026-05-19,2026-05-18,2026-05-01,15,Unknown,Other,0,0,0,0.0,1,0,0,0.0,,
20260604,2026-06-04,2026-06-01,2026-06-01,7,Referral,Referral,0,0,0,0.0,3,3,38000,0.0,0.0,
20260604,2026-06-04,2026-06-01,2026-06-01,6,Direct,Direct,0,0,0,0.0,15,5,70900,0.0,0.0,
20260619,2026-06-19,2026-06-15,2026-06-01,8,Partner Website,Referral,0,0,0,0.0,2,2,22500,0.0,0.0,
20260619,2026-06-19,2026-06-15,2026-06-01,5,Organic Search,Organic,0,0,0,0.0,5,2,28700,0.0,0.0,
20260620,2026-06-20,2026-06-15,2026-06-01,5,Organic Search,Organic,0,0,0,0.0,3,1,11900,0.0,0.0,
20260606,2026-06-06,2026-06-01,2026-06-01,7,Referral,Referral,0,0,0,0.0,6,4,58200,0.0,0.0,
20260622,2026-06-22,2026-06-22,2026-06-01,6,Direct,Direct,0,0,0,0.0,19,8,112600,0.0,0.0,
20260522,2026-05-22,2026-05-18,2026-05-01,7,Referral,Referral,0,0,0,0.0,6,3,47200,0.0,0.0,
20260524,2026-05-24,2026-05-18,2026-05-01,6,Direct,Direct,0,0,0,0.0,10,3,42800,0.0,0.0,
20260609,2026-06-09,2026-06-08,2026-06-01,9,Website Chat,Direct,0,0,0,0.0,10,3,38500,0.0,0.0,
20260624,2026-06-24,2026-06-22,2026-06-01,7,Referral,Referral,0,0,0,0.0,3,3,39000,0.0,0.0,
20260610,2026-06-10,2026-06-08,2026-06-01,6,Direct,Direct,0,0,0,0.0,17,6,75100,0.0,0.0,
20260625,2026-06-25,2026-06-22,2026-06-01,6,Direct,Direct,0,0,0,0.0,17,3,45100,0.0,0.0,
20260526,2026-05-26,2026-05-25,2026-05-01,7,Referral,Referral,0,0,0,0.0,3,2,22400,0.0,0.0,
20260526,2026-05-26,2026-05-25,2026-05-01,6,Direct,Direct,0,0,0,0.0,13,3,36300,0.0,0.0,
20260627,2026-06-27,2026-06-22,2026-06-01,6,Direct,Direct,0,0,0,0.0,17,5,75200,0.0,0.0,
20260105,2026-01-05,2026-01-05,2026-01-01,3,Meta Ads,Paid Social,1,66230,570,6374.47,0,0,0,,,0.0
20260108,2026-01-08,2026-01-05,2026-01-01,3,Meta Ads,Paid Social,1,91227,657,6654.44,0,0,0,,,0.0
20260111,2026-01-11,2026-01-05,2026-01-01,3,Meta Ads,Paid Social,1,84662,730,9021.12,0,0,0,,,0.0
20260120,2026-01-20,2026-01-19,2026-01-01,3,Meta Ads,Paid Social,1,37918,287,2434.98,0,0,0,,,0.0
20260122,2026-01-22,2026-01-19,2026-01-01,3,Meta Ads,Paid Social,1,40324,304,2743.08,0,0,0,,,0.0
20260125,2026-01-25,2026-01-19,2026-01-01,3,Meta Ads,Paid Social,1,49989,404,3292.1,0,0,0,,,0.0
20260203,2026-02-03,2026-02-02,2026-02-01,3,Meta Ads,Paid Social,1,28317,400,4288.91,0,0,0,,,0.0
20260218,2026-02-18,2026-02-16,2026-02-01,3,Meta Ads,Paid Social,1,117545,1040,13509.18,0,0,0,,,0.0
20260222,2026-02-22,2026-02-16,2026-02-01,3,Meta Ads,Paid Social,1,81663,763,8349.85,0,0,0,,,0.0
20260225,2026-02-25,2026-02-23,2026-02-01,3,Meta Ads,Paid Social,1,63971,564,5782.51,0,0,0,,,0.0
20260301,2026-03-01,2026-02-23,2026-03-01,3,Meta Ads,Paid Social,1,62245,589,7174.21,0,0,0,,,0.0
20260304,2026-03-04,2026-03-02,2026-03-01,3,Meta Ads,Paid Social,1,75234,667,7083.94,0,0,0,,,0.0
20260311,2026-03-11,2026-03-09,2026-03-01,3,Meta Ads,Paid Social,1,70831,638,7467.4,1,1,18200,7467.4,7467.4,2.4373
20260329,2026-03-29,2026-03-23,2026-03-01,3,Meta Ads,Paid Social,1,88045,766,8613.18,0,0,0,,,0.0
20260412,2026-04-12,2026-04-06,2026-04-01,3,Meta Ads,Paid Social,1,74630,866,13716.6,1,1,14500,13716.6,13716.6,1.0571
20260420,2026-04-20,2026-04-20,2026-04-01,3,Meta Ads,Paid Social,1,34541,399,5568.93,0,0,0,,,0.0
20260422,2026-04-22,2026-04-20,2026-04-01,3,Meta Ads,Paid Social,1,28630,377,5268.5,1,0,0,5268.5,,0.0
20260430,2026-04-30,2026-04-27,2026-04-01,3,Meta Ads,Paid Social,1,43686,524,7825.2,3,0,0,2608.4,,0.0
20260511,2026-05-11,2026-05-11,2026-05-01,3,Meta Ads,Paid Social,1,50699,617,9005.46,0,0,0,,,0.0
20260515,2026-05-15,2026-05-11,2026-05-01,3,Meta Ads,Paid Social,1,27606,342,5211.23,0,0,0,,,0.0
20260621,2026-06-21,2026-06-15,2026-06-01,3,Meta Ads,Paid Social,1,64113,839,11351.61,1,0,0,11351.61,,0.0
20260622,2026-06-22,2026-06-22,2026-06-01,3,Meta Ads,Paid Social,1,36731,444,6835.32,0,0,0,,,0.0
20260626,2026-06-26,2026-06-22,2026-06-01,3,Meta Ads,Paid Social,1,17653,228,2973.59,0,0,0,,,0.0
20260109,2026-01-09,2026-01-05,2026-01-01,1,Google Ads,Paid Search,1,10881,483,32069.93,12,5,62100,2672.49,6413.99,1.9364
20260114,2026-01-14,2026-01-12,2026-01-01,1,Google Ads,Paid Search,1,11188,495,31163.94,16,8,113500,1947.75,3895.49,3.642
20260118,2026-01-18,2026-01-12,2026-01-01,1,Google Ads,Paid Search,1,7972,356,26742.92,8,2,33400,3342.87,13371.46,1.2489
20260126,2026-01-26,2026-01-26,2026-01-01,1,Google Ads,Paid Search,1,14528,662,40402.02,14,6,81900,2885.86,6733.67,2.0271
20260205,2026-02-05,2026-02-02,2026-02-01,1,Google Ads,Paid Search,1,18341,863,58594.05,20,6,75300,2929.7,9765.68,1.2851
20260215,2026-02-15,2026-02-09,2026-02-01,1,Google Ads,Paid Search,1,11991,521,33311.52,11,5,59500,3028.32,6662.3,1.7862
20260322,2026-03-22,2026-03-16,2026-03-01,1,Google Ads,Paid Search,1,13511,598,36526.25,11,3,46400,3320.57,12175.42,1.2703
20260328,2026-03-28,2026-03-23,2026-03-01,1,Google Ads,Paid Search,1,20553,833,47485.31,21,7,90000,2261.21,6783.62,1.8953
20260402,2026-04-02,2026-03-30,2026-04-01,1,Google Ads,Paid Search,1,33580,1259,75673.1,33,13,177900,2293.12,5821.01,2.3509
20260403,2026-04-03,2026-03-30,2026-04-01,1,Google Ads,Paid Search,1,18729,746,50505.36,20,6,74700,2525.27,8417.56,1.4791
20260409,2026-04-09,2026-04-06,2026-04-01,1,Google Ads,Paid Search,1,22765,800,50084.84,19,10,155900,2636.04,5008.48,3.1127
20260419,2026-04-19,2026-04-13,2026-04-01,1,Google Ads,Paid Search,1,17633,700,45577.19,14,4,50400,3255.51,11394.3,1.1058
20260428,2026-04-28,2026-04-27,2026-04-01,1,Google Ads,Paid Search,1,22975,1003,63683.02,17,7,91000,3746.06,9097.57,1.429
20260430,2026-04-30,2026-04-27,2026-04-01,1,Google Ads,Paid Search,1,28200,1063,67463.92,15,8,122400,4497.59,8432.99,1.8143
20260520,2026-05-20,2026-05-18,2026-05-01,1,Google Ads,Paid Search,1,22213,864,52368.88,22,9,113700,2380.4,5818.76,2.1711
20260601,2026-06-01,2026-06-01,2026-06-01,1,Google Ads,Paid Search,1,14998,560,31123.78,11,4,52300,2829.43,7780.95,1.6804
20260602,2026-06-02,2026-06-01,2026-06-01,1,Google Ads,Paid Search,1,20176,802,49748.87,15,1,11800,3316.59,49748.87,0.2372
20260131,2026-01-31,2026-01-26,2026-01-01,2,Microsoft Ads,Paid Search,1,0,0,0.0,0,0,0,,,
20260203,2026-02-03,2026-02-02,2026-02-01,2,Microsoft Ads,Paid Search,1,175,17,247.22,0,0,0,,,0.0
20260304,2026-03-04,2026-03-02,2026-03-01,2,Microsoft Ads,Paid Search,1,950,75,1792.44,0,0,0,,,0.0
20260306,2026-03-06,2026-03-02,2026-03-01,2,Microsoft Ads,Paid Search,1,856,58,1439.04,0,0,0,,,0.0
20260308,2026-03-08,2026-03-02,2026-03-01,2,Microsoft Ads,Paid Search,1,1317,83,2427.55,0,0,0,,,0.0
20260309,2026-03-09,2026-03-09,2026-03-01,2,Microsoft Ads,Paid Search,1,666,42,1161.83,0,0,0,,,0.0
20260314,2026-03-14,2026-03-09,2026-03-01,2,Microsoft Ads,Paid Search,1,658,42,1442.59,0,0,0,,,0.0
20260318,2026-03-18,2026-03-16,2026-03-01,2,Microsoft Ads,Paid Search,1,1690,117,2979.08,0,0,0,,,0.0
20260319,2026-03-19,2026-03-16,2026-03-01,2,Microsoft Ads,Paid Search,1,1009,50,1972.23,0,0,0,,,0.0
20260321,2026-03-21,2026-03-16,2026-03-01,2,Microsoft Ads,Paid Search,1,2405,133,4002.78,0,0,0,,,0.0
20260322,2026-03-22,2026-03-16,2026-03-01,2,Microsoft Ads,Paid Search,1,1494,100,2722.3,0,0,0,,,0.0
20260331,2026-03-31,2026-03-30,2026-03-01,2,Microsoft Ads,Paid Search,1,2098,142,3865.73,0,0,0,,,0.0
20260405,2026-04-05,2026-03-30,2026-04-01,2,Microsoft Ads,Paid Search,1,327,33,568.38,0,0,0,,,0.0
20260406,2026-04-06,2026-04-06,2026-04-01,2,Microsoft Ads,Paid Search,1,991,50,1739.34,0,0,0,,,0.0
20260421,2026-04-21,2026-04-20,2026-04-01,2,Microsoft Ads,Paid Search,1,2045,117,4474.9,0,0,0,,,0.0
20260425,2026-04-25,2026-04-20,2026-04-01,2,Microsoft Ads,Paid Search,1,1396,83,2612.96,0,0,0,,,0.0
20260429,2026-04-29,2026-04-27,2026-04-01,2,Microsoft Ads,Paid Search,1,2857,142,4278.61,0,0,0,,,0.0
20260601,2026-06-01,2026-06-01,2026-06-01,2,Microsoft Ads,Paid Search,1,168,17,235.06,0,0,0,,,0.0
20260608,2026-06-08,2026-06-08,2026-06-01,2,Microsoft Ads,Paid Search,1,1042,75,1993.46,0,0,0,,,0.0
20260622,2026-06-22,2026-06-22,2026-06-01,2,Microsoft Ads,Paid Search,1,473,25,981.79,0,0,0,,,0.0
20260116,2026-01-16,2026-01-12,2026-01-01,4,YouTube Ads,Paid Video,1,162700,625,3669.24,0,0,0,,,0.0
20260123,2026-01-23,2026-01-19,2026-01-01,4,YouTube Ads,Paid Video,1,299613,1125,7146.07,0,0,0,,,0.0
20260129,2026-01-29,2026-01-26,2026-01-01,4,YouTube Ads,Paid Video,1,189499,750,4432.68,0,0,0,,,0.0
20260202,2026-02-02,2026-02-02,2026-02-01,4,YouTube Ads,Paid Video,1,249175,1000,6556.9,0,0,0,,,0.0
20260203,2026-02-03,2026-02-02,2026-02-01,4,YouTube Ads,Paid Video,1,363936,1500,8532.32,0,0,0,,,0.0
20260216,2026-02-16,2026-02-16,2026-02-01,4,YouTube Ads,Paid Video,1,197434,750,4263.76,0,0,0,,,0.0
20260224,2026-02-24,2026-02-23,2026-02-01,4,YouTube Ads,Paid Video,1,334477,1375,7593.95,0,0,0,,,0.0
20260304,2026-03-04,2026-03-02,2026-03-01,4,YouTube Ads,Paid Video,1,196000,1042,8607.01,0,0,0,,,0.0
20260305,2026-03-05,2026-03-02,2026-03-01,4,YouTube Ads,Paid Video,1,158827,833,7439.77,0,0,0,,,0.0
20260321,2026-03-21,2026-03-16,2026-03-01,4,YouTube Ads,Paid Video,1,188100,875,6268.16,0,0,0,,,0.0
20260324,2026-03-24,2026-03-23,2026-03-01,4,YouTube Ads,Paid Video,1,205907,958,7288.78,0,0,0,,,0.0
20260330,2026-03-30,2026-03-30,2026-03-01,4,YouTube Ads,Paid Video,1,298232,1417,9901.0,0,0,0,,,0.0
20260415,2026-04-15,2026-04-13,2026-04-01,4,YouTube Ads,Paid Video,1,116798,625,4959.57,0,0,0,,,0.0
20260503,2026-05-03,2026-04-27,2026-05-01,4,YouTube Ads,Paid Video,1,246124,1250,9401.27,0,0,0,,,0.0
20260509,2026-05-09,2026-05-04,2026-05-01,4,YouTube Ads,Paid Video,1,340049,1458,10670.31,0,0,0,,,0.0
20260525,2026-05-25,2026-05-25,2026-05-01,4,YouTube Ads,Paid Video,1,204754,1042,9046.55,0,0,0,,,0.0
20260604,2026-06-04,2026-06-01,2026-06-01,4,YouTube Ads,Paid Video,1,166909,917,7911.22,0,0,0,,,0.0
20260606,2026-06-06,2026-06-01,2026-06-01,4,YouTube Ads,Paid Video,1,283704,1375,11167.7,0,0,0,,,0.0
20260614,2026-06-14,2026-06-08,2026-06-01,4,YouTube Ads,Paid Video,1,255479,1125,8112.98,0,0,0,,,0.0
20260618,2026-06-18,2026-06-15,2026-06-01,4,YouTube Ads,Paid Video,1,72742,333,2278.41,0,0,0,,,0.0
20260621,2026-06-21,2026-06-15,2026-06-01,4,YouTube Ads,Paid Video,1,139952,583,3501.91,0,0,0,,,0.0
20260106,2026-01-06,2026-01-05,2026-01-01,9,Website Chat,Direct,0,0,0,0.0,11,5,70200,0.0,0.0,
20260106,2026-01-06,2026-01-05,2026-01-01,7,Referral,Referral,0,0,0,0.0,2,1,15300,0.0,0.0,
20260103,2026-01-03,2025-12-29,2026-01-01,6,Direct,Direct,0,0,0,0.0,7,1,16200,0.0,0.0,
20260103,2026-01-03,2025-12-29,2026-01-01,7,Referral,Referral,0,0,0,0.0,2,2,26200,0.0,0.0,
20260104,2026-01-04,2025-12-29,2026-01-01,7,Referral,Referral,0,0,0,0.0,3,3,37100,0.0,0.0,
20260104,2026-01-04,2025-12-29,2026-01-01,6,Direct,Direct,0,0,0,0.0,7,2,30000,0.0,0.0,
20260116,2026-01-16,2026-01-12,2026-01-01,5,Organic Search,Organic,0,0,0,0.0,2,1,12200,0.0,0.0,
20260117,2026-01-17,2026-01-12,2026-01-01,10,Click2Call,Direct,0,0,0,0.0,1,0,0,0.0,,
20260119,2026-01-19,2026-01-19,2026-01-01,9,Website Chat,Direct,0,0,0,0.0,7,5,70700,0.0,0.0,
20260110,2026-01-10,2026-01-05,2026-01-01,5,Organic Search,Organic,0,0,0,0.0,2,0,0,0.0,,
20260110,2026-01-10,2026-01-05,2026-01-01,8,Partner Website,Referral,0,0,0,0.0,1,1,11000,0.0,0.0,
20260111,2026-01-11,2026-01-05,2026-01-01,9,Website Chat,Direct,0,0,0,0.0,4,1,11600,0.0,0.0,
20260112,2026-01-12,2026-01-12,2026-01-01,6,Direct,Direct,0,0,0,0.0,14,5,69900,0.0,0.0,
20260115,2026-01-15,2026-01-12,2026-01-01,6,Direct,Direct,0,0,0,0.0,9,3,42900,0.0,0.0,
20260115,2026-01-15,2026-01-12,2026-01-01,5,Organic Search,Organic,0,0,0,0.0,2,1,11900,0.0,0.0,
20260126,2026-01-26,2026-01-26,2026-01-01,9,Website Chat,Direct,0,0,0,0.0,10,2,24700,0.0,0.0,
20260127,2026-01-27,2026-01-26,2026-01-01,9,Website Chat,Direct,0,0,0,0.0,6,0,0,0.0,,
20260128,2026-01-28,2026-01-26,2026-01-01,7,Referral,Referral,0,0,0,0.0,5,4,55800,0.0,0.0,
20260128,2026-01-28,2026-01-26,2026-01-01,9,Website Chat,Direct,0,0,0,0.0,6,3,34500,0.0,0.0,
20260121,2026-01-21,2026-01-19,2026-01-01,7,Referral,Referral,0,0,0,0.0,1,1,12600,0.0,0.0,
20260122,2026-01-22,2026-01-19,2026-01-01,5,Organic Search,Organic,0,0,0,0.0,7,1,13600,0.0,0.0,
20260124,2026-01-24,2026-01-19,2026-01-01,7,Referral,Referral,0,0,0,0.0,4,3,41100,0.0,0.0,
20260125,2026-01-25,2026-01-19,2026-01-01,9,Website Chat,Direct,0,0,0,0.0,7,0,0,0.0,,
20260125,2026-01-25,2026-01-19,2026-01-01,5,Organic Search,Organic,0,0,0,0.0,5,0,0,0.0,,
20260125,2026-01-25,2026-01-19,2026-01-01,8,Partner Website,Referral,0,0,0,0.0,2,2,25000,0.0,0.0,
20260126,2026-01-26,2026-01-26,2026-01-01,8,Partner Website,Referral,0,0,0,0.0,1,1,13700,0.0,0.0,
20260130,2026-01-30,2026-01-26,2026-01-01,9,Website Chat,Direct,0,0,0,0.0,8,4,50100,0.0,0.0,
20260202,2026-02-02,2026-02-02,2026-02-01,8,Partner Website,Referral,0,0,0,0.0,2,2,28100,0.0,0.0,
20260202,2026-02-02,2026-02-02,2026-02-01,6,Direct,Direct,0,0,0,0.0,11,4,62700,0.0,0.0,
20260203,2026-02-03,2026-02-02,2026-02-01,5,Organic Search,Organic,0,0,0,0.0,8,2,27800,0.0,0.0,
20260204,2026-02-04,2026-02-02,2026-02-01,6,Direct,Direct,0,0,0,0.0,22,5,67000,0.0,0.0,
20260204,2026-02-04,2026-02-02,2026-02-01,5,Organic Search,Organic,0,0,0,0.0,4,3,50500,0.0,0.0,
20260213,2026-02-13,2026-02-09,2026-02-01,7,Referral,Referral,0,0,0,0.0,3,2,23700,0.0,0.0,
20260214,2026-02-14,2026-02-09,2026-02-01,5,Organic Search,Organic,0,0,0,0.0,9,2,29400,0.0,0.0,
20260208,2026-02-08,2026-02-02,2026-02-01,9,Website Chat,Direct,0,0,0,0.0,6,1,11500,0.0,0.0,
20260208,2026-02-08,2026-02-02,2026-02-01,5,Organic Search,Organic,0,0,0,0.0,2,1,12400,0.0,0.0,
20260210,2026-02-10,2026-02-09,2026-02-01,9,Website Chat,Direct,0,0,0,0.0,13,4,47400,0.0,0.0,
20260210,2026-02-10,2026-02-09,2026-02-01,6,Direct,Direct,0,0,0,0.0,8,1,15000,0.0,0.0,
20260212,2026-02-12,2026-02-09,2026-02-01,7,Referral,Referral,0,0,0,0.0,5,4,55700,0.0,0.0,
20260217,2026-02-17,2026-02-16,2026-02-01,6,Direct,Direct,0,0,0,0.0,7,2,30900,0.0,0.0,
20260224,2026-02-24,2026-02-23,2026-02-01,6,Direct,Direct,0,0,0,0.0,16,3,52200,0.0,0.0,
20260219,2026-02-19,2026-02-16,2026-02-01,7,Referral,Referral,0,0,0,0.0,2,2,32500,0.0,0.0,
20260220,2026-02-20,2026-02-16,2026-02-01,8,Partner Website,Referral,0,0,0,0.0,1,1,10500,0.0,0.0,
20260223,2026-02-23,2026-02-23,2026-02-01,9,Website Chat,Direct,0,0,0,0.0,6,0,0,0.0,,
20260309,2026-03-09,2026-03-09,2026-03-01,9,Website Chat,Direct,0,0,0,0.0,13,2,23100,0.0,0.0,
20260309,2026-03-09,2026-03-09,2026-03-01,7,Referral,Referral,0,0,0,0.0,5,4,48700,0.0,0.0,
20260312,2026-03-12,2026-03-09,2026-03-01,9,Website Chat,Direct,0,0,0,0.0,7,1,15900,0.0,0.0,
20260321,2026-03-21,2026-03-16,2026-03-01,9,Website Chat,Direct,0,0,0,0.0,5,2,23300,0.0,0.0,
20260322,2026-03-22,2026-03-16,2026-03-01,9,Website Chat,Direct,0,0,0,0.0,6,0,0,0.0,,
20260323,2026-03-23,2026-03-23,2026-03-01,7,Referral,Referral,0,0,0,0.0,3,2,27400,0.0,0.0,
20260316,2026-03-16,2026-03-16,2026-03-01,6,Direct,Direct,0,0,0,0.0,14,3,36300,0.0,0.0,
20260318,2026-03-18,2026-03-16,2026-03-01,8,Partner Website,Referral,0,0,0,0.0,2,2,29400,0.0,0.0,
20260324,2026-03-24,2026-03-23,2026-03-01,6,Direct,Direct,0,0,0,0.0,18,7,97300,0.0,0.0,
20260328,2026-03-28,2026-03-23,2026-03-01,7,Referral,Referral,0,0,0,0.0,6,3,39100,0.0,0.0,
20260329,2026-03-29,2026-03-23,2026-03-01,5,Organic Search,Organic,0,0,0,0.0,6,1,11900,0.0,0.0,
20260330,2026-03-30,2026-03-30,2026-03-01,7,Referral,Referral,0,0,0,0.0,6,4,54500,0.0,0.0,
20260402,2026-04-02,2026-03-30,2026-04-01,6,Direct,Direct,0,0,0,0.0,25,11,156900,0.0,0.0,
20260402,2026-04-02,2026-03-30,2026-04-01,8,Partner Website,Referral,0,0,0,0.0,3,3,42200,0.0,0.0,
20260407,2026-04-07,2026-04-06,2026-04-01,9,Website Chat,Direct,0,0,0,0.0,16,2,27200,0.0,0.0,
20260413,2026-04-13,2026-04-13,2026-04-01,9,Website Chat,Direct,0,0,0,0.0,11,3,42000,0.0,0.0,
20260413,2026-04-13,2026-04-13,2026-04-01,8,Partner Website,Referral,0,0,0,0.0,2,1,9500,0.0,0.0,
20260414,2026-04-14,2026-04-13,2026-04-01,7,Referral,Referral,0,0,0,0.0,8,8,120600,0.0,0.0,
20260414,2026-04-14,2026-04-13,2026-04-01,8,Partner Website,Referral,0,0,0,0.0,1,1,11000,0.0,0.0,
20260418,2026-04-18,2026-04-13,2026-04-01,5,Organic Search,Organic,0,0,0,0.0,9,7,100400,0.0,0.0,
20260423,2026-04-23,2026-04-20,2026-04-01,6,Direct,Direct,0,0,0,0.0,9,0,0,0.0,,
20260423,2026-04-23,2026-04-20,2026-04-01,5,Organic Search,Organic,0,0,0,0.0,7,5,77600,0.0,0.0,
20260429,2026-04-29,2026-04-27,2026-04-01,9,Website Chat,Direct,0,0,0,0.0,21,8,95900,0.0,0.0,
20260429,2026-04-29,2026-04-27,2026-04-01,7,Referral,Referral,0,0,0,0.0,3,3,43700,0.0,0.0,
20260429,2026-04-29,2026-04-27,2026-04-01,5,Organic Search,Organic,0,0,0,0.0,8,2,27400,0.0,0.0,
20260425,2026-04-25,2026-04-20,2026-04-01,15,Unknown,Other,0,0,0,0.0,1,0,0,0.0,,
20260428,2026-04-28,2026-04-27,2026-04-01,6,Direct,Direct,0,0,0,0.0,13,3,51500,0.0,0.0,
20260506,2026-05-06,2026-05-04,2026-05-01,9,Website Chat,Direct,0,0,0,0.0,14,3,39800,0.0,0.0,
20260430,2026-04-30,2026-04-27,2026-04-01,9,Website Chat,Direct,0,0,0,0.0,8,2,30000,0.0,0.0,
20260501,2026-05-01,2026-04-27,2026-05-01,5,Organic Search,Organic,0,0,0,0.0,7,2,26300,0.0,0.0,
20260503,2026-05-03,2026-04-27,2026-05-01,7,Referral,Referral,0,0,0,0.0,2,1,16600,0.0,0.0,
20260507,2026-05-07,2026-05-04,2026-05-01,7,Referral,Referral,0,0,0,0.0,6,6,72200,0.0,0.0,
20260513,2026-05-13,2026-05-11,2026-05-01,6,Direct,Direct,0,0,0,0.0,17,5,65200,0.0,0.0,
20260513,2026-05-13,2026-05-11,2026-05-01,9,Website Chat,Direct,0,0,0,0.0,16,5,55000,0.0,0.0,
20260511,2026-05-11,2026-05-11,2026-05-01,6,Direct,Direct,0,0,0,0.0,17,9,119900,0.0,0.0,
20260513,2026-05-13,2026-05-11,2026-05-01,7,Referral,Referral,0,0,0,0.0,3,3,35700,0.0,0.0,
20260528,2026-05-28,2026-05-25,2026-05-01,6,Direct,Direct,0,0,0,0.0,22,10,141800,0.0,0.0,
20260528,2026-05-28,2026-05-25,2026-05-01,15,Unknown,Other,0,0,0,0.0,1,0,0,0.0,,
20260529,2026-05-29,2026-05-25,2026-05-01,8,Partner Website,Referral,0,0,0,0.0,1,1,13600,0.0,0.0,
20260614,2026-06-14,2026-06-08,2026-06-01,9,Website Chat,Direct,0,0,0,0.0,11,4,62000,0.0,0.0,
20260628,2026-06-28,2026-06-22,2026-06-01,6,Direct,Direct,0,0,0,0.0,17,3,43400,0.0,0.0,
20260629,2026-06-29,2026-06-29,2026-06-01,6,Direct,Direct,0,0,0,0.0,18,7,95600,0.0,0.0,
20260530,2026-05-30,2026-05-25,2026-05-01,7,Referral,Referral,0,0,0,0.0,4,4,55100,0.0,0.0,
20260516,2026-05-16,2026-05-11,2026-05-01,8,Partner Website,Referral,0,0,0,0.0,2,2,28100,0.0,0.0,
20260602,2026-06-02,2026-06-01,2026-06-01,15,Unknown,Other,0,0,0,0.0,1,1,16300,0.0,0.0,
20260603,2026-06-03,2026-06-01,2026-06-01,5,Organic Search,Organic,0,0,0,0.0,12,6,73000,0.0,0.0,
20260519,2026-05-19,2026-05-18,2026-05-01,7,Referral,Referral,0,0,0,0.0,6,3,45000,0.0,0.0,
20260619,2026-06-19,2026-06-15,2026-06-01,7,Referral,Referral,0,0,0,0.0,5,3,41600,0.0,0.0,
20260619,2026-06-19,2026-06-15,2026-06-01,6,Direct,Direct,0,0,0,0.0,25,10,141500,0.0,0.0,
20260520,2026-05-20,2026-05-18,2026-05-01,5,Organic Search,Organic,0,0,0,0.0,10,5,61500,0.0,0.0,
20260605,2026-06-05,2026-06-01,2026-06-01,7,Referral,Referral,0,0,0,0.0,3,2,26600,0.0,0.0,
20260606,2026-06-06,2026-06-01,2026-06-01,9,Website Chat,Direct,0,0,0,0.0,12,5,69400,0.0,0.0,
20260621,2026-06-21,2026-06-15,2026-06-01,5,Organic Search,Organic,0,0,0,0.0,3,1,14700,0.0,0.0,
20260606,2026-06-06,2026-06-01,2026-06-01,8,Partner Website,Referral,0,0,0,0.0,1,1,11900,0.0,0.0,
20260607,2026-06-07,2026-06-01,2026-06-01,6,Direct,Direct,0,0,0,0.0,16,3,42900,0.0,0.0,
20260523,2026-05-23,2026-05-18,2026-05-01,5,Organic Search,Organic,0,0,0,0.0,6,1,12000,0.0,0.0,
20260610,2026-06-10,2026-06-08,2026-06-01,9,Website Chat,Direct,0,0,0,0.0,7,1,9500,0.0,0.0,
20260625,2026-06-25,2026-06-22,2026-06-01,9,Website Chat,Direct,0,0,0,0.0,11,2,23500,0.0,0.0,
20260626,2026-06-26,2026-06-22,2026-06-01,6,Direct,Direct,0,0,0,0.0,25,9,137600,0.0,0.0,
